Protein_ID,Localizations,Signals,Membrane types,Cytoplasm,Nucleus,Extracellular,Cell membrane,Mitochondrion,Plastid,Endoplasmic reticulum,Lysosome/Vacuole,Golgi apparatus,Peroxisome,Peripheral,Transmembrane,Lipid anchor,Soluble
DF239687.1_K04564_210fd9cb_with_leader_u55_PF00081_M_to_K04564_203,Golgi apparatus,,Peripheral,0.10540000349283218,0.03220000118017197,0.17589999735355377,0.07169999927282333,0.17520000040531158,0.1177000030875206,0.20340000092983246,0.19869999587535858,0.46639999747276306,0.0034000000450760126,0.7415000200271606,0.24269999563694,0.14149999618530273,0.3345000147819519
DF239687.1_K04564_210fd9cb_with_leader_u39_PF00081_M_to_K04564_203,Plastid,,Peripheral,0.07320000231266022,0.02070000022649765,0.16500000655651093,0.07649999856948853,0.22789999842643738,0.4323999881744385,0.15129999816417694,0.08489999920129776,0.16930000483989716,0.005799999926239252,0.8452000021934509,0.19359999895095825,0.21070000529289246,0.36890000104904175
DF239687.1_K04564_387475d1_with_leader_u55_PF00081_M_to_K04564_203,Golgi apparatus,,Peripheral,0.09849999845027924,0.033799998462200165,0.17560000717639923,0.06970000267028809,0.17820000648498535,0.12839999794960022,0.19509999454021454,0.18050000071525574,0.44609999656677246,0.003800000064074993,0.7533000111579895,0.2345000058412552,0.1404999941587448,0.33489999175071716
DF239687.1_K04564_387475d1_with_leader_u39_PF00081_M_to_K04564_203,Plastid,,Peripheral,0.07400000095367432,0.020999999716877937,0.17190000414848328,0.07760000228881836,0.2379000037908554,0.4230000078678131,0.12729999423027039,0.07450000196695328,0.15880000591278076,0.005400000140070915,0.8450999855995178,0.18979999423027039,0.19629999995231628,0.3783000111579895
DF239687.1_K04564_8557d9bb_with_leader_u55_PF00081_M_to_K04564_203,Golgi apparatus,,Peripheral,0.10019999742507935,0.03319999948143959,0.17759999632835388,0.07259999960660934,0.18529999256134033,0.1168999969959259,0.21250000596046448,0.20260000228881836,0.4587000012397766,0.003100000089034438,0.7384999990463257,0.23899999260902405,0.14830000698566437,0.3310999870300293
DF239687.1_K04564_8557d9bb_with_leader_u39_PF00081_M_to_K04564_203,Plastid,,Peripheral,0.07069999724626541,0.021900000050663948,0.15809999406337738,0.07479999959468842,0.2371000051498413,0.4052000045776367,0.14069999754428864,0.08889999985694885,0.16410000622272491,0.005799999926239252,0.8309999704360962,0.19280000030994415,0.21639999747276306,0.36550000309944153
LSRX01000795.1_K04564_1fcb6a32_with_leader_u60_PF00081_M_to_K04564_198,Golgi apparatus,,Peripheral,0.08869999647140503,0.030300000682473183,0.1476999968290329,0.09189999848604202,0.18000000715255737,0.1266999989748001,0.1882999986410141,0.16979999840259552,0.539900004863739,0.005100000184029341,0.6783000230789185,0.3197000026702881,0.17790000140666962,0.2782000005245209
LSRX01000795.1_K04564_1fcb6a32_with_leader_u36_PF00081_M_to_K04564_198,Plastid,,Peripheral,0.07880000025033951,0.023800000548362732,0.16699999570846558,0.0851999968290329,0.3582000136375427,0.6219000220298767,0.12880000472068787,0.06960000097751617,0.09719999879598618,0.0272000003606081,0.7473000288009644,0.225600004196167,0.24609999358654022,0.3449000120162964
OLP79028.1_with_leader_u63_PF00081_M_to_K04564_1017,Extracellular,Signal peptide,Soluble,0.12950000166893005,0.05119999870657921,0.7547000050544739,0.10409999638795853,0.10520000010728836,0.03139999881386757,0.38339999318122864,0.48890000581741333,0.3596999943256378,0.007300000172108412,0.5289999842643738,0.10760000348091125,0.053199999034404755,0.7653999924659729
OLP79028.1_with_leader_u20_PF00081_M_to_K04564_1017,Extracellular|Lysosome/Vacuole,Signal peptide,Soluble,0.10869999974966049,0.029500000178813934,0.8532999753952026,0.09480000287294388,0.09390000253915787,0.014499999582767487,0.30480000376701355,0.6032000184059143,0.4228000044822693,0.002899999963119626,0.5509999990463257,0.0820000022649765,0.04190000146627426,0.7797999978065491
OLP88777.1_with_leader_u60_PF00081_M_to_K04564_1935,Golgi apparatus,Signal peptide,Peripheral,0.08810000121593475,0.026499999687075615,0.18250000476837158,0.07959999889135361,0.16459999978542328,0.09210000187158585,0.21410000324249268,0.19030000269412994,0.5479000210762024,0.006200000178068876,0.7294999957084656,0.258899986743927,0.13189999759197235,0.29660001397132874
OLP88777.1_with_leader_u36_PF00081_M_to_K04564_1935,Plastid,,Peripheral,0.07190000265836716,0.01600000075995922,0.2515999972820282,0.07190000265836716,0.3230000138282776,0.5435000061988831,0.1639000028371811,0.07490000128746033,0.14730000495910645,0.014000000432133675,0.830299973487854,0.19120000302791595,0.257099986076355,0.31790000200271606
OLP99006.1_with_leader_u58_PF00081_M_to_K04564_1204,Golgi apparatus,Signal peptide,Peripheral,0.09679999947547913,0.02969999983906746,0.17759999632835388,0.09000000357627869,0.15850000083446503,0.053199999034404755,0.2078000009059906,0.17509999871253967,0.4900999963283539,0.004699999932199717,0.7117999792098999,0.27900001406669617,0.10760000348091125,0.28369998931884766
BGNK01003376.1_K04564_a3776c6c_with_leader_u60_PF00081_M_to_K04564_198,Golgi apparatus,,Peripheral,0.0925000011920929,0.03240000084042549,0.14429999887943268,0.1023000031709671,0.16750000417232513,0.13030000030994415,0.19519999623298645,0.1703999936580658,0.5170999765396118,0.004999999888241291,0.6478000283241272,0.36500000953674316,0.1746000051498413,0.2572000026702881
BGNK01003376.1_K04564_a3776c6c_with_leader_u36_PF00081_M_to_K04564_198,Plastid,,Peripheral,0.0794999971985817,0.027899999171495438,0.2451999932527542,0.0877000018954277,0.34310001134872437,0.6478999853134155,0.10840000212192535,0.06350000202655792,0.09529999643564224,0.041999999433755875,0.7491000294685364,0.2215999960899353,0.17829999327659607,0.376800000667572
BGNK01003376.1_K04564_a3776c6c_with_leader_u31_PF00081_M_to_K04564_198,Plastid,,Peripheral|Soluble,0.08470000326633453,0.028999999165534973,0.47360000014305115,0.13830000162124634,0.4255000054836273,0.8449000120162964,0.11940000206232071,0.05719999969005585,0.06159999966621399,0.08910000324249268,0.7168999910354614,0.1680999994277954,0.08980000019073486,0.5230000019073486
BGPT01000358.1_K04564_070be8c8_with_leader_u54_PF00081_M_to_K04564_203,Golgi apparatus,Signal peptide,Peripheral,0.11420000344514847,0.03220000118017197,0.1745000034570694,0.07569999992847443,0.20440000295639038,0.08820000290870667,0.2865000069141388,0.22529999911785126,0.4731000065803528,0.0035000001080334187,0.7918000221252441,0.2623000144958496,0.1565999984741211,0.3154999911785126
BGPT01000358.1_K04564_070be8c8_with_leader_u34_PF00081_M_to_K04564_203,Plastid,,Peripheral,0.07010000199079514,0.027899999171495438,0.30090001225471497,0.04879999905824661,0.32199999690055847,0.6735000014305115,0.07620000094175339,0.06400000303983688,0.09239999949932098,0.02669999934732914,0.8375999927520752,0.18809999525547028,0.15530000627040863,0.44440001249313354
BGPT01004387.1_K04564_42ae3337_with_leader_u55_PF00081_M_to_K04564_204,Golgi apparatus,Signal peptide,Peripheral,0.10989999771118164,0.032600000500679016,0.19030000269412994,0.07000000029802322,0.20479999482631683,0.09709999710321426,0.25380000472068787,0.22669999301433563,0.4837999939918518,0.003000000026077032,0.7519000172615051,0.24809999763965607,0.12559999525547028,0.3231000006198883
BGPT01004387.1_K04564_42ae3337_with_leader_u39_PF00081_M_to_K04564_204,Plastid,,Peripheral,0.07850000262260437,0.02239999920129776,0.14159999787807465,0.06469999998807907,0.27140000462532043,0.3208000063896179,0.16820000112056732,0.10159999877214432,0.20749999582767487,0.004399999976158142,0.8299999833106995,0.22380000352859497,0.17090000212192535,0.33959999680519104
CAE7445615.1_with_leader_u54_PF00081_M_to_K04564_242,Extracellular,Signal peptide,Peripheral|Soluble,0.22540000081062317,0.07020000368356705,0.6230000257492065,0.11819999665021896,0.21400000154972076,0.25360000133514404,0.22110000252723694,0.32190001010894775,0.35910001397132874,0.044599998742341995,0.6014999747276306,0.12349999696016312,0.17810000479221344,0.6301000118255615
CAE7445615.1_with_leader_u52_PF00081_M_to_K04564_242,Extracellular,Signal peptide,Soluble,0.2240999937057495,0.06509999930858612,0.6323000192642212,0.12070000171661377,0.21389999985694885,0.19869999587535858,0.24289999902248383,0.35659998655319214,0.3912000060081482,0.0414000004529953,0.5995000004768372,0.12870000302791595,0.18140000104904175,0.6258999705314636
CAE7445615.1_with_leader_u47_PF00081_M_to_K04564_242,Extracellular,Signal peptide,Peripheral|Soluble,0.19120000302791595,0.06080000102519989,0.7610999941825867,0.14869999885559082,0.15189999341964722,0.11919999867677689,0.28940001130104065,0.40529999136924744,0.47130000591278076,0.023499999195337296,0.6053000092506409,0.1306000053882599,0.18019999563694,0.6212000250816345
CAE7445615.1_with_leader_u20_PF00081_M_to_K04564_242,Extracellular,Signal peptide,Peripheral|Soluble,0.22419999539852142,0.0494999997317791,0.7052000164985657,0.12409999966621399,0.15559999644756317,0.05700000002980232,0.21439999341964722,0.507099986076355,0.4424999952316284,0.026900000870227814,0.6017000079154968,0.08540000021457672,0.16899999976158142,0.6894999742507935
CAE7459428.1_with_leader_u39_PF00081_M_to_K04564_401,Plastid,,Peripheral|Soluble,0.07400000095367432,0.054099999368190765,0.0763000026345253,0.07050000131130219,0.20810000598430634,0.9567000269889832,0.07050000131130219,0.07090000063180923,0.06620000302791595,0.33489999175071716,0.6764000058174133,0.10649999976158142,0.1965000033378601,0.5594000220298767
CAJNDS010002352.1_K04564_638e9d57_with_leader_u31_PF00081_M_to_K04564_176,Cytoplasm,,Soluble,0.2867000102996826,0.24570000171661377,0.36570000648498535,0.04910000041127205,0.12559999525547028,0.3089999854564667,0.04540000110864639,0.03519999980926514,0.03189999982714653,0.07100000232458115,0.37059998512268066,0.16599999368190765,0.09430000185966492,0.6905999779701233
CAJNDS010002544.1_K04564_89a3bd15_with_leader_u68_PF00081_M_to_K04564_203,Golgi apparatus,,Peripheral,0.10559999942779541,0.03240000084042549,0.125900000333786,0.08449999988079071,0.23469999432563782,0.23389999568462372,0.13019999861717224,0.12559999525547028,0.43630000948905945,0.010400000028312206,0.541100025177002,0.44940000772476196,0.05119999870657921,0.3292999863624573
CAJNDS010002544.1_K04564_89a3bd15_with_leader_u48_PF00081_M_to_K04564_203,Plastid,Thylakoid luminal transit peptide,Peripheral,0.09139999747276306,0.021299999207258224,0.3172000050544739,0.10080000013113022,0.2379000037908554,0.8654999732971191,0.10249999910593033,0.05299999937415123,0.061900001019239426,0.11649999767541885,0.7425000071525574,0.22200000286102295,0.09759999811649323,0.4844000041484833
CAE7848606.1_with_leader_u60_PF00081_M_to_K04564_997,Golgi apparatus,Signal peptide,Peripheral,0.08810000121593475,0.026499999687075615,0.18250000476837158,0.07959999889135361,0.16459999978542328,0.09210000187158585,0.21410000324249268,0.19030000269412994,0.5479000210762024,0.006200000178068876,0.7294999957084656,0.258899986743927,0.13189999759197235,0.29660001397132874
CAE7848606.1_with_leader_u36_PF00081_M_to_K04564_997,Plastid,,Peripheral,0.07190000265836716,0.01600000075995922,0.2515999972820282,0.07190000265836716,0.3230000138282776,0.5435000061988831,0.1639000028371811,0.07490000128746033,0.14730000495910645,0.014000000432133675,0.830299973487854,0.19120000302791595,0.257099986076355,0.31790000200271606
CAJNJA010052942.1_K04564_06e367ea_with_leader_u60_PF00081_M_to_K04564_198,Golgi apparatus,,Peripheral,0.08869999647140503,0.030300000682473183,0.1476999968290329,0.09189999848604202,0.18000000715255737,0.1266999989748001,0.1882999986410141,0.16979999840259552,0.539900004863739,0.005100000184029341,0.6783000230789185,0.3197000026702881,0.17790000140666962,0.2782000005245209
CAJNJA010052942.1_K04564_06e367ea_with_leader_u36_PF00081_M_to_K04564_198,Plastid,,Peripheral,0.07880000025033951,0.023800000548362732,0.16699999570846558,0.0851999968290329,0.3582000136375427,0.6219000220298767,0.12880000472068787,0.06960000097751617,0.09719999879598618,0.0272000003606081,0.7473000288009644,0.225600004196167,0.24609999358654022,0.3449000120162964
CAE8598837.1_with_leader_u65_PF00081_M_to_K04564_270,Golgi apparatus,,Peripheral,0.1023000031709671,0.02810000069439411,0.19750000536441803,0.08860000222921371,0.14920000731945038,0.15449999272823334,0.20029999315738678,0.18160000443458557,0.4742000102996826,0.004399999976158142,0.6438999772071838,0.2973000109195709,0.1316000074148178,0.33730000257492065
CAE8598837.1_with_leader_u54_PF00081_M_to_K04564_270,Plastid,,Peripheral,0.10559999942779541,0.02160000056028366,0.321399986743927,0.11249999701976776,0.13030000030994415,0.3589000105857849,0.14270000159740448,0.13899999856948853,0.3037000000476837,0.0017000000225380063,0.7281000018119812,0.25360000133514404,0.16349999606609344,0.3465000092983246
CAE8604820.1_with_leader_u65_PF00081_M_to_K04564_269,Golgi apparatus,,Peripheral,0.1039000004529953,0.02889999933540821,0.18080000579357147,0.09480000287294388,0.15559999644756317,0.14990000426769257,0.20389999449253082,0.16979999840259552,0.4625999927520752,0.004100000020116568,0.6547999978065491,0.3021000027656555,0.12540000677108765,0.33410000801086426
CAE8604820.1_with_leader_u54_PF00081_M_to_K04564_269,Plastid,,Peripheral,0.10920000076293945,0.022700000554323196,0.2879999876022339,0.11969999969005585,0.13249999284744263,0.36809998750686646,0.1437000036239624,0.1289999932050705,0.30079999566078186,0.0015999999595806003,0.7407000064849854,0.27300000190734863,0.1550000011920929,0.32659998536109924
CAE8627582.1_with_leader_u15_PF00081_M_to_K04564_542,Extracellular|Mitochondrion,Signal peptide,Peripheral|Soluble,0.04769999906420708,0.041600000113248825,0.7937999963760376,0.14669999480247498,0.7069000005722046,0.25519999861717224,0.060100000351667404,0.020500000566244125,0.02969999983906746,0.011800000444054604,0.7501999735832214,0.12409999966621399,0.05719999969005585,0.6661999821662903
CAE8628319.1_with_leader_u26_PF00081_M_to_K04564_235,Extracellular,Signal peptide,Soluble,0.2754000127315521,0.0348999984562397,0.8105000257492065,0.07329999655485153,0.24469999969005585,0.133200004696846,0.09210000187158585,0.32749998569488525,0.19269999861717224,0.00860000029206276,0.5710999965667725,0.10010000318288803,0.05389999970793724,0.739300012588501
CAE8631912.1_with_leader_u59_PF00081_M_to_K04564_263,Golgi apparatus,,Peripheral,0.08829999715089798,0.030899999663233757,0.12520000338554382,0.09780000150203705,0.17900000512599945,0.08760000020265579,0.19130000472068787,0.18129999935626984,0.49720001220703125,0.003700000001117587,0.6462000012397766,0.2687000036239624,0.16060000658035278,0.29809999465942383
CAE8631912.1_with_leader_u15_PF00081_M_to_K04564_263,Extracellular|Mitochondrion,Signal peptide,Peripheral|Soluble,0.0632999986410141,0.05299999937415123,0.7867000102996826,0.15919999778270721,0.6897000074386597,0.387800008058548,0.09189999848604202,0.018799999728798866,0.027899999171495438,0.05469999834895134,0.6431999802589417,0.09809999912977219,0.08810000121593475,0.6406000256538391
CAL1167723.1_with_leader_u43_PF00081_M_to_K04564_350,Plastid,,Soluble,0.3521000146865845,0.08860000222921371,0.4219000041484833,0.1006999984383583,0.22380000352859497,0.7426000237464905,0.026399999856948853,0.1080000028014183,0.07259999960660934,0.08150000125169754,0.5379999876022339,0.07890000194311142,0.04089999943971634,0.7639999985694885
CAL1167723.1_with_leader_u21_PF00081_M_to_K04564_350,Plastid,,Soluble,0.29789999127388,0.09290000051259995,0.5379999876022339,0.09319999814033508,0.226500004529953,0.7107999920845032,0.02669999934732914,0.13899999856948853,0.09489999711513519,0.1054999977350235,0.5203999876976013,0.07970000058412552,0.04010000079870224,0.767799973487854
CAL1168149.1_with_leader_u55_PF00081_M_to_K04564_258,Golgi apparatus,Signal peptide,Peripheral,0.10750000178813934,0.03280000016093254,0.18060000240802765,0.06809999793767929,0.1940000057220459,0.09059999883174896,0.26820001006126404,0.22059999406337738,0.4749999940395355,0.0031999999191612005,0.7498000264167786,0.24529999494552612,0.13339999318122864,0.3181999921798706
CAL1168155.1_with_leader_u55_PF00081_M_to_K04564_293,Golgi apparatus,Signal peptide,Peripheral,0.10920000076293945,0.030300000682473183,0.20080000162124634,0.07270000129938126,0.19220000505447388,0.11760000139474869,0.28439998626708984,0.227400004863739,0.48910000920295715,0.00430000014603138,0.7939000129699707,0.18080000579357147,0.24310000240802765,0.34049999713897705
CAMXCT020000001.1_K04564_24b48a7d_with_leader_u48_PF00081_M_to_K04564_208,Plastid,,Peripheral|Soluble,0.1386999934911728,0.21199999749660492,0.3675000071525574,0.06970000267028809,0.36399999260902405,0.5558000206947327,0.024700000882148743,0.10930000245571136,0.08429999649524689,0.11159999668598175,0.6097000241279602,0.1543000042438507,0.04659999907016754,0.6621000170707703
CAMXCT020000001.1_K04564_24b48a7d_with_leader_u40_PF00081_M_to_K04564_208,Plastid,,Peripheral|Soluble,0.13289999961853027,0.21649999916553497,0.415800005197525,0.06939999759197235,0.3953999876976013,0.5562000274658203,0.022099999710917473,0.1096000000834465,0.09040000289678574,0.10909999907016754,0.6115000247955322,0.1543000042438507,0.04919999837875366,0.6620000004768372
CAMXCT020000001.1_K04564_24b48a7d_with_leader_u26_PF00081_M_to_K04564_208,Plastid,,Peripheral|Soluble,0.1290999948978424,0.21299999952316284,0.4472000002861023,0.065700002014637,0.4309999942779541,0.4927999973297119,0.021800000220537186,0.11819999665021896,0.08630000054836273,0.06830000132322311,0.617900013923645,0.13680000603199005,0.04490000009536743,0.6739000082015991
CAMXCT020000624.1_K04564_b4735730_with_leader_u53_PF00081_M_to_K04564_203,Golgi apparatus,Signal peptide,Peripheral,0.11069999635219574,0.033399999141693115,0.19329999387264252,0.07410000264644623,0.20250000059604645,0.08079999685287476,0.27480000257492065,0.23170000314712524,0.49390000104904175,0.0035000001080334187,0.7712000012397766,0.2337999939918518,0.14920000731945038,0.3296000063419342
CAMXCT020006499.1_K04564_88d2492d_with_leader_u55_PF00081_M_to_K04564_203,Golgi apparatus,Signal peptide,Peripheral,0.10660000145435333,0.03350000083446503,0.18039999902248383,0.0689999982714653,0.1941000074148178,0.08609999716281891,0.2662000060081482,0.22460000216960907,0.48010000586509705,0.003100000089034438,0.7516000270843506,0.2484000027179718,0.13590000569820404,0.3197000026702881
CAMXCT020006499.1_K04564_c81ee4b4_with_leader_u55_PF00081_M_to_K04564_203,Golgi apparatus,Signal peptide,Peripheral,0.1046999990940094,0.030799999833106995,0.18649999797344208,0.06669999659061432,0.188400000333786,0.09369999915361404,0.26440000534057617,0.21940000355243683,0.47769999504089355,0.0035000001080334187,0.7490000128746033,0.25279998779296875,0.13930000364780426,0.32679998874664307
CAK9047237.1_with_leader_u27_PF00081_M_to_K04564_344,Mitochondrion,Mitochondrial transit peptide,Peripheral|Soluble,0.12030000239610672,0.051899999380111694,0.0731000006198883,0.07660000026226044,0.8033000230789185,0.008200000040233135,0.008799999952316284,0.057500001043081284,0.03720000013709068,0.0012000000569969416,0.6952999830245972,0.05909999832510948,0.050200000405311584,0.6690999865531921
CAK9091470.1_with_leader_u18_PF00081_M_to_K04564_868,Extracellular|Mitochondrion,,Peripheral|Soluble,0.06610000133514404,0.024900000542402267,0.7031999826431274,0.19089999794960022,0.6305999755859375,0.3643999993801117,0.06350000202655792,0.03350000083446503,0.04740000143647194,0.04899999871850014,0.7717000246047974,0.0689999982714653,0.13079999387264252,0.5892999768257141
CAK9100252.1_with_leader_u21_PF00081_M_to_K04564_230,Extracellular,Signal peptide,Soluble,0.14990000426769257,0.035999998450279236,0.8306000232696533,0.12489999830722809,0.17470000684261322,0.10260000079870224,0.2484000027179718,0.4117000102996826,0.44850000739097595,0.008799999952316284,0.5440999865531921,0.0917000025510788,0.04809999838471413,0.7616999745368958
CAXAMM010020073.1_K04564_521e95f5_with_leader_u27_PF00081_M_to_K04564_197,Mitochondrion,Mitochondrial transit peptide,Peripheral|Soluble,0.12960000336170197,0.051500000059604645,0.07349999994039536,0.07760000228881836,0.7846999764442444,0.007699999958276749,0.009499999694526196,0.06040000170469284,0.03720000013709068,0.00139999995008111,0.6689000129699707,0.06560000032186508,0.043299999088048935,0.667900025844574
CAXAMM010025685.1_K04564_b43539e3_with_leader_u30_PF00081_M_to_K04564_92,Extracellular,,Peripheral|Soluble,0.4334999918937683,0.375900000333786,0.6765000224113464,0.09589999914169312,0.21879999339580536,0.3431999981403351,0.09679999947547913,0.121799997985363,0.07509999722242355,0.13279999792575836,0.6779000163078308,0.11869999766349792,0.1151999980211258,0.7163000106811523
CAXAMM010040162.1_K04564_a70eaf5e_with_leader_u52_PF00081_M_to_K04564_203,Golgi apparatus,Signal peptide,Peripheral,0.12280000001192093,0.029200000688433647,0.18850000202655792,0.09009999781847,0.1598999947309494,0.04129999876022339,0.24789999425411224,0.24770000576972961,0.5605999827384949,0.0031999999191612005,0.7562999725341797,0.22869999706745148,0.1550000011920929,0.3343000113964081
CAXAMM010040162.1_K04564_a70eaf5e_with_leader_u38_PF00081_M_to_K04564_203,Mitochondrion,,Peripheral,0.08129999786615372,0.019300000742077827,0.17829999327659607,0.0689999982714653,0.25,0.19539999961853027,0.22789999842643738,0.10540000349283218,0.2476000040769577,0.006200000178068876,0.8270999789237976,0.26080000400543213,0.2053000032901764,0.30000001192092896
CAXAMM010040162.1_K04564_a70eaf5e_with_leader_u18_PF00081_M_to_K04564_203,Extracellular|Mitochondrion,,Peripheral|Soluble,0.061000000685453415,0.02290000021457672,0.6753000020980835,0.17180000245571136,0.6251999735832214,0.3596000075340271,0.06549999862909317,0.026200000196695328,0.04659999907016754,0.04610000178217888,0.7135999798774719,0.08460000157356262,0.08290000259876251,0.6676999926567078
CAXAMM010040162.1_K04564_f9608fa6_with_leader_u52_PF00081_M_to_K04564_203,Golgi apparatus,Signal peptide,Peripheral,0.12280000001192093,0.029200000688433647,0.18850000202655792,0.09009999781847,0.1598999947309494,0.04129999876022339,0.24789999425411224,0.24770000576972961,0.5605999827384949,0.0031999999191612005,0.7562999725341797,0.22869999706745148,0.1550000011920929,0.3343000113964081
CAXAMM010040162.1_K04564_f9608fa6_with_leader_u38_PF00081_M_to_K04564_203,Mitochondrion,,Peripheral,0.08129999786615372,0.019300000742077827,0.17829999327659607,0.0689999982714653,0.25,0.19539999961853027,0.22789999842643738,0.10540000349283218,0.2476000040769577,0.006200000178068876,0.8270999789237976,0.26080000400543213,0.2053000032901764,0.30000001192092896
CAXAMM010040162.1_K04564_f9608fa6_with_leader_u18_PF00081_M_to_K04564_203,Extracellular|Mitochondrion,,Peripheral|Soluble,0.061000000685453415,0.02290000021457672,0.6753000020980835,0.17180000245571136,0.6251999735832214,0.3596000075340271,0.06549999862909317,0.026200000196695328,0.04659999907016754,0.04610000178217888,0.7135999798774719,0.08460000157356262,0.08290000259876251,0.6676999926567078
CAXAMM010040173.1_K04564_1d3f7085_with_leader_u52_PF00081_M_to_K04564_203,Golgi apparatus,Signal peptide,Peripheral,0.12280000001192093,0.029200000688433647,0.18850000202655792,0.09009999781847,0.1598999947309494,0.04129999876022339,0.24789999425411224,0.24770000576972961,0.5605999827384949,0.0031999999191612005,0.7562999725341797,0.22869999706745148,0.1550000011920929,0.3343000113964081
CAXAMM010040173.1_K04564_1d3f7085_with_leader_u38_PF00081_M_to_K04564_203,Mitochondrion,,Peripheral,0.08129999786615372,0.019300000742077827,0.17829999327659607,0.0689999982714653,0.25,0.19539999961853027,0.22789999842643738,0.10540000349283218,0.2476000040769577,0.006200000178068876,0.8270999789237976,0.26080000400543213,0.2053000032901764,0.30000001192092896
CAXAMM010040173.1_K04564_1d3f7085_with_leader_u18_PF00081_M_to_K04564_203,Extracellular|Mitochondrion,,Peripheral|Soluble,0.061000000685453415,0.02290000021457672,0.6753000020980835,0.17180000245571136,0.6251999735832214,0.3596000075340271,0.06549999862909317,0.026200000196695328,0.04659999907016754,0.04610000178217888,0.7135999798774719,0.08460000157356262,0.08290000259876251,0.6676999926567078
CAXAMM010040173.1_K04564_b38f776c_with_leader_u52_PF00081_M_to_K04564_203,Golgi apparatus,Signal peptide,Peripheral,0.12280000001192093,0.029200000688433647,0.18850000202655792,0.09009999781847,0.1598999947309494,0.04129999876022339,0.24789999425411224,0.24770000576972961,0.5605999827384949,0.0031999999191612005,0.7562999725341797,0.22869999706745148,0.1550000011920929,0.3343000113964081
CAXAMM010040173.1_K04564_b38f776c_with_leader_u38_PF00081_M_to_K04564_203,Mitochondrion,,Peripheral,0.08129999786615372,0.019300000742077827,0.17829999327659607,0.0689999982714653,0.25,0.19539999961853027,0.22789999842643738,0.10540000349283218,0.2476000040769577,0.006200000178068876,0.8270999789237976,0.26080000400543213,0.2053000032901764,0.30000001192092896
CAXAMM010040173.1_K04564_b38f776c_with_leader_u18_PF00081_M_to_K04564_203,Extracellular|Mitochondrion,,Peripheral|Soluble,0.061000000685453415,0.02290000021457672,0.6753000020980835,0.17180000245571136,0.6251999735832214,0.3596000075340271,0.06549999862909317,0.026200000196695328,0.04659999907016754,0.04610000178217888,0.7135999798774719,0.08460000157356262,0.08290000259876251,0.6676999926567078
CAK9032107.1_with_leader_u21_PF00081_M_to_K04564_230,Extracellular,Signal peptide,Soluble,0.14990000426769257,0.035999998450279236,0.8306000232696533,0.12489999830722809,0.17470000684261322,0.10260000079870224,0.2484000027179718,0.4117000102996826,0.44850000739097595,0.008799999952316284,0.5440999865531921,0.0917000025510788,0.04809999838471413,0.7616999745368958
CAK9113181.1_with_leader_u52_PF00081_M_to_K04564_257,Golgi apparatus,Signal peptide,Peripheral,0.12200000137090683,0.02850000001490116,0.19619999825954437,0.09120000153779984,0.16089999675750732,0.04529999941587448,0.24860000610351562,0.24719999730587006,0.557200014591217,0.0034000000450760126,0.7552000284194946,0.21559999883174896,0.1574999988079071,0.325300008058548
CAK9113181.1_with_leader_u38_PF00081_M_to_K04564_257,Mitochondrion,,Peripheral,0.08009999990463257,0.01810000091791153,0.1932000070810318,0.06909999996423721,0.2459000051021576,0.20970000326633453,0.23019999265670776,0.10499999672174454,0.24719999730587006,0.006599999964237213,0.8253999948501587,0.24040000140666962,0.2054000049829483,0.29490000009536743
CAK9113181.1_with_leader_u18_PF00081_M_to_K04564_257,Extracellular,,Peripheral|Soluble,0.05900000035762787,0.021700000390410423,0.7067999839782715,0.1738000065088272,0.5975000262260437,0.3686000108718872,0.06769999861717224,0.027300000190734863,0.04639999940991402,0.04569999873638153,0.7156999707221985,0.08190000057220459,0.10450000315904617,0.598800003528595
CAK9113185.1_with_leader_u64_PF00081_M_to_K04564_914,Plastid,,Peripheral|Soluble,0.23929999768733978,0.04699999839067459,0.5928000211715698,0.14990000426769257,0.29319998621940613,0.6442999839782715,0.2282000035047531,0.048500001430511475,0.2290000021457672,0.23839999735355377,0.7213000059127808,0.11789999902248383,0.16459999978542328,0.54339998960495
CAK9113185.1_with_leader_u35_PF00081_M_to_K04564_914,Plastid,,Peripheral|Soluble,0.24079999327659607,0.05119999870657921,0.5436000227928162,0.13500000536441803,0.5864999890327454,0.6478000283241272,0.11150000244379044,0.028300000354647636,0.12290000170469284,0.1964000016450882,0.7246000170707703,0.08860000222921371,0.16750000417232513,0.5627999901771545
CAK9113185.1_with_leader_u21_PF00081_M_to_K04564_914,Extracellular,,Peripheral|Soluble,0.10180000215768814,0.03240000084042549,0.7911999821662903,0.12250000238418579,0.44369998574256897,0.4666000008583069,0.06379999965429306,0.062199998646974564,0.07410000264644623,0.1324000060558319,0.7071999907493591,0.06870000064373016,0.16979999840259552,0.6122999787330627
CAK9113185.1_with_leader_u18_PF00081_M_to_K04564_914,Extracellular,,Peripheral|Soluble,0.0608999989926815,0.01850000023841858,0.704200029373169,0.19329999387264252,0.5810999870300293,0.38850000500679016,0.07400000095367432,0.03319999948143959,0.0544000007212162,0.037700001150369644,0.7416999936103821,0.08219999819993973,0.15530000627040863,0.5733000040054321
CAXAMN010027783.1_K04564_0f8290bd_with_leader_u52_PF00081_M_to_K04564_203,Golgi apparatus,Signal peptide,Peripheral,0.12280000001192093,0.029200000688433647,0.18850000202655792,0.09009999781847,0.1598999947309494,0.04129999876022339,0.24789999425411224,0.24770000576972961,0.5605999827384949,0.0031999999191612005,0.7562999725341797,0.22869999706745148,0.1550000011920929,0.3343000113964081
CAXAMN010027783.1_K04564_0f8290bd_with_leader_u38_PF00081_M_to_K04564_203,Mitochondrion,,Peripheral,0.08129999786615372,0.019300000742077827,0.17829999327659607,0.0689999982714653,0.25,0.19539999961853027,0.22789999842643738,0.10540000349283218,0.2476000040769577,0.006200000178068876,0.8270999789237976,0.26080000400543213,0.2053000032901764,0.30000001192092896
CAXAMN010027783.1_K04564_0f8290bd_with_leader_u18_PF00081_M_to_K04564_203,Extracellular|Mitochondrion,,Peripheral|Soluble,0.061000000685453415,0.02290000021457672,0.6753000020980835,0.17180000245571136,0.6251999735832214,0.3596000075340271,0.06549999862909317,0.026200000196695328,0.04659999907016754,0.04610000178217888,0.7135999798774719,0.08460000157356262,0.08290000259876251,0.6676999926567078
CAXAMN010027783.1_K04564_a5ab1868_with_leader_u52_PF00081_M_to_K04564_203,Golgi apparatus,Signal peptide,Peripheral,0.12280000001192093,0.029200000688433647,0.18850000202655792,0.09009999781847,0.1598999947309494,0.04129999876022339,0.24789999425411224,0.24770000576972961,0.5605999827384949,0.0031999999191612005,0.7562999725341797,0.22869999706745148,0.1550000011920929,0.3343000113964081
CAXAMN010027783.1_K04564_a5ab1868_with_leader_u38_PF00081_M_to_K04564_203,Mitochondrion,,Peripheral,0.08129999786615372,0.019300000742077827,0.17829999327659607,0.0689999982714653,0.25,0.19539999961853027,0.22789999842643738,0.10540000349283218,0.2476000040769577,0.006200000178068876,0.8270999789237976,0.26080000400543213,0.2053000032901764,0.30000001192092896
CAXAMN010027783.1_K04564_a5ab1868_with_leader_u18_PF00081_M_to_K04564_203,Extracellular|Mitochondrion,,Peripheral|Soluble,0.061000000685453415,0.02290000021457672,0.6753000020980835,0.17180000245571136,0.6251999735832214,0.3596000075340271,0.06549999862909317,0.026200000196695328,0.04659999907016754,0.04610000178217888,0.7135999798774719,0.08460000157356262,0.08290000259876251,0.6676999926567078
CAXAMN010027806.1_K04564_b422a675_with_leader_u52_PF00081_M_to_K04564_203,Golgi apparatus,Signal peptide,Peripheral,0.12280000001192093,0.029200000688433647,0.18850000202655792,0.09009999781847,0.1598999947309494,0.04129999876022339,0.24789999425411224,0.24770000576972961,0.5605999827384949,0.0031999999191612005,0.7562999725341797,0.22869999706745148,0.1550000011920929,0.3343000113964081
CAXAMN010027806.1_K04564_b422a675_with_leader_u38_PF00081_M_to_K04564_203,Mitochondrion,,Peripheral,0.08129999786615372,0.019300000742077827,0.17829999327659607,0.0689999982714653,0.25,0.19539999961853027,0.22789999842643738,0.10540000349283218,0.2476000040769577,0.006200000178068876,0.8270999789237976,0.26080000400543213,0.2053000032901764,0.30000001192092896
CAXAMN010027806.1_K04564_b422a675_with_leader_u18_PF00081_M_to_K04564_203,Extracellular|Mitochondrion,,Peripheral|Soluble,0.061000000685453415,0.02290000021457672,0.6753000020980835,0.17180000245571136,0.6251999735832214,0.3596000075340271,0.06549999862909317,0.026200000196695328,0.04659999907016754,0.04610000178217888,0.7135999798774719,0.08460000157356262,0.08290000259876251,0.6676999926567078
CAXAMN010027806.1_K04564_f0a63ebd_with_leader_u18_PF00081_M_to_K04564_203,Extracellular|Mitochondrion,,Peripheral|Soluble,0.061000000685453415,0.02290000021457672,0.6753000020980835,0.17180000245571136,0.6251999735832214,0.3596000075340271,0.06549999862909317,0.026200000196695328,0.04659999907016754,0.04610000178217888,0.7135999798774719,0.08460000157356262,0.08290000259876251,0.6676999926567078
OZ257276.1_K04564_ace37290_with_leader_u60_PF00081_M_to_K04564_198,Golgi apparatus,,Peripheral,0.0925000011920929,0.03240000084042549,0.14429999887943268,0.1023000031709671,0.16750000417232513,0.13030000030994415,0.19519999623298645,0.1703999936580658,0.5170999765396118,0.004999999888241291,0.6478000283241272,0.36500000953674316,0.1746000051498413,0.2572000026702881
OZ257276.1_K04564_ace37290_with_leader_u36_PF00081_M_to_K04564_198,Plastid,,Peripheral,0.0794999971985817,0.027899999171495438,0.2451999932527542,0.0877000018954277,0.34310001134872437,0.6478999853134155,0.10840000212192535,0.06350000202655792,0.09529999643564224,0.041999999433755875,0.7491000294685364,0.2215999960899353,0.17829999327659607,0.376800000667572
OZ257276.1_K04564_ace37290_with_leader_u31_PF00081_M_to_K04564_198,Plastid,,Peripheral|Soluble,0.08470000326633453,0.028999999165534973,0.47360000014305115,0.13830000162124634,0.4255000054836273,0.8449000120162964,0.11940000206232071,0.05719999969005585,0.06159999966621399,0.08910000324249268,0.7168999910354614,0.1680999994277954,0.08980000019073486,0.5230000019073486
siderastrea_symb_TRINITY_DN405006_c0_g1_i1.p1_with_leader_u54_PF00081_M_to_K04564_280,Golgi apparatus,,Peripheral,0.10270000249147415,0.031300000846385956,0.18930000066757202,0.07280000299215317,0.18330000340938568,0.1348000019788742,0.20399999618530273,0.18199999630451202,0.44119998812675476,0.003800000064074993,0.7688999772071838,0.20970000326633453,0.1696999967098236,0.3199999928474426
siderastrea_symb_TRINITY_DN405006_c0_g1_i1.p1_with_leader_u38_PF00081_M_to_K04564_280,Plastid,,Peripheral,0.06849999725818634,0.019500000402331352,0.21809999644756317,0.0706000030040741,0.2500999867916107,0.37790000438690186,0.13539999723434448,0.08290000259876251,0.16590000689029694,0.007799999788403511,0.8215000033378601,0.17900000512599945,0.21580000221729279,0.3628999888896942
siderastrea_symb_TRINITY_DN405006_c0_g1_i4.p1_with_leader_u54_PF00081_M_to_K04564_258,Golgi apparatus,,Peripheral,0.10540000349283218,0.03139999881386757,0.1753000020980835,0.07240000367164612,0.19609999656677246,0.11569999903440475,0.21480000019073486,0.19939999282360077,0.45649999380111694,0.0032999999821186066,0.7678999900817871,0.2076999992132187,0.16259999573230743,0.323199987411499
siderastrea_symb_TRINITY_DN405006_c0_g1_i4.p1_with_leader_u38_PF00081_M_to_K04564_258,Plastid,,Peripheral,0.07129999995231628,0.020899999886751175,0.15369999408721924,0.07150000333786011,0.26420000195503235,0.32199999690055847,0.14190000295639038,0.09440000355243683,0.18129999935626984,0.00570000009611249,0.8307999968528748,0.17560000717639923,0.219200000166893,0.35190001130104065
siderastrea_symb_TRINITY_DN475799_c0_g1_i1.p1_with_leader_u60_PF00081_M_to_K04564_109,Golgi apparatus,Signal peptide,Peripheral,0.0803999975323677,0.026100000366568565,0.17569999396800995,0.08030000329017639,0.19200000166893005,0.11320000141859055,0.1648000031709671,0.20190000534057617,0.6607000231742859,0.006200000178068876,0.6617000102996826,0.3253999948501587,0.09839999675750732,0.250900000333786
siderastrea_symb_TRINITY_DN8493_c0_g1_i1.p1_with_leader_u16_PF00081_M_to_K04564_227,Extracellular|Lysosome/Vacuole,Signal peptide,Soluble,0.18950000405311584,0.05620000138878822,0.7861999869346619,0.0632999986410141,0.05909999832510948,0.011599999852478504,0.21719999611377716,0.6000000238418579,0.4325999915599823,0.0015999999595806003,0.48010000586509705,0.07810000330209732,0.050999999046325684,0.7925999760627747
pseudodiploria_symb_TRINITY_DN348117_c0_g1_i1.p1_with_leader_u16_PF00081_M_to_K04564_250,Extracellular,Signal peptide,Soluble,0.17399999499320984,0.045099999755620956,0.7738999724388123,0.05380000174045563,0.061900001019239426,0.03790000081062317,0.16419999301433563,0.46309998631477356,0.365200012922287,0.008299999870359898,0.5047000050544739,0.0778999999165535,0.04809999838471413,0.781499981880188
pseudodiploria_symb_TRINITY_DN172781_c0_g1_i2.p1_with_leader_u54_PF00081_M_to_K04564_258,Golgi apparatus,,Peripheral,0.10540000349283218,0.03139999881386757,0.1753000020980835,0.07240000367164612,0.19609999656677246,0.11569999903440475,0.21480000019073486,0.19939999282360077,0.45649999380111694,0.0032999999821186066,0.7678999900817871,0.2076999992132187,0.16259999573230743,0.323199987411499
pseudodiploria_symb_TRINITY_DN172781_c0_g1_i2.p1_with_leader_u38_PF00081_M_to_K04564_258,Plastid,,Peripheral,0.07129999995231628,0.020899999886751175,0.15369999408721924,0.07150000333786011,0.26420000195503235,0.32199999690055847,0.14190000295639038,0.09440000355243683,0.18129999935626984,0.00570000009611249,0.8307999968528748,0.17560000717639923,0.219200000166893,0.35190001130104065
pseudodiploria_symb_TRINITY_DN172781_c0_g1_i4.p1_with_leader_u55_PF00081_M_to_K04564_260,Golgi apparatus,,Peripheral,0.09759999811649323,0.032499998807907104,0.18410000205039978,0.07079999893903732,0.17810000479221344,0.13940000534057617,0.19550000131130219,0.18050000071525574,0.4447000026702881,0.004100000020116568,0.7530999779701233,0.2214999943971634,0.14710000157356262,0.32339999079704285
pseudodiploria_symb_TRINITY_DN172781_c0_g1_i4.p1_with_leader_u39_PF00081_M_to_K04564_260,Plastid,,Peripheral,0.07280000299215317,0.019099999219179153,0.18790000677108765,0.07689999788999557,0.22750000655651093,0.43709999322891235,0.12849999964237213,0.07400000095367432,0.16500000655651093,0.006200000178068876,0.8418999910354614,0.17640000581741333,0.2061000019311905,0.3601999878883362
orbicella_symb_TRINITY_DN78611_c0_g1_i1.p1_with_leader_u58_PF00081_M_to_K04564_282,Golgi apparatus,Signal peptide,Peripheral,0.09539999812841415,0.030300000682473183,0.18440000712871552,0.09300000220537186,0.15700000524520874,0.058400001376867294,0.21209999918937683,0.17870000004768372,0.4864000082015991,0.005200000014156103,0.7170000076293945,0.2727000117301941,0.11050000041723251,0.2847000062465668
orbicella_symb_TRINITY_DN78611_c0_g2_i1.p1_with_leader_u20_PF00081_M_to_K04564_236,Extracellular,Signal peptide,Peripheral|Soluble,0.15929999947547913,0.05040000006556511,0.6460999846458435,0.09139999747276306,0.14630000293254852,0.031700000166893005,0.1712999939918518,0.5245000123977661,0.5321999788284302,0.006899999920278788,0.6118999719619751,0.07930000126361847,0.05400000140070915,0.7526999711990356
orbicella_symb_TRINITY_DN241331_c0_g1_i1.p1_with_leader_u17_PF00081_M_to_K04564_147,Extracellular,Signal peptide,Peripheral|Soluble,0.17309999465942383,0.0210999995470047,0.7217000126838684,0.09839999675750732,0.12430000305175781,0.023900000378489494,0.2980000078678131,0.39989998936653137,0.527400016784668,0.0020000000949949026,0.6448000073432922,0.13439999520778656,0.06629999727010727,0.680899977684021
orbicella_symb_TRINITY_DN188752_c0_g3_i1.p1_with_leader_u55_PF00081_M_to_K04564_260,Golgi apparatus,Signal peptide,Peripheral,0.10719999670982361,0.030400000512599945,0.18549999594688416,0.06880000233650208,0.18690000474452972,0.09510000050067902,0.2653000056743622,0.2126999944448471,0.48089998960494995,0.0034000000450760126,0.7501000165939331,0.23559999465942383,0.1454000025987625,0.3165000081062317
orbicella_symb_TRINITY_DN188752_c0_g3_i4.p1_with_leader_u55_PF00081_M_to_K04564_258,Golgi apparatus,Signal peptide,Peripheral,0.10750000178813934,0.03280000016093254,0.18060000240802765,0.06809999793767929,0.1940000057220459,0.09059999883174896,0.26820001006126404,0.22059999406337738,0.4749999940395355,0.0031999999191612005,0.7498000264167786,0.24529999494552612,0.13339999318122864,0.3181999921798706
orbicella_symb_TRINITY_DN393612_c0_g1_i1.p1_with_leader_u60_PF00081_M_to_K04564_278,Golgi apparatus,Signal peptide,Peripheral,0.08940000087022781,0.02759999968111515,0.1835000067949295,0.0860000029206276,0.15399999916553497,0.07800000160932541,0.2222999930381775,0.19370000064373016,0.5437999963760376,0.006099999882280827,0.7121999859809875,0.2888999879360199,0.12999999523162842,0.2754000127315521
orbicella_symb_TRINITY_DN393612_c0_g1_i1.p1_with_leader_u36_PF00081_M_to_K04564_278,Plastid,,Peripheral,0.07339999824762344,0.017100000753998756,0.3280999958515167,0.07599999755620956,0.30809998512268066,0.5048999786376953,0.15440000593662262,0.07720000296831131,0.156700000166893,0.017500000074505806,0.8277000188827515,0.1850000023841858,0.1898999959230423,0.3402000069618225
orbicella_symb_TRINITY_DN393612_c0_g1_i1.p1_with_leader_u31_PF00081_M_to_K04564_278,Plastid,Thylakoid luminal transit peptide,Peripheral,0.07569999992847443,0.015399999916553497,0.5935999751091003,0.09889999777078629,0.4099999964237213,0.8543000221252441,0.13660000264644623,0.05000000074505806,0.0763000026345253,0.06870000064373016,0.7900000214576721,0.15150000154972076,0.09200000017881393,0.4887000024318695
c_goreaui_TRINITY_DN626_c0_g1_i2.p1_with_leader_u53_PF00081_M_to_K04564_256,Golgi apparatus,Signal peptide,Peripheral,0.11060000211000443,0.03500000014901161,0.19619999825954437,0.07370000332593918,0.20900000631809235,0.08669999986886978,0.2754000127315521,0.23980000615119934,0.49000000953674316,0.003599999938160181,0.7696999907493591,0.2287999987602234,0.14329999685287476,0.3240000009536743
c_goreaui_TRINITY_DN626_c0_g1_i4.p1_with_leader_u53_PF00081_M_to_K04564_258,Golgi apparatus,Signal peptide,Peripheral,0.10830000042915344,0.032999999821186066,0.2046000063419342,0.07419999688863754,0.20569999516010284,0.09120000153779984,0.273499995470047,0.23250000178813934,0.4936000108718872,0.003800000064074993,0.7678999900817871,0.21400000154972076,0.15809999406337738,0.325300008058548
cladocopium_proliferum_Levin_TRINITY_DN131539_c0_g1_i1.p1_with_leader_u61_PF00081_M_to_K04564_282,Extracellular,Signal peptide,Soluble,0.36500000953674316,0.12319999933242798,0.8353000283241272,0.17679999768733978,0.2978000044822693,0.19629999995231628,0.3292999863624573,0.4964999854564667,0.5938000082969666,0.0034000000450760126,0.37880000472068787,0.1695999950170517,0.08810000121593475,0.699400007724762
cladocopium_proliferum_Levin_TRINITY_DN131539_c0_g1_i1.p1_with_leader_u49_PF00081_M_to_K04564_282,Extracellular,Signal peptide,Soluble,0.3521000146865845,0.06970000267028809,0.9071999788284302,0.2535000145435333,0.21410000324249268,0.12409999966621399,0.390500009059906,0.501800000667572,0.5205000042915344,0.0013000000035390258,0.3402000069618225,0.17239999771118164,0.06790000200271606,0.7189000248908997
cladocopium_proliferum_Levin_TRINITY_DN131539_c0_g1_i1.p1_with_leader_u48_PF00081_M_to_K04564_282,Extracellular,Signal peptide,Soluble,0.3555999994277954,0.06560000032186508,0.9002000093460083,0.2508000135421753,0.1979999989271164,0.11379999667406082,0.42289999127388,0.5241000056266785,0.5507000088691711,0.001500000013038516,0.3456999957561493,0.16850000619888306,0.07150000333786011,0.7193999886512756
cladocopium_proliferum_Levin_TRINITY_DN131539_c0_g1_i1.p1_with_leader_u44_PF00081_M_to_K04564_282,Extracellular,Signal peptide,Soluble,0.390500009059906,0.05570000037550926,0.8970000147819519,0.19760000705718994,0.24660000205039978,0.10480000078678131,0.3840000033378601,0.5654000043869019,0.527899980545044,0.0017000000225380063,0.3479999899864197,0.14669999480247498,0.08320000022649765,0.7311999797821045
cladocopium_proliferum_Levin_TRINITY_DN146221_c0_g1_i1.p1_with_leader_u61_PF00081_M_to_K04564_322,Cytoplasm,,Soluble,0.7401999831199646,0.260699987411499,0.2831000089645386,0.1428000032901764,0.2240000069141388,0.11230000108480453,0.09109999984502792,0.22200000286102295,0.18000000715255737,0.03629999980330467,0.3840999901294708,0.10000000149011612,0.051899999380111694,0.7924000024795532
cladocopium_proliferum_Levin_TRINITY_DN146221_c0_g1_i1.p1_with_leader_u50_PF00081_M_to_K04564_322,Cytoplasm,,Soluble,0.777400016784668,0.2134999930858612,0.14259999990463257,0.1354999989271164,0.16670000553131104,0.08810000121593475,0.125900000333786,0.42640000581741333,0.3264000117778778,0.04659999907016754,0.38609999418258667,0.09889999777078629,0.04910000041127205,0.795199990272522
cladocopium_proliferum_Levin_TRINITY_DN146221_c0_g1_i1.p1_with_leader_u41_PF00081_M_to_K04564_322,Mitochondrion,,Soluble,0.3019999861717224,0.06480000168085098,0.44110000133514404,0.06040000170469284,0.4814999997615814,0.11890000104904175,0.016200000420212746,0.07280000299215317,0.051600001752376556,0.050700001418590546,0.42980000376701355,0.10220000147819519,0.04399999976158142,0.7685999870300293
cladocopium_proliferum_Levin_TRINITY_DN146221_c0_g1_i1.p1_with_leader_u26_PF00081_M_to_K04564_322,Mitochondrion,,Soluble,0.30379998683929443,0.05469999834895134,0.49619999527931213,0.07000000029802322,0.5910000205039978,0.10840000212192535,0.023600000888109207,0.11550000309944153,0.07240000367164612,0.10320000350475311,0.43290001153945923,0.10080000013113022,0.04619999974966049,0.7649000287055969
cladocopium_proliferum_Levin_TRINITY_DN146173_c0_g1_i4.p1_with_leader_u55_PF00081_M_to_K04564_260,Golgi apparatus,Signal peptide,Peripheral,0.10610000044107437,0.03139999881386757,0.18440000712871552,0.06960000097751617,0.1881999969482422,0.09549999982118607,0.262800008058548,0.2168000042438507,0.4821999967098236,0.0034000000450760126,0.7483999729156494,0.2282000035047531,0.14740000665187836,0.32019999623298645
cladocopium_proliferum_Levin_TRINITY_DN146173_c0_g1_i5.p1_with_leader_u53_PF00081_M_to_K04564_256,Golgi apparatus,Signal peptide,Peripheral,0.11219999939203262,0.0340999998152256,0.19439999759197235,0.07400000095367432,0.20559999346733093,0.0843999981880188,0.27709999680519104,0.23819999396800995,0.4880000054836273,0.003599999938160181,0.7688000202178955,0.23409999907016754,0.14100000262260437,0.3215999901294708
cladocopium_proliferum_Levin_TRINITY_DN146173_c0_g1_i6.p1_with_leader_u53_PF00081_M_to_K04564_258,Golgi apparatus,Signal peptide,Peripheral,0.10790000110864639,0.032999999821186066,0.2021999955177307,0.07450000196695328,0.20720000565052032,0.08829999715089798,0.2757999897003174,0.23260000348091125,0.4896000027656555,0.003700000001117587,0.7684999704360962,0.21299999952316284,0.15760000050067902,0.3249000012874603
cladocopium_proliferum_Levin_TRINITY_DN146173_c0_g1_i7.p1_with_leader_u55_PF00081_M_to_K04564_260,Golgi apparatus,Signal peptide,Peripheral,0.10740000009536743,0.03060000017285347,0.18279999494552612,0.06970000267028809,0.18549999594688416,0.0934000015258789,0.2632000148296356,0.2152000069618225,0.47999998927116394,0.0034000000450760126,0.7487000226974487,0.23409999907016754,0.1444000005722046,0.31769999861717224
cladocopium_proliferum_Levin_TRINITY_DN146173_c0_g1_i1.p1_with_leader_u55_PF00081_M_to_K04564_260,Golgi apparatus,Signal peptide,Peripheral,0.10360000282526016,0.02969999983906746,0.19439999759197235,0.06719999760389328,0.18719999492168427,0.1014999970793724,0.2646999955177307,0.21879999339580536,0.47600001096725464,0.003700000001117587,0.7473000288009644,0.23759999871253967,0.14560000598430634,0.31850001215934753
cladocopium_proliferum_Levin_TRINITY_DN146173_c0_g1_i2.p1_with_leader_u53_PF00081_M_to_K04564_258,Golgi apparatus,Signal peptide,Peripheral,0.10970000177621841,0.03220000118017197,0.20270000398159027,0.07450000196695328,0.20250000059604645,0.08860000222921371,0.2741999924182892,0.2305999994277954,0.49140000343322754,0.003800000064074993,0.7682999968528748,0.2198999971151352,0.15549999475479126,0.3222000002861023
cladocopium_proliferum_Levin_TRINITY_DN146173_c0_g1_i3.p1_with_leader_u55_PF00081_M_to_K04564_258,Golgi apparatus,Signal peptide,Peripheral,0.10620000213384628,0.03150000050663948,0.1873999983072281,0.06689999997615814,0.1907999962568283,0.09730000048875809,0.26809999346733093,0.22509999573230743,0.4731999933719635,0.003599999938160181,0.746399998664856,0.25380000472068787,0.13099999725818634,0.31839999556541443
cladocopium_proliferum_Levin_TRINITY_DN137752_c0_g1_i4.p1_with_leader_u30_PF00081_M_to_K04564_209,Mitochondrion,Mitochondrial transit peptide,Peripheral|Soluble,0.186599999666214,0.05550000071525574,0.09790000319480896,0.03959999978542328,0.9128999710083008,0.0066999997943639755,0.020600000396370888,0.09889999777078629,0.03759999945759773,0.002199999988079071,0.6629999876022339,0.08990000188350677,0.047600001096725464,0.7289000153541565
cladocopium_proliferum_Levin_TRINITY_DN137752_c0_g1_i3.p1_with_leader_u30_PF00081_M_to_K04564_210,Mitochondrion,Mitochondrial transit peptide,Peripheral|Soluble,0.19550000131130219,0.05950000137090683,0.09589999914169312,0.03799999877810478,0.9107999801635742,0.0066999997943639755,0.022099999710917473,0.0982000008225441,0.03680000081658363,0.002400000113993883,0.6622999906539917,0.08969999849796295,0.04659999907016754,0.7283999919891357
cladocopium_proliferum_Levin_TRINITY_DN139305_c0_g1_i1.p1_with_leader_u26_PF00081_M_to_K04564_230,Mitochondrion,Mitochondrial transit peptide,Peripheral|Soluble,0.147599995136261,0.07429999858140945,0.06440000236034393,0.03669999912381172,0.9056000113487244,0.002300000051036477,0.008899999782443047,0.04899999871850014,0.02969999983906746,0.0013000000035390258,0.6733999848365784,0.061500001698732376,0.033399999141693115,0.7336999773979187
cladocopium_proliferum_Levin_TRINITY_DN139305_c0_g1_i1.p1_with_leader_u17_PF00081_M_to_K04564_230,Mitochondrion,Mitochondrial transit peptide,Peripheral|Soluble,0.12439999729394913,0.061400000005960464,0.06440000236034393,0.03180000185966492,0.9205999970436096,0.00430000014603138,0.012299999594688416,0.032600000500679016,0.024900000542402267,0.0015999999595806003,0.6669999957084656,0.06560000032186508,0.03370000049471855,0.7296000123023987
cladocopium_proliferum_Levin_TRINITY_DN86499_c0_g1_i1.p1_with_leader_u17_PF00081_M_to_K04564_238,Extracellular,Signal peptide,Soluble,0.2142000049352646,0.030400000512599945,0.7329999804496765,0.04830000177025795,0.13459999859333038,0.016899999231100082,0.22200000286102295,0.4366999864578247,0.3977999985218048,0.002300000051036477,0.5738000273704529,0.07999999821186066,0.052299998700618744,0.7570000290870667
cladocopium_proliferum_ss27_TRINITY_DN29038_c0_g1_i1.p2_with_leader_u42_PF00081_M_to_K04564_265,Mitochondrion,Mitochondrial transit peptide,Peripheral|Soluble,0.12890000641345978,0.06800000369548798,0.03099999949336052,0.05169999971985817,0.8353000283241272,0.05779999867081642,0.017500000074505806,0.07509999722242355,0.04399999976158142,0.03400000184774399,0.6690999865531921,0.07580000162124634,0.029100000858306885,0.6621000170707703
cladocopium_proliferum_ss27_TRINITY_DN29038_c0_g2_i1.p1_with_leader_u42_PF00081_M_to_K04564_248,Mitochondrion,Mitochondrial transit peptide,Peripheral|Soluble,0.11990000307559967,0.061900001019239426,0.028300000354647636,0.061799999326467514,0.8108000159263611,0.0949999988079071,0.0203000009059906,0.08709999918937683,0.04969999939203262,0.029999999329447746,0.703000009059906,0.11670000106096268,0.035999998450279236,0.6640999913215637
cladocopium_proliferum_ss27_TRINITY_DN57230_c0_g1_i1.p1_with_leader_u17_PF00081_M_to_K04564_244,Extracellular,Signal peptide,Soluble,0.2142000049352646,0.030400000512599945,0.7329999804496765,0.04830000177025795,0.13459999859333038,0.016899999231100082,0.22200000286102295,0.4366999864578247,0.3977999985218048,0.002300000051036477,0.5738000273704529,0.07999999821186066,0.052299998700618744,0.7570000290870667
cladocopium_proliferum_ss27_TRINITY_DN70772_c0_g2_i1.p1_with_leader_u36_PF00081_M_to_K04564_262,Mitochondrion,Mitochondrial transit peptide,Peripheral|Soluble,0.12219999730587006,0.09239999949932098,0.02669999934732914,0.07429999858140945,0.8510000109672546,0.08380000293254852,0.019600000232458115,0.09679999947547913,0.0471000000834465,0.01889999955892563,0.6146000027656555,0.10400000214576721,0.04399999976158142,0.6905999779701233
cladocopium_proliferum_ss27_TRINITY_DN76687_c0_g1_i1.p1_with_leader_u55_PF00081_M_to_K04564_258,Golgi apparatus,Signal peptide,Peripheral,0.10419999808073044,0.03229999914765358,0.18770000338554382,0.06700000166893005,0.19509999454021454,0.09669999778270721,0.26820001006126404,0.22660000622272491,0.47110000252723694,0.0035000001080334187,0.7475000023841858,0.24740000069141388,0.13330000638961792,0.32030001282691956
cladocopium_proliferum_ss31_TRINITY_DN65052_c0_g1_i1.p1_with_leader_u36_PF00081_M_to_K04564_251,Mitochondrion,Mitochondrial transit peptide,Peripheral|Soluble,0.12219999730587006,0.09239999949932098,0.02669999934732914,0.07429999858140945,0.8510000109672546,0.08380000293254852,0.019600000232458115,0.09679999947547913,0.0471000000834465,0.01889999955892563,0.6146000027656555,0.10400000214576721,0.04399999976158142,0.6905999779701233
cladocopium_proliferum_ss31_TRINITY_DN71358_c0_g1_i4.p1_with_leader_u55_PF00081_M_to_K04564_258,Golgi apparatus,Signal peptide,Peripheral,0.10559999942779541,0.03139999881386757,0.1859000027179718,0.06710000336170197,0.19200000166893005,0.09440000355243683,0.2696000039577484,0.22529999911785126,0.4691999852657318,0.0035000001080334187,0.7466999888420105,0.2526000142097473,0.13040000200271606,0.31869998574256897
cladocopium_proliferum_wt27_TRINITY_DN75186_c0_g1_i1.p1_with_leader_u36_PF00081_M_to_K04564_263,Mitochondrion,Mitochondrial transit peptide,Peripheral|Soluble,0.12219999730587006,0.09239999949932098,0.02669999934732914,0.07429999858140945,0.8510000109672546,0.08380000293254852,0.019600000232458115,0.09679999947547913,0.0471000000834465,0.01889999955892563,0.6146000027656555,0.10400000214576721,0.04399999976158142,0.6905999779701233
cladocopium_proliferum_wt31_TRINITY_DN60502_c0_g1_i1.p1_with_leader_u30_PF00081_M_to_K04564_256,Mitochondrion,Mitochondrial transit peptide,Peripheral|Soluble,0.19059999287128448,0.04390000179409981,0.05739999935030937,0.07680000364780426,0.7738000154495239,0.018699999898672104,0.009200000204145908,0.057100001722574234,0.04780000075697899,0.00279999990016222,0.6747999787330627,0.08079999685287476,0.039799999445676804,0.6898999810218811
cladocopium_proliferum_wt31_TRINITY_DN61048_c0_g1_i2.p1_with_leader_u17_PF00081_M_to_K04564_245,Extracellular,Signal peptide,Soluble,0.2142000049352646,0.030400000512599945,0.7329999804496765,0.04830000177025795,0.13459999859333038,0.016899999231100082,0.22200000286102295,0.4366999864578247,0.3977999985218048,0.002300000051036477,0.5738000273704529,0.07999999821186066,0.052299998700618744,0.7570000290870667
cladocopium_proliferum_wt31_TRINITY_DN83562_c0_g3_i1.p1_with_leader_u36_PF00081_M_to_K04564_257,Mitochondrion,Mitochondrial transit peptide,Peripheral|Soluble,0.12219999730587006,0.09239999949932098,0.02669999934732914,0.07429999858140945,0.8510000109672546,0.08380000293254852,0.019600000232458115,0.09679999947547913,0.0471000000834465,0.01889999955892563,0.6146000027656555,0.10400000214576721,0.04399999976158142,0.6905999779701233
cladocopium_proliferum_wt31_TRINITY_DN89382_c0_g1_i1.p1_with_leader_u55_PF00081_M_to_K04564_258,Golgi apparatus,Signal peptide,Peripheral,0.1096000000834465,0.03220000118017197,0.17720000445842743,0.06909999996423721,0.1881999969482422,0.09009999781847,0.265500009059906,0.22169999778270721,0.4765999913215637,0.0032999999821186066,0.7477999925613403,0.25,0.1298999935388565,0.3179999887943268
durusdinium_trenchii_TRINITY_DN22061_c0_g1_i1.p1_with_leader_u21_PF00081_M_to_K04564_256,Extracellular,Signal peptide,Soluble,0.14990000426769257,0.035999998450279236,0.8306000232696533,0.12489999830722809,0.17470000684261322,0.10260000079870224,0.2484000027179718,0.4117000102996826,0.44850000739097595,0.008799999952316284,0.5440999865531921,0.0917000025510788,0.04809999838471413,0.7616999745368958
durusdinium_trenchii_TRINITY_DN126028_c0_g1_i1.p2_with_leader_u43_PF00081_M_to_K04564_244,Plastid,,Peripheral|Soluble,0.11180000007152557,0.01119999960064888,0.4555000066757202,0.13940000534057617,0.26010000705718994,0.5909000039100647,0.11020000278949738,0.04740000143647194,0.055799998342990875,0.0020000000949949026,0.7853999733924866,0.13729999959468842,0.11429999768733978,0.5837000012397766
durusdinium_trenchii_TRINITY_DN126028_c0_g1_i1.p2_with_leader_u19_PF00081_M_to_K04564_244,Mitochondrion,,Peripheral|Soluble,0.13009999692440033,0.039799999445676804,0.4523000121116638,0.11159999668598175,0.6689000129699707,0.5126000046730042,0.045499999076128006,0.029200000688433647,0.03280000016093254,0.03620000183582306,0.6406999826431274,0.12229999899864197,0.07400000095367432,0.6897000074386597
durusdinium_trenchii_TRINITY_DN152488_c1_g1_i1.p1_with_leader_u52_PF00081_M_to_K04564_277,Golgi apparatus,Signal peptide,Peripheral,0.12200000137090683,0.02850000001490116,0.19619999825954437,0.09120000153779984,0.16089999675750732,0.04529999941587448,0.24860000610351562,0.24719999730587006,0.557200014591217,0.0034000000450760126,0.7552000284194946,0.21559999883174896,0.1574999988079071,0.325300008058548
durusdinium_trenchii_TRINITY_DN152488_c1_g1_i1.p1_with_leader_u38_PF00081_M_to_K04564_277,Mitochondrion,,Peripheral,0.08009999990463257,0.01810000091791153,0.1932000070810318,0.06909999996423721,0.2459000051021576,0.20970000326633453,0.23019999265670776,0.10499999672174454,0.24719999730587006,0.006599999964237213,0.8253999948501587,0.24040000140666962,0.2054000049829483,0.29490000009536743
durusdinium_trenchii_TRINITY_DN152488_c1_g1_i1.p1_with_leader_u18_PF00081_M_to_K04564_277,Extracellular,,Peripheral|Soluble,0.05900000035762787,0.021700000390410423,0.7067999839782715,0.1738000065088272,0.5975000262260437,0.3686000108718872,0.06769999861717224,0.027300000190734863,0.04639999940991402,0.04569999873638153,0.7156999707221985,0.08190000057220459,0.10450000315904617,0.598800003528595
durusdinium_trenchii_TRINITY_DN155815_c0_g2_i1.p1_with_leader_u32_PF00081_M_to_K04564_245,Extracellular,Signal peptide,Soluble,0.21549999713897705,0.032099999487400055,0.7947999835014343,0.1762000024318695,0.07599999755620956,0.00139999995008111,0.30399999022483826,0.3930000066757202,0.32710000872612,9.999999747378752e-05,0.41339999437332153,0.10199999809265137,0.051600001752376556,0.7886999845504761
durusdinium_trenchii_TRINITY_DN160370_c0_g1_i1.p1_with_leader_u26_PF00081_M_to_K04564_222,Mitochondrion,Mitochondrial transit peptide,Soluble,0.10779999941587448,0.093299999833107,0.02800000086426735,0.10440000146627426,0.8464999794960022,0.021700000390410423,0.022700000554323196,0.05180000141263008,0.019899999722838402,0.042500000447034836,0.5012000203132629,0.09709999710321426,0.06930000334978104,0.7062000036239624
durusdinium_trenchii_TRINITY_DN160635_c0_g1_i1.p1_with_leader_u52_PF00081_M_to_K04564_277,Golgi apparatus,Signal peptide,Peripheral,0.12200000137090683,0.02850000001490116,0.19619999825954437,0.09120000153779984,0.16089999675750732,0.04529999941587448,0.24860000610351562,0.24719999730587006,0.557200014591217,0.0034000000450760126,0.7552000284194946,0.21559999883174896,0.1574999988079071,0.325300008058548
durusdinium_trenchii_TRINITY_DN160635_c0_g1_i1.p1_with_leader_u38_PF00081_M_to_K04564_277,Mitochondrion,,Peripheral,0.08009999990463257,0.01810000091791153,0.1932000070810318,0.06909999996423721,0.2459000051021576,0.20970000326633453,0.23019999265670776,0.10499999672174454,0.24719999730587006,0.006599999964237213,0.8253999948501587,0.24040000140666962,0.2054000049829483,0.29490000009536743
durusdinium_trenchii_TRINITY_DN160635_c0_g1_i1.p1_with_leader_u18_PF00081_M_to_K04564_277,Extracellular,,Peripheral|Soluble,0.05900000035762787,0.021700000390410423,0.7067999839782715,0.1738000065088272,0.5975000262260437,0.3686000108718872,0.06769999861717224,0.027300000190734863,0.04639999940991402,0.04569999873638153,0.7156999707221985,0.08190000057220459,0.10450000315904617,0.598800003528595
durusdinium_trenchii_TRINITY_DN160635_c0_g1_i2.p1_with_leader_u52_PF00081_M_to_K04564_277,Golgi apparatus,Signal peptide,Peripheral,0.12200000137090683,0.02850000001490116,0.19619999825954437,0.09120000153779984,0.16089999675750732,0.04529999941587448,0.24860000610351562,0.24719999730587006,0.557200014591217,0.0034000000450760126,0.7552000284194946,0.21559999883174896,0.1574999988079071,0.325300008058548
durusdinium_trenchii_TRINITY_DN160635_c0_g1_i2.p1_with_leader_u38_PF00081_M_to_K04564_277,Mitochondrion,,Peripheral,0.08009999990463257,0.01810000091791153,0.1932000070810318,0.06909999996423721,0.2459000051021576,0.20970000326633453,0.23019999265670776,0.10499999672174454,0.24719999730587006,0.006599999964237213,0.8253999948501587,0.24040000140666962,0.2054000049829483,0.29490000009536743
durusdinium_trenchii_TRINITY_DN160635_c0_g1_i2.p1_with_leader_u18_PF00081_M_to_K04564_277,Extracellular,,Peripheral|Soluble,0.05900000035762787,0.021700000390410423,0.7067999839782715,0.1738000065088272,0.5975000262260437,0.3686000108718872,0.06769999861717224,0.027300000190734863,0.04639999940991402,0.04569999873638153,0.7156999707221985,0.08190000057220459,0.10450000315904617,0.598800003528595
prorocentrum_cordatum_20_ex_TRINITY_DN5632_c0_g1_i3.p1_with_leader_u60_PF00081_M_to_K04564_285,Golgi apparatus,,Peripheral,0.07150000333786011,0.028999999165534973,0.22300000488758087,0.07859999686479568,0.19920000433921814,0.11620000004768372,0.2222999930381775,0.13809999823570251,0.36910000443458557,0.007799999788403511,0.7825999855995178,0.218299999833107,0.12970000505447388,0.296099990606308
prorocentrum_cordatum_20_ex_TRINITY_DN5632_c0_g1_i4.p1_with_leader_u60_PF00081_M_to_K04564_258,Golgi apparatus,,Peripheral,0.07109999656677246,0.029400000348687172,0.21220000088214874,0.08219999819993973,0.1988999992609024,0.11620000004768372,0.23109999299049377,0.13600000739097595,0.3716000020503998,0.0066999997943639755,0.7907999753952026,0.2443999946117401,0.15129999816417694,0.274399995803833
prorocentrum_cordatum_20_ex_TRINITY_DN5632_c0_g1_i8.p1_with_leader_u60_PF00081_M_to_K04564_264,Golgi apparatus,Signal peptide,Peripheral,0.07429999858140945,0.02810000069439411,0.23070000112056732,0.08460000157356262,0.19280000030994415,0.11309999972581863,0.28110000491142273,0.15199999511241913,0.39079999923706055,0.006599999964237213,0.7857999801635742,0.22100000083446503,0.13490000367164612,0.30079999566078186
prorocentrum_cordatum_20_ex_TRINITY_DN5632_c0_g1_i9.p1_with_leader_u60_PF00081_M_to_K04564_264,Golgi apparatus,Signal peptide,Peripheral,0.07429999858140945,0.02810000069439411,0.23070000112056732,0.08460000157356262,0.19280000030994415,0.11309999972581863,0.28110000491142273,0.15199999511241913,0.39079999923706055,0.006599999964237213,0.7857999801635742,0.22100000083446503,0.13490000367164612,0.30079999566078186
prorocentrum_cordatum_20_ex_TRINITY_DN11657_c0_g1_i1.p1_with_leader_u58_PF00081_M_to_K04564_294,Golgi apparatus,,Peripheral,0.1039000004529953,0.023600000888109207,0.2637999951839447,0.10140000283718109,0.20579999685287476,0.13600000739097595,0.23090000450611115,0.17100000381469727,0.45249998569488525,0.005200000014156103,0.8205999732017517,0.22439999878406525,0.13680000603199005,0.3192000091075897
prorocentrum_cordatum_20_ex_TRINITY_DN11657_c0_g1_i3.p1_with_leader_u58_PF00081_M_to_K04564_293,Golgi apparatus,,Peripheral,0.10490000247955322,0.023000000044703484,0.25870001316070557,0.10090000182390213,0.20309999585151672,0.1396999955177307,0.22360000014305115,0.16439999639987946,0.4410000145435333,0.00559999980032444,0.8050000071525574,0.23199999332427979,0.1429000049829483,0.32499998807907104
prorocentrum_cordatum_20_ex_TRINITY_DN23936_c1_g1_i1.p1_with_leader_u18_PF00081_M_to_K04564_281,Extracellular,Signal peptide,Soluble,0.1412999927997589,0.030300000682473183,0.8414999842643738,0.08259999752044678,0.0681999996304512,0.07670000195503235,0.16519999504089355,0.3828999996185303,0.295199990272522,0.0020000000949949026,0.483599990606308,0.07620000094175339,0.057999998331069946,0.7581999897956848
prorocentrum_cordatum_20_ex_TRINITY_DN23936_c1_g1_i4.p1_with_leader_u18_PF00081_M_to_K04564_238,Extracellular,Signal peptide,Soluble,0.15960000455379486,0.025100000202655792,0.8172000050544739,0.09430000185966492,0.0731000006198883,0.05689999833703041,0.23909999430179596,0.3174999952316284,0.2818000018596649,0.0017000000225380063,0.5604000091552734,0.12099999934434891,0.06340000033378601,0.7573999762535095
prorocentrum_cordatum_20_ex_TRINITY_DN23936_c1_g1_i5.p1_with_leader_u18_PF00081_M_to_K04564_258,Extracellular,Signal peptide,Soluble,0.13510000705718994,0.03200000151991844,0.8030999898910522,0.0723000019788742,0.06750000268220901,0.05820000171661377,0.1995999962091446,0.34630000591278076,0.23090000450611115,0.002300000051036477,0.5652999877929688,0.07249999791383743,0.042500000447034836,0.7738999724388123
prorocentrum_cordatum_20_st_TRINITY_DN3050_c0_g1_i10.p1_with_leader_u60_PF00081_M_to_K04564_256,Golgi apparatus,,Peripheral,0.07109999656677246,0.029400000348687172,0.21220000088214874,0.08219999819993973,0.1988999992609024,0.11620000004768372,0.23109999299049377,0.13600000739097595,0.3716000020503998,0.0066999997943639755,0.7907999753952026,0.2443999946117401,0.15129999816417694,0.274399995803833
prorocentrum_cordatum_20_st_TRINITY_DN3050_c0_g1_i2.p1_with_leader_u60_PF00081_M_to_K04564_283,Golgi apparatus,,Peripheral,0.07150000333786011,0.028999999165534973,0.22300000488758087,0.07859999686479568,0.19920000433921814,0.11620000004768372,0.2222999930381775,0.13809999823570251,0.36910000443458557,0.007799999788403511,0.7825999855995178,0.218299999833107,0.12970000505447388,0.296099990606308
prorocentrum_cordatum_20_st_TRINITY_DN3050_c0_g1_i4.p1_with_leader_u60_PF00081_M_to_K04564_289,Golgi apparatus,Signal peptide,Peripheral,0.0738999992609024,0.027899999171495438,0.23309999704360962,0.08420000225305557,0.1923999935388565,0.11410000175237656,0.2782999873161316,0.15299999713897705,0.388700008392334,0.006500000134110451,0.785099983215332,0.22179999947547913,0.13379999995231628,0.30070000886917114
prorocentrum_cordatum_20_st_TRINITY_DN3050_c0_g1_i5.p1_with_leader_u60_PF00081_M_to_K04564_289,Golgi apparatus,Signal peptide,Peripheral,0.07429999858140945,0.02810000069439411,0.23070000112056732,0.08460000157356262,0.19280000030994415,0.11309999972581863,0.28110000491142273,0.15199999511241913,0.39079999923706055,0.006599999964237213,0.7857999801635742,0.22100000083446503,0.13490000367164612,0.30079999566078186
prorocentrum_cordatum_20_st_TRINITY_DN3050_c0_g1_i7.p1_with_leader_u60_PF00081_M_to_K04564_289,Golgi apparatus,Signal peptide,Peripheral,0.07429999858140945,0.02810000069439411,0.23070000112056732,0.08460000157356262,0.19280000030994415,0.11309999972581863,0.28110000491142273,0.15199999511241913,0.39079999923706055,0.006599999964237213,0.7857999801635742,0.22100000083446503,0.13490000367164612,0.30079999566078186
prorocentrum_cordatum_20_st_TRINITY_DN3050_c1_g1_i1.p1_with_leader_u58_PF00081_M_to_K04564_291,Golgi apparatus,,Peripheral,0.10490000247955322,0.023000000044703484,0.25870001316070557,0.10090000182390213,0.20309999585151672,0.1396999955177307,0.22360000014305115,0.16439999639987946,0.4410000145435333,0.00559999980032444,0.8050000071525574,0.23199999332427979,0.1429000049829483,0.32499998807907104
prorocentrum_cordatum_20_st_TRINITY_DN3050_c1_g1_i2.p1_with_leader_u58_PF00081_M_to_K04564_292,Golgi apparatus,,Peripheral,0.1039000004529953,0.023600000888109207,0.2637999951839447,0.10140000283718109,0.20579999685287476,0.13600000739097595,0.23090000450611115,0.17100000381469727,0.45249998569488525,0.005200000014156103,0.8205999732017517,0.22439999878406525,0.13680000603199005,0.3192000091075897
prorocentrum_cordatum_20_st_TRINITY_DN3050_c1_g1_i3.p1_with_leader_u58_PF00081_M_to_K04564_291,Golgi apparatus,,Peripheral,0.10490000247955322,0.023099999874830246,0.25929999351501465,0.10000000149011612,0.20319999754428864,0.13989999890327454,0.22300000488758087,0.16349999606609344,0.4410000145435333,0.005499999970197678,0.8054999709129333,0.23019999265670776,0.1446000039577484,0.3255999982357025
prorocentrum_cordatum_20_st_TRINITY_DN21937_c0_g3_i1.p2_with_leader_u18_PF00081_M_to_K04564_260,Extracellular,Signal peptide,Soluble,0.13510000705718994,0.03200000151991844,0.8030999898910522,0.0723000019788742,0.06750000268220901,0.05820000171661377,0.1995999962091446,0.34630000591278076,0.23090000450611115,0.002300000051036477,0.5652999877929688,0.07249999791383743,0.042500000447034836,0.7738999724388123
prorocentrum_cordatum_26_ex_TRINITY_DN563_c1_g1_i1.p1_with_leader_u58_PF00081_M_to_K04564_320,Golgi apparatus,,Peripheral,0.09009999781847,0.0364999994635582,0.241799995303154,0.0771000012755394,0.19249999523162842,0.14839999377727509,0.21199999749660492,0.11630000174045563,0.387800008058548,0.00419999985024333,0.8141000270843506,0.1898999959230423,0.1517000049352646,0.35359999537467957
prorocentrum_cordatum_26_ex_TRINITY_DN563_c1_g1_i2.p1_with_leader_u60_PF00081_M_to_K04564_284,Golgi apparatus,,Peripheral,0.07199999690055847,0.029100000858306885,0.21979999542236328,0.07900000363588333,0.1996999979019165,0.11659999936819077,0.2273000031709671,0.13910000026226044,0.37529999017715454,0.007899999618530273,0.7847999930381775,0.21690000593662262,0.12880000472068787,0.2957000136375427
prorocentrum_cordatum_26_ex_TRINITY_DN563_c1_g1_i4.p1_with_leader_u60_PF00081_M_to_K04564_284,Golgi apparatus,,Peripheral,0.07199999690055847,0.029100000858306885,0.21979999542236328,0.07900000363588333,0.1996999979019165,0.11659999936819077,0.2273000031709671,0.13910000026226044,0.37529999017715454,0.007899999618530273,0.7847999930381775,0.21690000593662262,0.12880000472068787,0.2957000136375427
prorocentrum_cordatum_26_ex_TRINITY_DN563_c1_g1_i5.p1_with_leader_u60_PF00081_M_to_K04564_289,Golgi apparatus,Signal peptide,Peripheral,0.07460000365972519,0.02800000086426735,0.22859999537467957,0.08489999920129776,0.19269999861717224,0.11289999634027481,0.2851000130176544,0.1534000039100647,0.3950999975204468,0.006599999964237213,0.7875000238418579,0.219200000166893,0.13279999792575836,0.3012999892234802
prorocentrum_cordatum_26_ex_TRINITY_DN563_c1_g1_i6.p1_with_leader_u60_PF00081_M_to_K04564_289,Golgi apparatus,Signal peptide,Peripheral,0.07460000365972519,0.02800000086426735,0.22859999537467957,0.08489999920129776,0.19269999861717224,0.11289999634027481,0.2851000130176544,0.1534000039100647,0.3950999975204468,0.006599999964237213,0.7875000238418579,0.219200000166893,0.13279999792575836,0.3012999892234802
prorocentrum_cordatum_26_ex_TRINITY_DN563_c1_g1_i7.p1_with_leader_u58_PF00081_M_to_K04564_264,Golgi apparatus,,Peripheral,0.08590000122785568,0.03689999878406525,0.23880000412464142,0.08129999786615372,0.1850000023841858,0.13899999856948853,0.21610000729560852,0.12460000067949295,0.4023999869823456,0.003599999938160181,0.826200008392334,0.21879999339580536,0.17100000381469727,0.3257000148296356
prorocentrum_cordatum_26_ex_TRINITY_DN563_c1_g1_i8.p1_with_leader_u60_PF00081_M_to_K04564_284,Golgi apparatus,,Peripheral,0.07190000265836716,0.028999999165534973,0.22269999980926514,0.07880000025033951,0.20029999315738678,0.11649999767541885,0.2280000001192093,0.1388999968767166,0.37529999017715454,0.007799999788403511,0.7843999862670898,0.21770000457763672,0.12800000607967377,0.2955999970436096
prorocentrum_cordatum_26_ex_TRINITY_DN18142_c0_g1_i1.p1_with_leader_u18_PF00081_M_to_K04564_259,Extracellular,Signal peptide,Soluble,0.13510000705718994,0.03200000151991844,0.8030999898910522,0.0723000019788742,0.06750000268220901,0.05820000171661377,0.1995999962091446,0.34630000591278076,0.23090000450611115,0.002300000051036477,0.5652999877929688,0.07249999791383743,0.042500000447034836,0.7738999724388123
prorocentrum_cordatum_26_st_TRINITY_DN2417_c0_g1_i1.p1_with_leader_u60_PF00081_M_to_K04564_264,Golgi apparatus,Signal peptide,Peripheral,0.07500000298023224,0.02800000086426735,0.2264000028371811,0.08449999988079071,0.19120000302791595,0.11190000176429749,0.28220000863075256,0.15160000324249268,0.39419999718666077,0.006599999964237213,0.7842000126838684,0.22169999778270721,0.13179999589920044,0.3009999990463257
prorocentrum_cordatum_26_st_TRINITY_DN2417_c0_g1_i12.p1_with_leader_u58_PF00081_M_to_K04564_286,Golgi apparatus,,Peripheral,0.09080000221729279,0.0364999994635582,0.23810000717639923,0.07699999958276749,0.19040000438690186,0.14560000598430634,0.2101999968290329,0.11410000175237656,0.3856000006198883,0.004100000020116568,0.8112000226974487,0.19120000302791595,0.1501999944448471,0.35530000925064087
prorocentrum_cordatum_26_st_TRINITY_DN2417_c0_g1_i3.p1_with_leader_u60_PF00081_M_to_K04564_255,Golgi apparatus,,Peripheral,0.07169999927282333,0.02930000051856041,0.20999999344348907,0.08219999819993973,0.1988999992609024,0.11559999734163284,0.23229999840259552,0.13609999418258667,0.37439998984336853,0.006800000090152025,0.7901999950408936,0.2451000064611435,0.14920000731945038,0.27320000529289246
prorocentrum_cordatum_26_st_TRINITY_DN2417_c0_g1_i4.p1_with_leader_u60_PF00081_M_to_K04564_282,Golgi apparatus,,Peripheral,0.0723000019788742,0.02889999933540821,0.22030000388622284,0.07850000262260437,0.1987999975681305,0.11559999734163284,0.2232999950647354,0.13809999823570251,0.37209999561309814,0.007799999788403511,0.7810999751091003,0.21969999372959137,0.12710000574588776,0.2955999970436096
prorocentrum_cordatum_26_st_TRINITY_DN2417_c0_g1_i5.p1_with_leader_u58_PF00081_M_to_K04564_286,Golgi apparatus,,Peripheral,0.09080000221729279,0.0364999994635582,0.23810000717639923,0.07699999958276749,0.19040000438690186,0.14560000598430634,0.2101999968290329,0.11410000175237656,0.3856000006198883,0.004100000020116568,0.8112000226974487,0.19120000302791595,0.1501999944448471,0.35530000925064087
prorocentrum_cordatum_26_st_TRINITY_DN2417_c0_g1_i9.p1_with_leader_u60_PF00081_M_to_K04564_264,Golgi apparatus,Signal peptide,Peripheral,0.07500000298023224,0.02800000086426735,0.2264000028371811,0.08449999988079071,0.19120000302791595,0.11190000176429749,0.28220000863075256,0.15160000324249268,0.39419999718666077,0.006599999964237213,0.7842000126838684,0.22169999778270721,0.13179999589920044,0.3009999990463257
prorocentrum_cordatum_26_st_TRINITY_DN46994_c0_g1_i1.p2_with_leader_u18_PF00081_M_to_K04564_261,Extracellular,Signal peptide,Soluble,0.13510000705718994,0.03200000151991844,0.8030999898910522,0.0723000019788742,0.06750000268220901,0.05820000171661377,0.1995999962091446,0.34630000591278076,0.23090000450611115,0.002300000051036477,0.5652999877929688,0.07249999791383743,0.042500000447034836,0.7738999724388123
prorocentrum_cordatum_30_ex_TRINITY_DN8231_c0_g2_i2.p1_with_leader_u60_PF00081_M_to_K04564_282,Golgi apparatus,,Peripheral,0.07150000333786011,0.028999999165534973,0.22300000488758087,0.07859999686479568,0.19920000433921814,0.11620000004768372,0.2222999930381775,0.13809999823570251,0.36910000443458557,0.007799999788403511,0.7825999855995178,0.218299999833107,0.12970000505447388,0.296099990606308
prorocentrum_cordatum_30_ex_TRINITY_DN8231_c0_g2_i3.p1_with_leader_u60_PF00081_M_to_K04564_255,Golgi apparatus,,Peripheral,0.07109999656677246,0.029400000348687172,0.21220000088214874,0.08219999819993973,0.1988999992609024,0.11620000004768372,0.23109999299049377,0.13600000739097595,0.3716000020503998,0.0066999997943639755,0.7907999753952026,0.2443999946117401,0.15129999816417694,0.274399995803833
prorocentrum_cordatum_30_ex_TRINITY_DN8231_c0_g2_i5.p1_with_leader_u60_PF00081_M_to_K04564_282,Golgi apparatus,,Peripheral,0.0706000030040741,0.02979999966919422,0.21960000693798065,0.08500000089406967,0.1995999962091446,0.1137000024318695,0.22419999539852142,0.13189999759197235,0.3555999994277954,0.007499999832361937,0.7874000072479248,0.20970000326633453,0.12870000302791595,0.30239999294281006
prorocentrum_cordatum_30_ex_TRINITY_DN8231_c0_g2_i6.p1_with_leader_u60_PF00081_M_to_K04564_282,Golgi apparatus,,Peripheral,0.0706000030040741,0.02979999966919422,0.21960000693798065,0.08500000089406967,0.1995999962091446,0.1137000024318695,0.22419999539852142,0.13189999759197235,0.3555999994277954,0.007499999832361937,0.7874000072479248,0.20970000326633453,0.12870000302791595,0.30239999294281006
prorocentrum_cordatum_30_ex_TRINITY_DN8231_c0_g1_i2.p1_with_leader_u58_PF00081_M_to_K04564_312,Golgi apparatus,,Peripheral,0.09399999678134918,0.035599999129772186,0.2361000031232834,0.08370000123977661,0.18569999933242798,0.16459999978542328,0.21150000393390656,0.12099999934434891,0.39259999990463257,0.004399999976158142,0.8127999901771545,0.18289999663829803,0.15649999678134918,0.34610000252723694
prorocentrum_cordatum_30_ex_TRINITY_DN8231_c0_g1_i6.p1_with_leader_u58_PF00081_M_to_K04564_311,Golgi apparatus,,Peripheral,0.09440000355243683,0.03500000014901161,0.2282000035047531,0.08349999785423279,0.18440000712871552,0.1656000018119812,0.20589999854564667,0.11729999631643295,0.38580000400543213,0.004699999932199717,0.7953000068664551,0.19020000100135803,0.1606999933719635,0.35190001130104065
prorocentrum_cordatum_30_st_TRINITY_DN1586_c0_g1_i10.p1_with_leader_u60_PF00081_M_to_K04564_281,Golgi apparatus,,Peripheral,0.07150000333786011,0.028999999165534973,0.22300000488758087,0.07859999686479568,0.19920000433921814,0.11620000004768372,0.2222999930381775,0.13809999823570251,0.36910000443458557,0.007799999788403511,0.7825999855995178,0.218299999833107,0.12970000505447388,0.296099990606308
prorocentrum_cordatum_30_st_TRINITY_DN1586_c0_g1_i12.p1_with_leader_u60_PF00081_M_to_K04564_288,Golgi apparatus,Signal peptide,Peripheral,0.07429999858140945,0.02810000069439411,0.23070000112056732,0.08460000157356262,0.19280000030994415,0.11309999972581863,0.28110000491142273,0.15199999511241913,0.39079999923706055,0.006599999964237213,0.7857999801635742,0.22100000083446503,0.13490000367164612,0.30079999566078186
prorocentrum_cordatum_30_st_TRINITY_DN1586_c0_g1_i7.p1_with_leader_u60_PF00081_M_to_K04564_288,Golgi apparatus,Signal peptide,Peripheral,0.07429999858140945,0.02810000069439411,0.23070000112056732,0.08460000157356262,0.19280000030994415,0.11309999972581863,0.28110000491142273,0.15199999511241913,0.39079999923706055,0.006599999964237213,0.7857999801635742,0.22100000083446503,0.13490000367164612,0.30079999566078186
prorocentrum_cordatum_30_st_TRINITY_DN1586_c0_g1_i9.p1_with_leader_u60_PF00081_M_to_K04564_254,Golgi apparatus,,Peripheral,0.07109999656677246,0.029400000348687172,0.21220000088214874,0.08219999819993973,0.1988999992609024,0.11620000004768372,0.23109999299049377,0.13600000739097595,0.3716000020503998,0.0066999997943639755,0.7907999753952026,0.2443999946117401,0.15129999816417694,0.274399995803833
prorocentrum_cordatum_30_st_TRINITY_DN2557_c0_g1_i1.p1_with_leader_u58_PF00081_M_to_K04564_291,Golgi apparatus,,Peripheral,0.10409999638795853,0.023600000888109207,0.2572000026702881,0.10000000149011612,0.20469999313354492,0.13840000331401825,0.22509999573230743,0.16539999842643738,0.44209998846054077,0.00570000009611249,0.8069999814033508,0.2321999967098236,0.14710000157356262,0.3237999975681305
prorocentrum_cordatum_30_st_TRINITY_DN2557_c0_g1_i2.p1_with_leader_u58_PF00081_M_to_K04564_292,Golgi apparatus,,Peripheral,0.10339999943971634,0.02410000003874302,0.26260000467300415,0.10029999911785126,0.20749999582767487,0.13490000367164612,0.2320999950170517,0.1728000044822693,0.4542999863624573,0.0052999998442828655,0.8226000070571899,0.22499999403953552,0.14139999449253082,0.3172000050544739
prorocentrum_cordatum_30_st_TRINITY_DN3926_c0_g1_i1.p1_with_leader_u18_PF00081_M_to_K04564_260,Extracellular,Signal peptide,Soluble,0.14569999277591705,0.029100000858306885,0.8113999962806702,0.08259999752044678,0.08049999922513962,0.06279999762773514,0.23010000586509705,0.33160001039505005,0.2214999943971634,0.0019000000320374966,0.5623999834060669,0.051600001752376556,0.066600002348423,0.786300003528595
