protein accession	sequence accession	genome accession	contig accession	pass all	Leader().upstreamOfPfam('PF00081').betweenAA(-40, -15).is_SP(deeploc=True)	Pfam.matches('PF00081')	Pfam.matches('PF02777')	KO.matches('K04564', bound_cterm=True)	HMMAlignment('k04564.hmm').is_at('H', 61)	HMMAlignment('k04564.hmm').is_at('H', 106)	HMMAlignment('k04564.hmm').is_at('D', 187)	HMMAlignment('k04564.hmm').is_at('H', 191)	HMMAlignment('k04564.hmm').matches_regex('[QDK]', 196)	TFMotifs.has_within(20, 'GM.5.0.Rel', 'GM.5.0.bZIP', min_score_threshold=8)	Leader.call('mTP')	Leader.call('SP')	Leader.localization	Leader.call('Cell membrane')	Leader.call('Cytoplasm')	Leader.call('Endoplasmic reticulum')	Leader.call('Extracellular')	Leader.call('Golgi apparatus')	Leader.call('Lipid anchor')	Leader.call('Lysosome/Vacuole')	Leader.call('Mitochondrion')	Leader.call('Nucleus')	Leader.call('Peripheral')	Leader.call('Peroxisome')	Leader.call('Plastid')	Leader.call('Soluble')	Leader.call('Transmembrane')
MPSW01000651.1_K04564_015d9ebc	MPSW01000651.1_K04564_015d9ebc_with_leader_u38_PF00081_M_to_K04564_193	GCA_001896105.1	MPSW01000651.1	true	true	true	true	true	true	true	true	true	true	yes	0	100	Lysosome/Vacuole	15	22	46	40	39	6	57	4	8	37	0	7	70	19
MPSW01001707.1_K04564_7b9e297c	MPSW01001707.1_K04564_7b9e297c_with_leader_u26_PF00081_M_to_K04564_199	GCA_001896105.1	MPSW01001707.1	false	false	true	true	true	true	true	true	true	true	yes	100	0	Mitochondrion	8	15	4	4	4	8	6	86	8	49	2	2	74	9
RDEB01000110.1_K04564_86e229fd	RDEB01000110.1_K04564_86e229fd_with_leader_u26_PF00081_M_to_K04564_193	GCA_006542545.1	RDEB01000110.1	false	false	true	true	true	true	true	true	true	true	yes	100	0	Mitochondrion	9	15	2	2	4	6	7	87	7	49	1	1	69	14
BLAZ01000169.1_K04564_9f65b912	BLAZ01000169.1_K04564_9f65b912_with_leader_u27_PF00081_M_to_K04564_192	GCA_014633955.1	BLAZ01000169.1	false	false	true	true	true	true	true	true	true	true	too_far	100	0	Mitochondrion	7	20	4	4	6	5	9	94	6	52	1	1	69	12
BLEZ01003184.1_K04564_dc8bf6ad	BLEZ01003184.1_K04564_dc8bf6ad_with_leader_u27_PF00081_M_to_K04564_194	GCA_014633975.1	BLEZ01003184.1	false	false	true	true	true	true	true	true	true	true	too_far	100	0	Mitochondrion	8	17	2	3	4	5	7	92	7	47	2	1	68	12
BLFE01002088.1_K04564_10e43317	BLFE01002088.1_K04564_10e43317_with_leader_u27_PF00081_M_to_K04564_192	GCA_014634605.1	BLFE01002088.1	false	false	true	true	true	true	true	true	true	true	yes	100	0	Mitochondrion	8	19	3	4	6	6	7	93	7	52	1	1	67	12
JAJLRJ010000007.1_K04564_fcb962ee	JAJLRJ010000007.1_K04564_fcb962ee_with_leader_u25_PF00081_M_to_K04564_195	GCA_024195265.1	JAJLRJ010000007.1	false	false	true	true	true	true	true	true	true	true	yes	100	0	Mitochondrion	10	16	3	3	4	10	7	89	9	46	2	1	71	11
KAJ7371307.1	KAJ7371307.1_to_K04564_223	GCA_029204205.1	MU826849.1	false	false	true	true	true	true	true	true	true	true	yes	100	0	Mitochondrion	9	13	2	4	2	7	5	90	9	51	1	1	74	8
KAJ7390115.1	KAJ7390115.1_to_K04564_248	GCA_029204205.1	MU825420.1	true	true	true	true	true	true	true	true	true	true	yes	0	100	Lysosome/Vacuole	7	19	42	57	40	6	59	8	7	50	0	2	71	13
MU825420.1_K04564_3d91ab54	MU825420.1_K04564_3d91ab54_with_leader_u34_PF00081_M_to_K04564_198	GCA_029204205.1	MU825420.1	true	true	true	true	true	true	true	true	true	true	yes	0	100	Lysosome/Vacuole	8	22	46	46	35	5	47	8	8	45	1	7	71	17
MU826849.1_K04564_291d850d	MU826849.1_K04564_291d850d_with_leader_u26_PF00081_M_to_K04564_196	GCA_029204205.1	MU826849.1	false	false	true	true	true	true	true	true	true	true	yes	100	0	Mitochondrion	11	14	2	3	2	7	6	86	9	46	2	2	74	8
JARQWQ010000030.1_K04564_a7361c5a	JARQWQ010000030.1_K04564_a7361c5a_with_leader_u27_PF00081_M_to_K04564_192	GCA_032359415.1	JARQWQ010000030.1	false	false	true	true	true	true	true	true	true	true	too_far	100	0	Mitochondrion	8	17	2	3	4	6	7	93	7	49	1	1	68	12
KAK2562129.1	KAK2562129.1_to_K04564_191	GCA_032359415.1	JARQWQ010000030.1	false	false	true	true	true	true	false	true	true	true	too_far	100	0	Mitochondrion	6	19	3	9	7	4	7	85	9	55	0	1	74	8
KAK2562129.1	KAK2562129.1_with_leader_u27_PF00081_M_to_K04564_191	GCA_032359415.1	JARQWQ010000030.1	false	false	true	true	true	true	false	true	true	true	too_far	100	0	Mitochondrion	6	17	2	4	5	4	7	93	6	52	1	1	74	8
JAUJYZ010000740.1_K04564_87e6c451	JAUJYZ010000740.1_K04564_87e6c451_with_leader_u26_PF00081_anchor_M_to_K04564_199	GCA_033675265.1	JAUJYZ010000740.1	false	false	true	true	true	true	true	true	true	true	yes	100	0	Mitochondrion	9	13	2	3	2	7	4	84	11	50	2	3	70	10
JAUJYZ010000745.1_K04564_47603ed6	JAUJYZ010000745.1_K04564_47603ed6_with_leader_u31_PF00081_M_to_K04564_191	GCA_033675265.1	JAUJYZ010000745.1	true	true	true	true	true	true	true	true	true	true	yes	0	100	Extracellular	14	25	36	63	28	7	52	5	4	37	0	0	78	12
KAK3736516.1	KAK3736516.1_to_K04564_242	GCA_033675265.1	JAUJYZ010000745.1	true	true	true	true	true	true	true	true	true	true	yes	0	100	Extracellular	14	29	34	60	29	10	53	5	7	40	0	0	77	9
KAK3736644.1	KAK3736644.1_to_K04564_222	GCA_033675265.1	JAUJYZ010000740.1	false	false	true	true	true	true	true	true	true	true	yes	100	0	Mitochondrion	8	12	1	4	2	6	4	84	11	52	2	3	71	8
CM106374.1_K04564_529830d2	CM106374.1_K04564_529830d2_with_leader_u26_PF00081_M_to_K04564_196	GCA_047906015.2	CM106374.1	false	false	true	true	true	true	true	true	true	true	yes	100	0	Mitochondrion	10	16	2	4	3	8	4	88	8	48	2	1	73	9
CM106378.1_K04564_64fa28d1	CM106378.1_K04564_64fa28d1_with_leader_u33_PF00081_M_to_K04564_194	GCA_047906015.2	CM106378.1	true	true	true	true	true	true	true	true	true	true	yes	0	100	Extracellular	9	19	38	56	31	6	51	6	5	39	1	5	76	13
CAB3989857.1	CAB3989857.1_to_K04564_245	GCA_902702795.2	CACRXK020001562.1	true	true	true	true	true	true	true	true	true	true	yes	0	100	Extracellular	9	32	43	64	41	5	53	14	6	39	0	0	80	9
CAB3994625.1	CAB3994625.1_to_K04564_97	GCA_902702795.2	CACRXK020002501.1	false	false	true	false	true	true	false	false	false	false	missing_GM.5.0.Rel	100	0	Mitochondrion	8	12	1	5	5	7	7	92	6	72	0	1	64	16
CACRXK020001562.1_K04564_ba438d0e	CACRXK020001562.1_K04564_ba438d0e_with_leader_u35_PF00081_M_to_K04564_192	GCA_902702795.2	CACRXK020001562.1	true	true	true	true	true	true	true	true	true	true	yes	0	100	Extracellular	12	31	49	73	36	6	52	16	4	38	0	0	80	13
CACRXK020002501.1_K04564_f2b5b9d1	CACRXK020002501.1_K04564_f2b5b9d1_with_leader_u28_PF00081_M_to_K04564_70	GCA_902702795.2	CACRXK020002501.1	false	false	true	false	true	true	false	false	false	false	missing_GM.5.0.Rel	100	0	Mitochondrion	9	12	2	4	6	7	7	93	6	75	1	1	66	13
CAH3015114.1	CAH3015114.1_with_leader_u26_PF00081_M_to_K04564_259	GCA_942486025.1	CALNXI010000019.1	false	false	true	true	true	true	true	true	true	true	yes	100	0	Mitochondrion	10	18	3	7	5	7	7	90	8	50	1	1	72	9
CAH3015114.1	CAH3015114.1_with_leader_u17_PF00081_M_to_K04564_259	GCA_942486025.1	CALNXI010000019.1	false	false	true	true	true	true	true	true	true	true	yes	100	0	Mitochondrion	8	14	3	13	3	6	6	85	11	49	2	2	74	7
CAH3167338.1	CAH3167338.1_to_K04564_247	GCA_942486025.1	CALNXI010001387.1	true	true	true	true	true	true	true	true	true	true	yes	0	100	Extracellular|Lysosome/Vacuole	9	32	53	64	53	6	68	4	7	46	0	0	75	13
CALNXI010000019.1_K04564_9c58f698	CALNXI010000019.1_K04564_9c58f698_with_leader_u26_PF00081_M_to_K04564_195	GCA_942486025.1	CALNXI010000019.1	false	false	true	true	true	true	true	true	true	true	yes	100	0	Mitochondrion	10	18	3	5	5	6	6	86	7	45	1	2	71	11
CALNXI010000019.1_K04564_9c58f698	CALNXI010000019.1_K04564_9c58f698_with_leader_u17_PF00081_M_to_K04564_195	GCA_942486025.1	CALNXI010000019.1	false	false	true	true	true	true	true	true	true	true	yes	100	0	Mitochondrion	7	14	3	11	3	6	6	79	10	45	2	3	72	9
CALNXI010001387.1_K04564_b0e36d4a	CALNXI010001387.1_K04564_b0e36d4a_with_leader_u37_PF00081_M_to_K04564_194	GCA_942486025.1	CALNXI010001387.1	true	true	true	true	true	true	true	true	true	true	yes	0	100	Lysosome/Vacuole	14	25	50	51	47	7	71	4	6	44	1	2	74	14
CAH3113625.1	CAH3113625.1_to_K04564_245	GCA_942486035.1	CALNXK010000026.1	true	true	true	true	true	true	true	true	true	true	yes	0	100	Extracellular	7	25	33	62	42	4	58	7	5	48	1	1	77	12
CAH3121122.1	CAH3121122.1_to_K04564_223	GCA_942486035.1	CALNXK010000035.1	false	false	true	true	true	true	true	true	true	true	yes	100	0	Mitochondrion	10	18	3	7	6	7	6	91	8	50	1	1	72	9
CAH3121122.1	CAH3121122.1_with_leader_u17_PF00081_M_to_K04564_223	GCA_942486035.1	CALNXK010000035.1	false	false	true	true	true	true	true	true	true	true	yes	100	0	Mitochondrion	8	13	3	13	3	6	6	86	11	49	2	2	74	7
CALNXK010000026.1_K04564_ed584393	CALNXK010000026.1_K04564_ed584393_with_leader_u35_PF00081_anchor_M_to_K04564_204	GCA_942486035.1	CALNXK010000026.1	true	true	true	true	true	true	true	true	true	true	yes	0	100	Lysosome/Vacuole	11	19	34	54	34	5	58	6	5	48	3	8	76	12
CALNXK010000035.1_K04564_4c740ac6	CALNXK010000035.1_K04564_4c740ac6_with_leader_u26_PF00081_M_to_K04564_195	GCA_942486035.1	CALNXK010000035.1	false	false	true	true	true	true	true	true	true	true	yes	100	0	Mitochondrion	10	17	3	5	5	6	6	87	8	46	1	2	71	11
CALNXK010000035.1_K04564_4c740ac6	CALNXK010000035.1_K04564_4c740ac6_with_leader_u17_PF00081_M_to_K04564_195	GCA_942486035.1	CALNXK010000035.1	false	false	true	true	true	true	true	true	true	true	yes	100	0	Mitochondrion	7	14	3	11	3	6	6	81	9	46	2	3	72	9
CAH3109050.1	CAH3109050.1_to_K04564_247	GCA_942486045.1	CALNXJ010000011.1	true	true	true	true	true	true	true	true	true	true	yes	0	100	Extracellular	12	27	28	65	35	5	31	10	4	46	1	4	68	17
CAH3154858.1	CAH3154858.1_to_K04564_223	GCA_942486045.1	CALNXJ010000056.1	false	false	true	true	true	true	true	true	true	true	yes	100	0	Mitochondrion	9	15	4	4	3	6	7	87	9	52	3	2	71	9
CALNXJ010000011.1_K04564_5e644e17	CALNXJ010000011.1_K04564_5e644e17_with_leader_u36_PF00081_M_to_K04564_197	GCA_942486045.1	CALNXJ010000011.1	true	true	true	true	true	true	true	true	true	true	yes	0	100	Extracellular	8	28	30	53	37	5	30	9	5	43	2	6	71	19
CALNXJ010000056.1_K04564_bcab822f	CALNXJ010000056.1_K04564_bcab822f_with_leader_u26_PF00081_M_to_K04564_194	GCA_942486045.1	CALNXJ010000056.1	false	false	true	true	true	true	true	true	true	true	yes	100	0	Mitochondrion	11	17	4	3	3	6	7	77	9	42	4	7	69	13
OZ116702.1_K04564_7a632fe8	OZ116702.1_K04564_7a632fe8_with_leader_u26_PF00081_M_to_K04564_199	GCA_964199315.1	OZ116702.1	false	false	true	true	true	true	true	true	true	true	yes	100	0	Mitochondrion	8	15	4	4	4	8	5	87	8	51	2	2	73	9
OZ116712.1_K04564_f67ada29	OZ116712.1_K04564_f67ada29_with_leader_u38_PF00081_M_to_K04564_193	GCA_964199315.1	OZ116712.1	true	true	true	true	true	true	true	true	true	true	yes	0	100	Lysosome/Vacuole	15	22	48	38	39	6	58	5	8	40	0	7	69	20
NW_001830281.1_K04564_aabf75a2	NW_001830281.1_K04564_aabf75a2_with_leader_u16_PF00081_M_to_K04564_201	GCF_000209225.1	NW_001830281.1	false	false	true	true	true	true	true	true	true	false	too_far	0	0	Cytoplasm	10	69	8	56	4	7	3	21	39	50	10	5	80	7
NW_001834379.1_K04564_218b7627	NW_001834379.1_K04564_218b7627_with_leader_u35_PF00081_M_to_K04564_200	GCF_000209225.1	NW_001834379.1	true	true	true	true	true	true	true	true	true	true	yes	0	100	Extracellular|Lysosome/Vacuole	14	20	43	62	38	3	65	7	5	37	0	2	74	16
NW_001834409.1_K04564_dd4ebe9b	NW_001834409.1_K04564_dd4ebe9b_with_leader_u23_PF00081_M_to_K04564_201	GCF_000209225.1	NW_001834409.1	false	false	true	true	true	true	true	true	true	true	yes	100	0	Mitochondrion	8	15	1	3	2	7	5	89	10	53	2	1	73	9
XP_001641079.1	XP_001641079.1_to_K04564_220	GCF_000209225.1	NW_001834409.1	false	false	true	true	true	true	true	true	true	true	yes	100	0	Mitochondrion	7	14	1	3	2	8	5	90	9	57	2	1	69	8
XP_032242609.1	XP_032242609.1_to_K04564_248	GCF_000209225.1	NW_001834379.1	true	true	true	true	true	true	true	true	true	true	yes	0	100	Extracellular|Lysosome/Vacuole	10	22	36	76	41	5	63	9	5	43	0	1	76	13
NW_015441130.1_K04564_74b04aa7	NW_015441130.1_K04564_74b04aa7_with_leader_u27_PF00081_M_to_K04564_91	GCF_000222465.1	NW_015441130.1	false	false	true	false	true	true	true	false	false	false	yes	100	0	Mitochondrion	9	13	3	5	5	4	4	93	6	71	1	1	73	8
XP_015756014.1	XP_015756014.1_to_K04564_121	GCF_000222465.1	NW_015441130.1	false	false	true	false	true	true	true	false	false	false	yes	100	0	Mitochondrion	8	13	2	5	4	4	5	94	6	72	1	1	72	9
NW_018384609.1_K04564_9ada1ad3	NW_018384609.1_K04564_9ada1ad3_with_leader_u26_PF00081_M_to_K04564_193	GCF_001417965.1	NW_018384609.1	false	false	true	true	true	true	true	true	true	true	yes	100	0	Mitochondrion	10	14	2	2	2	9	5	85	10	48	2	1	61	21
NW_018385051.1_K04564_bf905449	NW_018385051.1_K04564_bf905449_with_leader_u32_PF00081_M_to_K04564_193	GCF_001417965.1	NW_018385051.1	true	true	true	true	true	true	true	true	true	true	yes	0	100	Extracellular	17	20	39	75	35	4	31	11	3	34	0	0	75	15
XP_020892835.1	XP_020892835.1_to_K04564_222	GCF_001417965.1	NW_018384609.1	false	false	true	true	true	true	true	true	true	true	yes	100	0	Mitochondrion	11	11	2	3	2	7	5	85	9	50	4	2	71	10
XP_020896468.1	XP_020896468.1_to_K04564_244	GCF_001417965.1	NW_018385051.1	true	true	true	true	true	true	true	true	true	true	yes	0	100	Extracellular	17	20	35	80	35	6	39	7	4	42	0	0	77	11
NW_018149874.1_K04564_116bcf4d	NW_018149874.1_K04564_116bcf4d_with_leader_u38_PF00081_M_to_K04564_193	GCF_002042975.1	NW_018149874.1	true	true	true	true	true	true	true	true	true	true	yes	0	100	Lysosome/Vacuole	15	22	46	40	39	6	57	4	8	37	0	7	70	19
NW_018149988.1_K04564_d6a2d83a	NW_018149988.1_K04564_d6a2d83a_with_leader_u26_PF00081_M_to_K04564_199	GCF_002042975.1	NW_018149988.1	false	false	true	true	true	true	true	true	true	true	yes	100	0	Mitochondrion	8	15	4	4	4	8	6	86	8	49	2	2	74	9
XP_020623159.1	XP_020623159.1_to_K04564_248	GCF_002042975.1	NW_018149874.1	true	true	true	true	true	true	true	true	true	true	yes	0	100	Lysosome/Vacuole	10	23	48	52	42	6	60	5	10	42	0	2	73	13
XP_020624989.1	XP_020624989.1_to_K04564_224	GCF_002042975.1	NW_018149988.1	false	false	true	true	true	true	true	true	true	true	yes	100	0	Mitochondrion	8	18	4	3	4	9	6	84	9	56	3	1	73	7
NW_019217915.1_K04564_8c7a1a6e	NW_019217915.1_K04564_8c7a1a6e_with_leader_u35_PF00081_M_to_K04564_193	GCF_002571385.2	NW_019217915.1	true	true	true	true	true	true	true	true	true	true	yes	0	100	Lysosome/Vacuole	12	28	31	49	40	7	50	4	6	36	1	4	74	17
NW_019218106.1_K04564_a8e289e7	NW_019218106.1_K04564_a8e289e7_with_leader_u26_PF00081_M_to_K04564_195	GCF_002571385.2	NW_019218106.1	false	false	true	true	true	true	true	true	true	true	yes	100	0	Mitochondrion	11	18	4	2	2	5	7	78	11	44	5	10	68	13
NW_019218106.1_K04564_a8e289e7	NW_019218106.1_K04564_a8e289e7_with_leader_u25_PF00081_M_to_K04564_195	GCF_002571385.2	NW_019218106.1	false	false	true	true	true	true	true	true	true	true	yes	100	0	Mitochondrion	9	18	4	2	2	6	7	74	11	44	6	14	68	13
XP_022789717.1	XP_022789717.1_to_K04564_246	GCF_002571385.2	NW_019217915.1	true	true	true	true	true	true	true	true	true	true	yes	0	100	Extracellular	12	25	29	68	40	8	47	7	5	42	0	1	74	12
XP_022799031.1	XP_022799031.1_to_K04564_223	GCF_002571385.2	NW_019218106.1	false	false	true	true	true	true	true	true	true	true	yes	100	0	Mitochondrion	9	15	3	4	3	6	6	89	10	55	4	4	70	9
XP_022799031.1	XP_022799031.1_with_leader_u25_PF00081_M_to_K04564_223	GCF_002571385.2	NW_019218106.1	false	false	true	true	true	true	true	true	true	true	yes	100	0	Mitochondrion	7	15	3	3	2	6	6	87	10	55	6	5	70	9
NW_020845403.1_K04564_b41b5453	NW_020845403.1_K04564_b41b5453_with_leader_u26_PF00081_M_to_K04564_204	GCF_003704095.1	NW_020845403.1	false	false	true	true	true	true	true	true	true	true	yes	100	0	Mitochondrion	10	15	5	2	3	6	7	78	9	42	4	8	64	14
XP_027044652.1	XP_027044652.1_to_K04564_173	GCF_003704095.1	NW_020845403.1	false	false	true	true	true	true	true	false	false	false	yes	100	0	Mitochondrion	9	15	4	3	3	7	7	86	9	70	3	3	70	11
XP_027045969.1	XP_027045969.1_to_K04564_246	GCF_003704095.1	NW_020845583.1	true	true	true	true	true	true	true	true	true	true	too_far	0	100	Extracellular	8	36	34	58	44	7	43	12	7	46	0	1	69	16
NW_021126546.1_K04564_2e4adbc0	NW_021126546.1_K04564_2e4adbc0_with_leader_u27_PF00081_M_to_K04564_194	GCF_004143615.1	NW_021126546.1	false	false	true	true	true	true	true	true	true	true	too_far	100	0	Mitochondrion	8	16	2	3	4	5	7	93	7	48	1	1	68	13
NW_021163045.1_K04564_93184bc0	NW_021163045.1_K04564_93184bc0_with_leader_u35_PF00081_M_to_K04564_197	GCF_004324835.1	NW_021163045.1	true	true	true	true	true	true	true	true	true	true	too_far	0	100	Extracellular|Lysosome/Vacuole	11	26	47	63	40	6	63	8	4	37	0	0	78	16
NW_021163057.1_K04564_58bba69c	NW_021163057.1_K04564_58bba69c_with_leader_u28_PF00081_M_to_K04564_194	GCF_004324835.1	NW_021163057.1	false	false	true	true	true	true	true	true	true	true	too_far	100	0	Mitochondrion	8	15	1	3	3	6	7	88	7	60	2	1	68	12
XP_028402961.1	XP_028402961.1_to_K04564_244	GCF_004324835.1	NW_021163045.1	true	true	true	true	true	true	true	true	true	true	too_far	0	100	Extracellular|Lysosome/Vacuole	10	29	42	65	52	6	66	8	4	42	0	0	79	11
XP_028405302.1	XP_028405302.1_with_leader_u28_PF00081_M_to_K04564_175	GCF_004324835.1	NW_021163057.1	false	false	true	true	true	true	true	true	true	true	too_far	100	0	Mitochondrion	7	17	2	3	4	10	6	90	8	56	3	1	74	10
NW_022259326.1_K04564_c5c784a5	NW_022259326.1_K04564_c5c784a5_with_leader_u26_PF00081_M_to_K04564_204	GCF_009602425.1	NW_022259326.1	false	false	true	true	true	true	true	true	true	true	yes	100	0	Mitochondrion	9	16	3	2	3	6	8	87	8	49	3	2	69	13
NW_022259448.1_K04564_94b23c3f	NW_022259448.1_K04564_94b23c3f_with_leader_u34_PF00081_M_to_K04564_44	GCF_009602425.1	NW_022259448.1	false	true	true	false	true	true	false	false	false	false	missing_GM.5.0.Rel	0	100	Extracellular|Lysosome/Vacuole	6	19	32	63	47	13	65	6	5	35	0	1	85	7
XP_031555730.1	XP_031555730.1_to_K04564_223	GCF_009602425.1	NW_022259326.1	false	false	true	true	true	true	true	true	true	true	yes	100	0	Mitochondrion	8	14	3	3	3	8	7	89	9	52	3	2	71	8
XP_031556222.1	XP_031556222.1_to_K04564_161	GCF_009602425.1	NW_022259448.1	false	true	true	false	true	true	true	false	false	false	too_far	0	100	Extracellular|Lysosome/Vacuole	10	23	45	68	45	8	63	5	3	42	0	0	79	10
XP_065051554.1	XP_065051554.1_to_K04564_243	GCF_013076305.1	NW_027019302.1	true	true	true	true	true	true	true	true	true	true	too_far	0	100	Extracellular|Lysosome/Vacuole	13	21	27	63	42	5	66	11	4	50	0	1	74	10
XP_065052710.1	XP_065052710.1_to_K04564_221	GCF_013076305.1	NW_027019306.1	false	false	true	true	true	true	true	true	true	true	yes	100	0	Mitochondrion	6	11	2	3	3	5	4	90	7	57	1	1	71	8
NC_058072.1_K04564_d76f083e	NC_058072.1_K04564_d76f083e_with_leader_u27_PF00081_M_to_K04564_192	GCF_013753865.1	NC_058072.1	false	false	true	true	true	true	true	true	true	true	too_far	100	0	Mitochondrion	8	18	2	4	4	5	7	93	7	47	1	1	69	12
NC_058072.1_K04564_e7306cec	NC_058072.1_K04564_e7306cec_with_leader_u27_PF00081_M_to_K04564_194	GCF_013753865.1	NC_058072.1	false	false	true	true	true	true	true	true	true	true	too_far	100	0	Mitochondrion	8	16	2	3	4	5	7	92	7	47	1	1	69	12
XP_029200276.2	XP_029200276.2_to_K04564_223	GCF_013753865.1	NC_058072.1	false	false	true	true	true	true	true	true	true	true	too_far	100	0	Mitochondrion	6	16	2	4	4	4	7	92	7	51	1	1	74	9
XP_044179376.1	XP_044179376.1_to_K04564_223	GCF_013753865.1	NC_058072.1	false	false	true	true	true	true	true	true	true	true	too_far	100	0	Mitochondrion	6	16	2	4	4	4	7	92	7	48	1	1	74	8
NW_025813402.1_K04564_d3bead77	NW_025813402.1_K04564_d3bead77_with_leader_u26_PF00081_M_to_K04564_194	GCF_021976095.1	NW_025813402.1	false	false	true	true	true	true	true	true	true	true	too_far	100	0	Mitochondrion	6	17	2	1	2	4	5	87	11	51	5	3	70	14
NW_025813488.1_K04564_dc28fde6	NW_025813488.1_K04564_dc28fde6_with_leader_u40_PF00081_M_to_K04564_197	GCF_021976095.1	NW_025813488.1	false	true	true	true	true	false	true	true	false	true	yes	0	100	Endoplasmic reticulum	22	23	56	54	33	6	52	8	7	39	0	11	76	18
NW_025813488.1_K04564_dc28fde6	NW_025813488.1_K04564_dc28fde6_with_leader_u38_PF00081_M_to_K04564_197	GCF_021976095.1	NW_025813488.1	false	true	true	true	true	false	true	true	false	true	yes	0	100	Extracellular	21	22	58	59	34	6	54	8	6	40	0	9	77	17
NW_025813488.1_K04564_dc28fde6	NW_025813488.1_K04564_dc28fde6_with_leader_u35_PF00081_M_to_K04564_197	GCF_021976095.1	NW_025813488.1	false	true	true	true	true	false	true	true	false	true	yes	0	100	Extracellular	18	24	58	65	35	6	52	9	6	40	0	4	78	16
NW_025813488.1_K04564_dc28fde6	NW_025813488.1_K04564_dc28fde6_with_leader_u26_PF00081_M_to_K04564_197	GCF_021976095.1	NW_025813488.1	false	true	true	true	true	false	true	true	false	true	yes	0	100	Cytoplasm	10	49	24	38	14	7	20	32	8	46	0	1	76	16
XP_046848022.1	XP_046848022.1_to_K04564_223	GCF_021976095.1	NW_025813402.1	false	false	true	true	true	true	true	true	true	true	too_far	100	0	Mitochondrion	5	13	2	1	2	5	5	89	11	53	7	2	72	12
NW_026709483.1_K04564_f6c44c1b	NW_026709483.1_K04564_f6c44c1b_with_leader_u35_PF00081_M_to_K04564_198	GCF_030620025.1	NW_026709483.1	true	true	true	true	true	true	true	true	true	true	yes	0	100	Extracellular	7	38	39	56	56	6	49	10	7	41	1	1	74	17
NW_026710474.1_K04564_6393b7b3	NW_026710474.1_K04564_6393b7b3_with_leader_u26_PF00081_M_to_K04564_192	GCF_030620025.1	NW_026710474.1	false	false	true	true	true	true	true	true	true	true	too_far	100	0	Mitochondrion	9	15	4	3	3	6	6	82	9	47	4	4	71	11
XP_058945240.1	XP_058945240.1_to_K04564_246	GCF_030620025.1	NW_026709483.1	true	true	true	true	true	true	true	true	true	true	yes	0	100	Extracellular	9	39	40	57	49	6	54	13	8	43	0	1	69	18
XP_058961470.1	XP_058961470.1_to_K04564_223	GCF_030620025.1	NW_026710474.1	false	false	true	true	true	true	true	true	true	true	too_far	100	0	Mitochondrion	8	15	3	3	3	6	6	88	9	52	3	2	71	9
NC_090047.1_K04564_9ff9e7e6	NC_090047.1_K04564_9ff9e7e6_with_leader_u27_PF00081_M_to_K04564_192	GCF_036669905.1	NC_090047.1	false	false	true	true	true	true	true	true	true	true	too_far	100	0	Mitochondrion	8	18	3	4	5	5	7	93	7	47	1	1	69	12
XP_067022095.1	XP_067022095.1_to_K04564_223	GCF_036669905.1	NC_090047.1	false	false	true	true	true	true	true	true	true	true	too_far	100	0	Mitochondrion	6	16	2	4	4	4	7	93	7	48	1	1	73	8
NC_089313.1_K04564_d4ce240d	NC_089313.1_K04564_d4ce240d_with_leader_u35_PF00081_M_to_K04564_197	GCF_036669915.1	NC_089313.1	true	true	true	true	true	true	true	true	true	true	yes	0	100	Golgi apparatus	7	39	40	54	57	6	49	10	7	41	1	2	73	18
NC_089321.1_K04564_80b85b49	NC_089321.1_K04564_80b85b49_with_leader_u26_PF00081_M_to_K04564_192	GCF_036669915.1	NC_089321.1	false	false	true	true	true	true	true	true	true	true	yes	100	0	Mitochondrion	9	16	4	3	3	6	7	79	8	43	3	6	69	12
XP_058945240.2	XP_058945240.2_to_K04564_246	GCF_036669915.1	NC_089313.1	true	true	true	true	true	true	true	true	true	true	yes	0	100	Extracellular	9	39	40	57	50	7	54	13	8	43	0	1	69	18
NC_090883.1_K04564_15cd5c3b	NC_090883.1_K04564_15cd5c3b_with_leader_u26_PF00081_M_to_K04564_193	GCF_036669925.1	NC_090883.1	false	false	true	true	true	true	true	true	true	true	yes	100	0	Mitochondrion	9	14	2	2	4	6	7	87	7	50	1	1	68	16
XP_068741652.1	XP_068741652.1_to_K04564_224	GCF_036669925.1	NC_090883.1	false	false	true	true	true	true	true	true	true	true	yes	100	0	Mitochondrion	9	13	2	3	4	7	6	89	8	52	1	1	69	12
NC_090876.1_K04564_d2caed50	NC_090876.1_K04564_d2caed50_with_leader_u26_PF00081_M_to_K04564_193	GCF_036669935.1	NC_090876.1	false	false	true	true	true	true	true	true	true	true	yes	100	0	Mitochondrion	9	16	2	3	5	6	8	88	6	50	1	1	68	14
XP_068715352.1	XP_068715352.1_to_K04564_224	GCF_036669935.1	NC_090876.1	false	false	true	true	true	true	true	true	true	true	yes	100	0	Mitochondrion	10	14	2	3	5	7	6	90	7	52	1	1	69	11
NC_088930.1_K04564_c6107477	NC_088930.1_K04564_c6107477_with_leader_u22_PF00081_M_to_K04564_203	GCF_038396675.1	NC_088930.1	false	false	true	true	true	true	true	true	true	true	too_far	100	0	Mitochondrion	7	13	1	4	3	8	6	86	6	36	1	1	69	14
NP_001296665.1	NP_001296665.1_to_K04564_219	GCF_038396675.1	NC_088930.1	false	false	true	true	true	true	true	true	true	true	too_far	100	0	Mitochondrion	5	12	1	5	4	5	6	89	7	51	1	1	74	9
NC_064035.1_K04564_8bf6ddb6	NC_064035.1_K04564_8bf6ddb6_with_leader_u35_PF00081_M_to_K04564_200	GCF_932526225.1	NC_064035.1	true	true	true	true	true	true	true	true	true	true	yes	0	100	Extracellular|Lysosome/Vacuole	14	20	43	62	38	3	65	7	5	37	0	2	74	16
NC_064035.1_K04564_e2e0e4b8	NC_064035.1_K04564_e2e0e4b8_with_leader_u23_PF00081_M_to_K04564_201	GCF_932526225.1	NC_064035.1	false	false	true	true	true	true	true	true	true	true	yes	100	0	Mitochondrion	8	15	1	3	2	7	5	89	10	53	2	1	73	9
XP_048580243.1	XP_048580243.1_to_K04564_248	GCF_932526225.1	NC_064035.1	true	true	true	true	true	true	true	true	true	true	yes	0	100	Extracellular|Lysosome/Vacuole	10	22	36	76	41	5	63	9	5	43	0	1	76	13
NC_133203.1_K04564_101605b8	NC_133203.1_K04564_101605b8_with_leader_u26_PF00081_M_to_K04564_195	GCF_958299795.1	NC_133203.1	false	false	true	true	true	true	true	true	true	true	yes	100	0	Mitochondrion	10	18	3	5	5	6	6	86	8	45	1	2	71	11
NC_133203.1_K04564_101605b8	NC_133203.1_K04564_101605b8_with_leader_u17_PF00081_M_to_K04564_195	GCF_958299795.1	NC_133203.1	false	false	true	true	true	true	true	true	true	true	yes	100	0	Mitochondrion	7	14	3	11	4	6	6	79	9	46	2	3	72	9
NC_133214.1_K04564_27a93157	NC_133214.1_K04564_27a93157_with_leader_u37_PF00081_anchor_M_to_K04564_205	GCF_958299795.1	NC_133214.1	true	true	true	true	true	true	true	true	true	true	yes	0	100	Lysosome/Vacuole	15	22	54	43	40	6	68	5	6	45	0	5	73	14
XP_073230536.1	XP_073230536.1_to_K04564_247	GCF_958299795.1	NC_133214.1	true	true	true	true	true	true	true	true	true	true	yes	0	100	Lysosome/Vacuole	11	23	57	56	47	6	70	5	7	44	0	2	74	14
XP_073236307.1	XP_073236307.1_to_K04564_223	GCF_958299795.1	NC_133203.1	false	false	true	true	true	true	true	true	true	true	yes	100	0	Mitochondrion	10	18	3	7	6	7	7	90	8	50	1	1	72	9
XP_073236307.1	XP_073236307.1_with_leader_u17_PF00081_M_to_K04564_223	GCF_958299795.1	NC_133203.1	false	false	true	true	true	true	true	true	true	true	yes	100	0	Mitochondrion	8	14	3	13	3	6	7	85	11	49	2	2	74	7
orbicella_host_TRINITY_DN199962_c6_g1_i3.p1|orbicella_faveolata	orbicella_host_TRINITY_DN199962_c6_g1_i3.p1_with_leader_u38_PF00081_M|orbicella_faveolata			true	true	true	true	true	true	true	true	true	true	not_applicable	0	100	Endoplasmic reticulum	15	22	83	47	31	7	49	9	7	38	1	1	70	9
orbicella_host_TRINITY_DN215728_c1_g2_i1.p1|orbicella_faveolata	orbicella_host_TRINITY_DN215728_c1_g2_i1.p1|orbicella_faveolata			false	false	true	true	true	true	true	true	true	true	not_applicable	100	0	Mitochondrion	8	15	5	6	6	17	6	86	10	57	2	2	72	7
orbicella_host_TRINITY_DN215728_c1_g2_i1.p1|orbicella_faveolata	orbicella_host_TRINITY_DN215728_c1_g2_i1.p1_with_leader_u26_PF00081_M|orbicella_faveolata			false	false	true	true	true	true	true	true	true	true	not_applicable	100	0	Mitochondrion	8	13	4	4	4	12	7	88	9	58	3	2	72	6
pseudodiploria_host_TRINITY_DN196811_c4_g3_i7.p1|pseudodiploria_clivosa	pseudodiploria_host_TRINITY_DN196811_c4_g3_i7.p1|pseudodiploria_clivosa			false	false	true	true	true	true	true	true	true	true	not_applicable	100	0	Mitochondrion	10	21	3	5	4	10	5	80	13	55	1	3	71	8
pseudodiploria_host_TRINITY_DN196811_c4_g3_i7.p1|pseudodiploria_clivosa	pseudodiploria_host_TRINITY_DN196811_c4_g3_i7.p1_with_leader_u26_PF00081_M|pseudodiploria_clivosa			false	false	true	true	true	true	true	true	true	true	not_applicable	100	0	Mitochondrion	9	19	3	4	4	9	6	85	9	55	2	1	72	8
pseudodiploria_host_TRINITY_DN177525_c0_g4_i17.p2|pseudodiploria_clivosa	pseudodiploria_host_TRINITY_DN177525_c0_g4_i17.p2|pseudodiploria_clivosa			true	true	true	true	true	true	true	true	true	true	not_applicable	0	100	Endoplasmic reticulum	11	20	81	49	28	7	49	9	7	36	1	1	71	9
pseudodiploria_host_TRINITY_DN177525_c0_g4_i7.p1|pseudodiploria_clivosa	pseudodiploria_host_TRINITY_DN177525_c0_g4_i7.p1|pseudodiploria_clivosa			true	true	true	true	true	true	true	true	true	true	not_applicable	0	100	Endoplasmic reticulum	11	20	81	49	28	7	49	9	7	36	1	1	71	9
siderastrea_host_TRINITY_DN422136_c0_g2_i3.p1|siderastrea_radians	siderastrea_host_TRINITY_DN422136_c0_g2_i3.p1_with_leader_u39_PF00081_M|siderastrea_radians			true	true	true	true	true	true	true	true	true	true	not_applicable	0	100	Endoplasmic reticulum	16	22	80	46	28	7	41	7	6	36	1	1	73	8
siderastrea_host_TRINITY_DN434783_c2_g2_i2.p1|siderastrea_radians	siderastrea_host_TRINITY_DN434783_c2_g2_i2.p1|siderastrea_radians			false	false	true	true	true	true	true	true	true	true	not_applicable	100	0	Mitochondrion	11	16	3	6	5	11	4	88	11	50	1	1	71	9
siderastrea_host_TRINITY_DN434783_c2_g2_i2.p1|siderastrea_radians	siderastrea_host_TRINITY_DN434783_c2_g2_i2.p1_with_leader_u26_PF00081_M|siderastrea_radians			false	false	true	true	true	true	true	true	true	true	not_applicable	100	0	Mitochondrion	11	15	3	5	4	10	6	89	8	50	2	1	71	8
a_tenuis_TRINITY_DN8520_c0_g2_i1.p1|acropora_tenuis	a_tenuis_TRINITY_DN8520_c0_g2_i1.p1|acropora_tenuis			false	false	true	true	true	true	true	false	false	false	not_applicable	100	0	Mitochondrion	9	16	4	4	6	5	7	95	5	74	1	1	68	12
