protein accession	sequence accession	genome accession	contig accession	pass all	TFMotifs.has('GM.5.0.Rel', min_score_threshold=None, fpr=0.01).between(-1500, 500)
KAJ7330771.1	KAJ7330771.1	GCA_029204205.1	MU827791.1	true	yes
KAJ7378236.1	KAJ7378236.1	GCA_029204205.1	MU826368.1	true	yes
KAK2566508.1	KAK2566508.1	GCA_032359415.1	JARQWQ010000016.1	false	missing_GM.5.0.Rel
KAK2566512.1	KAK2566512.1	GCA_032359415.1	JARQWQ010000016.1	true	yes
KAK2567480.1	KAK2567480.1	GCA_032359415.1	JARQWQ010000014.1	true	yes
KAK2568458.1	KAK2568458.1	GCA_032359415.1	JARQWQ010000012.1	false	missing_GM.5.0.Rel
KAK3739735.1	KAK3739735.1	GCA_033675265.1	JAUJYZ010000622.1	true	yes
CAB3997549.1	CAB3997549.1	GCA_902702795.2	CACRXK020003126.1	true	yes
CAB4007512.1	CAB4007512.1	GCA_902702795.2	CACRXK020005816.1	false	missing_GM.5.0.Rel
CAB4012946.1	CAB4012946.1	GCA_902702795.2	CACRXK020007693.1	false	missing_GM.5.0.Rel
CAB4029555.1	CAB4029555.1	GCA_902702795.2	CACRXK020016248.1	true	yes
CAB4029556.1	CAB4029556.1	GCA_902702795.2	CACRXK020016248.1	true	yes
CAH3027367.1	CAH3027367.1	GCA_942486025.1	CALNXI010000448.1	true	yes
CAH3027709.1	CAH3027709.1	GCA_942486025.1	CALNXI010000468.1	false	missing_GM.5.0.Rel
CAH3028528.1	CAH3028528.1	GCA_942486025.1	CALNXI010000517.1	true	yes
CAH3148052.1	CAH3148052.1	GCA_942486025.1	CALNXI010000943.1	false	missing_GM.5.0.Rel
CAH3185197.1	CAH3185197.1	GCA_942486025.1	CALNXI010002241.1	false	missing_GM.5.0.Rel
CAH3197536.1	CAH3197536.1	GCA_942486025.1	CALNXI010005345.1	true	yes
CAH3198638.1	CAH3198638.1	GCA_942486025.1	CALNXI010005773.1	true	yes
CAH3116438.1	CAH3116438.1	GCA_942486035.1	CALNXK010000029.1	false	missing_GM.5.0.Rel
CAH3136379.1	CAH3136379.1	GCA_942486035.1	CALNXK010000057.1	false	missing_GM.5.0.Rel
CAH3158544.1	CAH3158544.1	GCA_942486035.1	CALNXK010000111.1	true	yes
CAH3158546.1	CAH3158546.1	GCA_942486035.1	CALNXK010000111.1	true	yes
CAH3186482.1	CAH3186482.1	GCA_942486035.1	CALNXK010000483.1	false	missing_GM.5.0.Rel
CAH3186488.1	CAH3186488.1	GCA_942486035.1	CALNXK010000483.1	false	missing_GM.5.0.Rel
CAH3117715.1	CAH3117715.1	GCA_942486045.1	CALNXJ010000016.1	false	missing_GM.5.0.Rel
CAH3140492.1	CAH3140492.1	GCA_942486045.1	CALNXJ010000034.1	false	missing_GM.5.0.Rel
CAH3146082.1	CAH3146082.1	GCA_942486045.1	CALNXJ010000041.1	true	yes
XP_001626962.2	XP_001626962.2	GCF_000209225.1	NW_001834203.1	true	yes
XP_032228246.1	XP_032228246.1	GCF_000209225.1	NW_001834120.1	true	yes
XP_032228503.1	XP_032228503.1	GCF_000209225.1	NW_001834132.1	true	yes
XP_032230483.1	XP_032230483.1	GCF_000209225.1	NW_001834203.1	true	yes
XP_032230484.1	XP_032230484.1	GCF_000209225.1	NW_001834203.1	true	yes
XP_015766406.1	XP_015766406.1	GCF_000222465.1	NW_015441067.1	false	missing_GM.5.0.Rel
XP_020901899.1	XP_020901899.1	GCF_001417965.1	NW_018385829.1	true	yes
XP_020903771.1	XP_020903771.1	GCF_001417965.1	NW_018384245.1	true	yes
XP_020904317.1	XP_020904317.1	GCF_001417965.1	NW_018384245.1	true	yes
XP_020916759.1	XP_020916759.1	GCF_001417965.1	NW_018388369.1	true	yes
XP_020604254.1	XP_020604254.1	GCF_002042975.1	NW_018148839.1	true	yes
XP_020604255.1	XP_020604255.1	GCF_002042975.1	NW_018148839.1	true	yes
XP_020612557.1	XP_020612557.1	GCF_002042975.1	NW_018149324.1	true	yes
XP_020614015.1	XP_020614015.1	GCF_002042975.1	NW_018149371.1	true	yes
XP_020614060.1	XP_020614060.1	GCF_002042975.1	NW_018149371.1	true	yes
XP_022789210.1	XP_022789210.1	GCF_002571385.2	NW_019217908.1	true	yes
XP_022789211.1	XP_022789211.1	GCF_002571385.2	NW_019217908.1	true	yes
XP_022798720.1	XP_022798720.1	GCF_002571385.2	NW_019218098.1	true	yes
XP_022798721.1	XP_022798721.1	GCF_002571385.2	NW_019218098.1	true	yes
XP_022801431.1	XP_022801431.1	GCF_002571385.2	NW_019218178.1	true	yes
XP_022801432.1	XP_022801432.1	GCF_002571385.2	NW_019218178.1	true	yes
XP_022801433.1	XP_022801433.1	GCF_002571385.2	NW_019218178.1	false	missing_GM.5.0.Rel
XP_027038010.1	XP_027038010.1	GCF_003704095.1	NW_020844363.1	true	yes
XP_027051378.1	XP_027051378.1	GCF_003704095.1	NW_020843386.1	true	yes
XP_027051450.1	XP_027051450.1	GCF_003704095.1	NW_020843386.1	false	missing_GM.5.0.Rel
XP_027052644.1	XP_027052644.1	GCF_003704095.1	NW_020843386.1	true	yes
XP_027057621.1	XP_027057621.1	GCF_003704095.1	NW_020847384.1	true	yes
XP_027057623.1	XP_027057623.1	GCF_003704095.1	NW_020847384.1	true	yes
XP_029186950.1	XP_029186950.1	GCF_004143615.1	NW_021126402.1	false	missing_GM.5.0.Rel
XP_029197502.1	XP_029197502.1	GCF_004143615.1	NW_021126503.1	true	yes
XP_029214161.1	XP_029214161.1	GCF_004143615.1	NW_021127414.1	true	yes
XP_029214164.1	XP_029214164.1	GCF_004143615.1	NW_021127414.1	true	yes
XP_028396366.1	XP_028396366.1	GCF_004324835.1	NW_021163025.1	true	yes
XP_028400134.1	XP_028400134.1	GCF_004324835.1	NW_021163011.1	false	missing_GM.5.0.Rel
XP_028400144.1	XP_028400144.1	GCF_004324835.1	NW_021163011.1	false	missing_GM.5.0.Rel
XP_028400154.1	XP_028400154.1	GCF_004324835.1	NW_021163011.1	true	yes
XP_028404342.1	XP_028404342.1	GCF_004324835.1	NW_021163011.1	true	yes
XP_028404349.1	XP_028404349.1	GCF_004324835.1	NW_021163011.1	true	yes
XP_028407711.1	XP_028407711.1	GCF_004324835.1	NW_021163071.1	true	yes
XP_028414684.1	XP_028414684.1	GCF_004324835.1	NW_021163174.1	true	yes
XP_028414852.1	XP_028414852.1	GCF_004324835.1	NW_021163179.1	true	yes
XP_031557780.1	XP_031557780.1	GCF_009602425.1	NW_022259836.1	true	yes
XP_031565156.1	XP_031565156.1	GCF_009602425.1	NW_022261383.1	true	yes
XP_031565157.1	XP_031565157.1	GCF_009602425.1	NW_022261383.1	true	yes
XP_031566534.1	XP_031566534.1	GCF_009602425.1	NW_022261448.1	true	yes
XP_031569757.1	XP_031569757.1	GCF_009602425.1	NW_022261607.1	true	yes
XP_065051077.1	XP_065051077.1	GCF_013076305.1	NW_027019301.1	true	yes
XP_065056061.1	XP_065056061.1	GCF_013076305.1	NW_027019322.1	true	yes
XP_029186950.2	XP_029186950.2	GCF_013753865.1	NC_058069.1	false	missing_GM.5.0.Rel
XP_029197502.2	XP_029197502.2	GCF_013753865.1	NC_058078.1	true	yes
XP_029214161.2	XP_029214161.2	GCF_013753865.1	NC_058073.1	true	yes
XP_029214164.2	XP_029214164.2	GCF_013753865.1	NC_058073.1	false	missing_GM.5.0.Rel
XP_046852093.1	XP_046852093.1	GCF_021976095.1	NW_025813485.1	true	yes
XP_046852094.1	XP_046852094.1	GCF_021976095.1	NW_025813485.1	true	yes
XP_046852095.1	XP_046852095.1	GCF_021976095.1	NW_025813485.1	true	yes
XP_046853941.1	XP_046853941.1	GCF_021976095.1	NW_025813485.1	true	yes
XP_046853942.1	XP_046853942.1	GCF_021976095.1	NW_025813485.1	false	missing_GM.5.0.Rel
XP_046853943.1	XP_046853943.1	GCF_021976095.1	NW_025813485.1	true	yes
XP_046853944.1	XP_046853944.1	GCF_021976095.1	NW_025813485.1	true	yes
XP_046859971.1	XP_046859971.1	GCF_021976095.1	NW_025813488.1	true	yes
XP_058956196.1	XP_058956196.1	GCF_030620025.1	NW_026710180.1	false	missing_GM.5.0.Rel
XP_058956197.1	XP_058956197.1	GCF_030620025.1	NW_026710180.1	true	yes
XP_058957669.1	XP_058957669.1	GCF_030620025.1	NW_026710258.1	true	yes
XP_058957670.1	XP_058957670.1	GCF_030620025.1	NW_026710258.1	true	yes
XP_058970121.1	XP_058970121.1	GCF_030620025.1	NW_026710976.1	true	yes
XP_067031383.1	XP_067031383.1	GCF_036669905.1	NC_090037.1	true	yes
XP_067031528.1	XP_067031528.1	GCF_036669905.1	NC_090036.1	true	yes
XP_067039091.1	XP_067039091.1	GCF_036669905.1	NC_090036.1	true	yes
XP_067053651.1	XP_067053651.1	GCF_036669905.1	NC_090044.1	false	missing_GM.5.0.Rel
XP_058956196.2	XP_058956196.2	GCF_036669915.1	NC_089317.1	false	missing_GM.5.0.Rel
XP_058957669.2	XP_058957669.2	GCF_036669915.1	NC_089318.1	true	yes
XP_058957670.2	XP_058957670.2	GCF_036669915.1	NC_089318.1	true	yes
XP_068721954.1	XP_068721954.1	GCF_036669925.1	NC_090892.1	false	missing_GM.5.0.Rel
XP_068728611.1	XP_068728611.1	GCF_036669925.1	NC_090894.1	true	yes
XP_068728612.1	XP_068728612.1	GCF_036669925.1	NC_090894.1	true	yes
XP_068731937.1	XP_068731937.1	GCF_036669925.1	NC_090895.1	true	yes
XP_068731938.1	XP_068731938.1	GCF_036669925.1	NC_090895.1	true	yes
XP_068731939.1	XP_068731939.1	GCF_036669925.1	NC_090895.1	true	yes
XP_068733763.1	XP_068733763.1	GCF_036669925.1	NC_090895.1	true	yes
XP_068682681.1	XP_068682681.1	GCF_036669935.1	NC_090880.1	true	yes
XP_068682682.1	XP_068682682.1	GCF_036669935.1	NC_090880.1	true	yes
XP_068687143.1	XP_068687143.1	GCF_036669935.1	NC_090881.1	true	yes
XP_068687145.1	XP_068687145.1	GCF_036669935.1	NC_090881.1	true	yes
XP_068687146.1	XP_068687146.1	GCF_036669935.1	NC_090881.1	true	yes
XP_068687147.1	XP_068687147.1	GCF_036669935.1	NC_090881.1	true	yes
XP_068687149.1	XP_068687149.1	GCF_036669935.1	NC_090881.1	true	yes
XP_068704788.1	XP_068704788.1	GCF_036669935.1	NC_090869.1	false	missing_GM.5.0.Rel
XP_032228503.2	XP_032228503.2	GCF_932526225.1	NC_064040.1	true	yes
XP_032230483.2	XP_032230483.2	GCF_932526225.1	NC_064042.1	true	yes
XP_048580668.1	XP_048580668.1	GCF_932526225.1	NC_064036.1	true	yes
XP_048580669.1	XP_048580669.1	GCF_932526225.1	NC_064036.1	true	yes
XP_073234456.1	XP_073234456.1	GCF_958299795.1	NC_133202.1	true	yes
XP_073248332.1	XP_073248332.1	GCF_958299795.1	NC_133207.1	true	yes
XP_073248334.1	XP_073248334.1	GCF_958299795.1	NC_133207.1	true	yes
XP_073256375.1	XP_073256375.1	GCF_958299795.1	NC_133210.1	true	yes
XP_073256376.1	XP_073256376.1	GCF_958299795.1	NC_133210.1	false	missing_GM.5.0.Rel
