protein accession	sequence accession	genome accession	contig accession	pass all	Leader().betweenAA(-30, 3).is_NES()	Sequence.matches_regex('K.{1,40}?[DEST][ST]G[LIVMFYWA].{1,2}[ST]').relativeToPfam('PF00023', -200, -10)	Leader.call('mTP')	Leader.call('SP')	Leader.call('NLS')	Leader.call('NES')	Leader.localization	Leader.call('Cell membrane')	Leader.call('Cytoplasm')	Leader.call('Endoplasmic reticulum')	Leader.call('Extracellular')	Leader.call('Golgi apparatus')	Leader.call('Lipid anchor')	Leader.call('Lysosome/Vacuole')	Leader.call('Mitochondrion')	Leader.call('Nucleus')	Leader.call('Peripheral')	Leader.call('Peroxisome')	Leader.call('Plastid')	Leader.call('Soluble')	Leader.call('Transmembrane')
KAJ7330771.1	KAJ7330771.1	GCA_029204205.1		false	true	false	0	0	0	100	Cytoplasm	17	86	8	1	13	19	13	9	47	39	2	1	91	3
KAJ7378236.1	KAJ7378236.1	GCA_029204205.1		false	true	false	0	0	0	100	Cytoplasm|Nucleus	33	59	17	5	13	26	11	34	56	43	1	1	88	3
KAK2566508.1	KAK2566508.1	GCA_032359415.1		false	false	false	0	0	100	0	Nucleus	9	41	3	8	3	22	5	10	88	31	1	1	94	2
CAB4012946.1	CAB4012946.1	GCA_902702795.2		false	false	false	0	0	100	0	Nucleus	13	36	10	10	6	27	2	8	82	25	9	3	88	12
CAB4029555.1	CAB4029555.1	GCA_902702795.2		false	false	false	0	0	100	0	Cytoplasm|Nucleus	24	59	15	8	25	10	12	12	63	42	1	2	88	4
CAB4029556.1	CAB4029556.1	GCA_902702795.2		false	false	false	0	0	100	0	Nucleus	6	36	10	7	13	10	4	5	89	37	1	1	90	4
CAH3027367.1	CAH3027367.1	GCA_942486025.1		false	false	false	0	0	100	0	Nucleus	7	43	2	9	3	20	9	9	88	32	1	1	92	2
CAH3198638.1	CAH3198638.1	GCA_942486025.1		false	true	false	0	0	0	100	Nucleus	7	41	3	1	6	17	3	10	93	35	2	2	94	2
CAH3158544.1	CAH3158544.1	GCA_942486035.1		false	false	false	0	0	0	0	Nucleus	5	39	2	1	5	20	2	10	92	36	4	2	92	2
CAH3158546.1	CAH3158546.1	GCA_942486035.1		false	false	true	0	0	100	0	Cytoplasm|Nucleus	8	48	4	5	8	23	7	8	91	36	1	1	93	2
CAH3146082.1	CAH3146082.1	GCA_942486045.1		false	false	true	0	0	100	0	Nucleus	7	47	3	7	7	24	5	9	87	27	1	1	94	2
XP_001626962.2	XP_001626962.2	GCF_000209225.1		false	false	false	0	0	100	0	Nucleus	7	28	4	2	5	16	3	5	97	37	1	5	93	4
XP_032228503.1	XP_032228503.1	GCF_000209225.1		true	true	true	0	0	0	100	Cytoplasm|Nucleus	21	82	8	3	28	18	23	8	51	45	1	0	90	3
XP_032230483.1	XP_032230483.1	GCF_000209225.1		false	false	false	0	0	100	0	Nucleus	9	37	5	2	5	24	3	9	87	31	1	1	94	2
XP_020901899.1	XP_020901899.1	GCF_001417965.1		true	true	true	0	0	0	100	Cytoplasm|Nucleus	17	77	10	3	24	22	16	8	73	33	0	1	90	4
XP_020604255.1	XP_020604255.1	GCF_002042975.1		false	true	false	0	0	0	100	Cytoplasm|Nucleus	17	83	7	2	14	19	14	10	52	36	3	1	91	3
XP_020614015.1	XP_020614015.1	GCF_002042975.1		false	false	false	0	0	100	0	Nucleus	7	36	4	5	4	22	4	7	93	27	1	2	95	2
XP_022798720.1	XP_022798720.1	GCF_002571385.2		false	true	false	0	0	0	100	Cytoplasm	14	79	15	3	22	19	17	17	48	41	5	1	87	7
XP_022798721.1	XP_022798721.1	GCF_002571385.2		false	true	false	0	0	0	100	Cytoplasm|Nucleus	16	83	9	1	17	24	15	12	56	40	3	1	89	4
XP_022801432.1	XP_022801432.1	GCF_002571385.2		false	false	false	0	0	100	0	Nucleus	8	39	4	10	6	24	5	11	90	31	1	1	93	3
XP_027051378.1	XP_027051378.1	GCF_003704095.1		false	false	true	0	0	100	0	Cytoplasm|Nucleus	8	48	3	7	8	27	6	9	87	29	1	1	93	3
XP_027051450.1	XP_027051450.1	GCF_003704095.1		false	false	true	0	0	100	0	Cytoplasm|Nucleus	8	48	3	7	8	27	6	9	87	29	1	1	93	3
XP_027057621.1	XP_027057621.1	GCF_003704095.1		false	true	false	0	0	0	100	Cytoplasm	16	78	13	2	19	19	15	14	49	40	4	1	87	7
XP_029197502.1	XP_029197502.1	GCF_004143615.1		false	true	false	0	0	0	100	Cytoplasm|Nucleus	16	85	7	1	15	18	22	9	51	40	2	1	91	2
XP_029214164.1	XP_029214164.1	GCF_004143615.1		false	false	false	0	0	100	0	Nucleus	9	41	3	7	3	21	5	11	89	30	1	1	94	3
XP_028396366.1	XP_028396366.1	GCF_004324835.1		true	true	true	0	0	0	100	Cytoplasm|Nucleus	23	80	8	2	14	19	16	11	55	28	0	1	91	3
XP_028400144.1	XP_028400144.1	GCF_004324835.1		false	false	false	0	0	100	0	Cytoplasm|Nucleus	12	50	14	14	13	22	3	13	56	31	3	2	83	19
XP_028400154.1	XP_028400154.1	GCF_004324835.1		false	false	false	0	0	100	0	Nucleus	7	39	6	8	6	11	2	8	91	26	1	1	92	4
XP_028404342.1	XP_028404342.1	GCF_004324835.1		false	false	false	0	0	100	0	Nucleus	3	22	5	3	3	7	2	6	95	28	7	1	89	6
XP_028404349.1	XP_028404349.1	GCF_004324835.1		false	false	false	0	0	100	0	Nucleus	3	23	5	3	3	7	2	6	95	28	7	1	89	6
XP_028407711.1	XP_028407711.1	GCF_004324835.1		false	true	false	0	0	0	100	Cytoplasm|Nucleus	18	65	14	5	20	17	13	17	72	37	1	1	86	8
XP_031557780.1	XP_031557780.1	GCF_009602425.1		true	true	true	0	0	0	100	Cytoplasm|Nucleus	16	80	3	1	16	12	12	7	65	33	1	1	90	4
XP_031566534.1	XP_031566534.1	GCF_009602425.1		false	false	false	0	0	100	0	Nucleus	11	25	2	3	4	23	2	7	92	27	1	2	95	2
XP_031569757.1	XP_031569757.1	GCF_009602425.1		false	false	true	0	0	100	0	Nucleus	4	38	4	2	6	12	3	4	94	33	4	2	94	2
XP_065056061.1	XP_065056061.1	GCF_013076305.1		false	false	false	0	0	100	0	Cytoplasm	46	56	11	4	13	21	16	22	46	55	1	0	90	2
XP_029197502.2	XP_029197502.2	GCF_013753865.1		false	true	false	0	0	0	100	Cytoplasm	16	84	7	1	17	20	24	9	49	41	3	1	91	2
XP_029214164.2	XP_029214164.2	GCF_013753865.1		false	false	false	0	0	100	0	Nucleus	9	41	3	8	3	22	5	11	89	29	1	1	94	3
XP_046852095.1	XP_046852095.1	GCF_021976095.1		false	false	false	0	0	100	0	Nucleus	4	29	7	1	5	7	5	6	94	30	5	0	91	4
XP_046853941.1	XP_046853941.1	GCF_021976095.1		false	false	false	0	0	100	0	Nucleus	9	34	6	11	14	13	3	6	88	34	1	2	92	2
XP_046853944.1	XP_046853944.1	GCF_021976095.1		false	false	false	0	0	100	0	Cytoplasm|Nucleus	13	48	7	3	10	11	7	10	78	45	4	2	87	4
XP_058956196.1	XP_058956196.1	GCF_030620025.1		false	false	true	0	0	100	0	Cytoplasm|Nucleus	8	48	4	7	7	25	6	9	88	28	1	1	93	3
XP_058957670.1	XP_058957670.1	GCF_030620025.1		false	true	false	0	0	0	100	Cytoplasm|Nucleus	18	81	8	2	14	20	13	10	58	40	3	1	89	4
XP_067031528.1	XP_067031528.1	GCF_036669905.1		false	false	false	0	0	100	0	Nucleus	9	42	3	8	3	20	6	11	88	32	1	1	93	3
XP_058956196.2	XP_058956196.2	GCF_036669915.1		false	false	true	0	0	100	0	Cytoplasm|Nucleus	7	49	4	7	8	29	6	10	86	26	1	1	93	3
XP_058957670.2	XP_058957670.2	GCF_036669915.1		false	true	false	0	0	0	100	Cytoplasm|Nucleus	19	82	8	2	15	20	15	10	56	40	2	1	88	4
XP_068731937.1	XP_068731937.1	GCF_036669925.1		false	false	false	0	0	100	0	Cytoplasm|Nucleus	10	48	4	7	5	26	7	10	85	35	1	1	94	2
XP_068731938.1	XP_068731938.1	GCF_036669925.1		false	false	false	0	0	100	0	Cytoplasm|Nucleus	10	48	4	7	5	26	7	10	85	36	1	1	93	2
XP_068731939.1	XP_068731939.1	GCF_036669925.1		false	false	false	0	0	100	0	Nucleus	9	44	4	6	5	27	6	10	87	32	0	0	93	3
XP_068682682.1	XP_068682682.1	GCF_036669935.1		false	true	false	0	0	0	100	Cytoplasm|Nucleus	20	83	5	2	14	20	16	9	55	37	2	1	89	4
XP_068687143.1	XP_068687143.1	GCF_036669935.1		false	true	false	0	0	100	100	Nucleus	7	35	7	1	4	17	3	15	94	40	1	2	91	3
XP_068687145.1	XP_068687145.1	GCF_036669935.1		false	false	false	0	0	100	0	Cytoplasm|Nucleus	10	48	4	7	5	25	8	10	85	37	1	1	93	2
XP_068687146.1	XP_068687146.1	GCF_036669935.1		false	false	false	0	0	100	0	Cytoplasm|Nucleus	10	48	4	7	5	25	7	10	85	37	1	1	93	2
XP_068687147.1	XP_068687147.1	GCF_036669935.1		false	false	false	0	0	100	0	Nucleus	9	44	4	7	5	26	7	10	88	34	0	1	93	3
XP_032228503.2	XP_032228503.2	GCF_932526225.1		true	true	true	0	0	0	100	Cytoplasm|Nucleus	21	82	8	3	28	18	23	8	51	45	1	0	90	3
XP_032230483.2	XP_032230483.2	GCF_932526225.1		false	false	false	0	0	100	0	Nucleus	9	37	4	2	4	24	3	9	88	31	1	2	94	2
XP_073248334.1	XP_073248334.1	GCF_958299795.1		false	true	false	0	0	0	100	Cytoplasm|Nucleus	16	80	6	2	15	21	11	10	54	40	4	1	91	3
XP_073256375.1	XP_073256375.1	GCF_958299795.1		false	true	false	0	0	100	100	Nucleus	5	37	3	1	4	12	2	11	94	32	3	2	93	3
XP_073256376.1	XP_073256376.1	GCF_958299795.1		false	false	true	0	0	100	0	Cytoplasm|Nucleus	7	53	3	6	11	30	7	9	86	34	1	1	94	2
KAK3739735.1	KAK3739735.1	GCA_033675265.1		false	false	false	0	0	100	0	Nucleus	14	41	4	3	3	7	4	8	90	32	0	1	91	4
XP_020614060.1	XP_020614060.1	GCF_002042975.1		false	false	false	0	0	100	0	Nucleus	6	33	3	1	3	11	3	12	94	40	1	1	91	3
XP_029214161.1	XP_029214161.1	GCF_004143615.1		false	false	false	0	0	100	0	Nucleus	7	38	5	1	7	12	4	10	92	33	3	3	90	3
XP_029214161.2	XP_029214161.2	GCF_013753865.1		false	false	false	0	0	100	0	Nucleus	7	37	5	1	7	12	4	10	92	33	3	3	90	4
XP_068687149.1	XP_068687149.1	GCF_036669935.1		false	true	false	0	0	0	100	Cytoplasm|Nucleus	12	76	7	10	24	20	12	20	54	34	2	1	87	12
