transcript_id	locus_id	rank	score	raw_score	strand	transcript_length	locus_length	transcript_coverage	identity	gap_count	gap_bases	transcript_start	transcript_end	locus_start	locus_end
orbicella_host_TRINITY_DN189929_c2_g1_i5.p1_1_134|orbicella_host_TRINITY_DN189929_c2_g1_i5_1_402	NW_018149324.1_p100-like_cnidaria_1c4b0771_cds	1	95.64676616915423	769.0	+	402	2781	1.0	0.9975124378109452	3	18	0	402	753	1173
orbicella_host_TRINITY_DN189929_c2_g1_i5.p1_1_134|orbicella_host_TRINITY_DN189929_c2_g1_i5_1_402	XP_020614015.1_cds	2	3.109452736318408	25.0	-	402	1143	0.09203980099502487	0.8108108108108109	2	6	53	92	718	759
orbicella_host_TRINITY_DN189929_c2_g1_i5.p1_1_134|orbicella_host_TRINITY_DN189929_c2_g1_i5_1_402	XP_020604255.1_cds	3	3.109452736318408	25.0	-	402	1107	0.07462686567164178	0.9333333333333333	4	9	265	295	875	914
orbicella_host_TRINITY_DN189929_c2_g1_i5.p1_1_134|orbicella_host_TRINITY_DN189929_c2_g1_i5_1_402	XP_020614060.1_cds	4	2.8606965174129355	23.0	+	402	1296	0.11940298507462686	0.8333333333333334	5	13	231	282	317	375
orbicella_host_TRINITY_DN206725_c0_g2_i4.p1_1_140|orbicella_host_TRINITY_DN206725_c0_g2_i4_1279_1698	NW_018149324.1_p100-like_cnidaria_1c4b0771_cds	1	71.78571428571429	603.0	+	420	2781	0.7785714285714286	0.9847094801223242	2	18	0	327	1860	2205
orbicella_host_TRINITY_DN206725_c0_g2_i4.p1_1_140|orbicella_host_TRINITY_DN206725_c0_g2_i4_1279_1698	XP_020604255.1_cds	2	6.904761904761905	58.0	+	420	1107	0.2761904761904762	0.7586206896551724	6	10	271	392	847	968
orbicella_host_TRINITY_DN206725_c0_g2_i4.p1_1_140|orbicella_host_TRINITY_DN206725_c0_g2_i4_1279_1698	XP_020614060.1_cds	3	4.642857142857143	39.0	+	420	1296	0.12142857142857143	0.8627450980392157	5	8	25	80	787	842
orbicella_host_TRINITY_DN206725_c0_g2_i4.p1_1_140|orbicella_host_TRINITY_DN206725_c0_g2_i4_1279_1698	XP_020614015.1_cds	4	3.6904761904761907	31.0	+	420	1143	0.06190476190476191	0.9230769230769231	1	7	270	303	543	569
orbicella_host_TRINITY_DN206725_c0_g2_i7.p1_13_291|orbicella_host_TRINITY_DN206725_c0_g2_i7_37_873	NW_018149324.1_p100-like_cnidaria_1c4b0771_cds	1	80.16726403823178	1342.0	+	837	2781	0.8888888888888888	0.9932795698924731	7	93	0	744	1368	2205
orbicella_host_TRINITY_DN206725_c0_g2_i7.p1_13_291|orbicella_host_TRINITY_DN206725_c0_g2_i7_37_873	XP_020604255.1_cds	2	3.6439665471923535	61.0	+	837	1107	0.16248506571087215	0.7573529411764706	8	14	666	809	825	968
orbicella_host_TRINITY_DN206725_c0_g2_i7.p1_13_291|orbicella_host_TRINITY_DN206725_c0_g2_i7_37_873	XP_020614060.1_cds	3	2.3297491039426523	39.0	+	837	1296	0.06093189964157706	0.8627450980392157	5	8	442	497	787	842
orbicella_host_TRINITY_DN206725_c0_g2_i7.p1_13_291|orbicella_host_TRINITY_DN206725_c0_g2_i7_37_873	XP_020614015.1_cds	4	1.8518518518518519	31.0	+	837	1143	0.03106332138590203	0.9230769230769231	1	7	687	720	543	569
orbicella_host_TRINITY_DN213606_c2_g3_i2.p1_3_288|orbicella_host_TRINITY_DN213606_c2_g3_i2_7_864	XP_020614060.1_cds	1	99.41724941724942	1706.0	+	858	1296	1.0	0.9976689976689976	0	0	0	858	429	1287
orbicella_host_TRINITY_DN213606_c2_g3_i2.p1_3_288|orbicella_host_TRINITY_DN213606_c2_g3_i2_7_864	XP_020604255.1_cds	2	3.613053613053613	62.0	+	858	1107	0.15268065268065267	0.8015267175572519	11	26	489	633	735	879
orbicella_host_TRINITY_DN213606_c2_g3_i2.p1_3_288|orbicella_host_TRINITY_DN213606_c2_g3_i2_7_864	XP_020614015.1_cds	3	3.2051282051282053	55.0	+	858	1143	0.15734265734265734	0.7703703703703704	10	20	580	725	841	986
orbicella_host_TRINITY_DN213606_c2_g3_i2.p1_3_288|orbicella_host_TRINITY_DN213606_c2_g3_i2_7_864	NW_018149324.1_p100-like_cnidaria_1c4b0771_cds	4	2.331002331002331	40.0	+	858	2781	0.06993006993006994	0.85	6	11	358	421	1885	1953
orbicella_host_TRINITY_DN213606_c2_g3_i5.p1_1_130|orbicella_host_TRINITY_DN213606_c2_g3_i5_2_391	XP_020614060.1_cds	1	100.0	780.0	+	390	1296	1.0	1.0	0	0	0	390	621	1011
orbicella_host_TRINITY_DN213606_c2_g3_i5.p1_1_130|orbicella_host_TRINITY_DN213606_c2_g3_i5_2_391	XP_020614015.1_cds	2	5.128205128205129	40.0	+	390	1143	0.18461538461538463	0.8055555555555556	6	10	78	155	519	596
orbicella_host_TRINITY_DN213606_c2_g3_i5.p1_1_130|orbicella_host_TRINITY_DN213606_c2_g3_i5_2_391	NW_018149324.1_p100-like_cnidaria_1c4b0771_cds	3	5.128205128205129	40.0	+	390	2781	0.15384615384615385	0.85	6	11	166	229	1885	1953
orbicella_host_TRINITY_DN213606_c2_g3_i5.p1_1_130|orbicella_host_TRINITY_DN213606_c2_g3_i5_2_391	XP_020604255.1_cds	4	3.8461538461538463	30.0	+	390	1107	0.11538461538461539	0.7333333333333333	0	0	74	119	476	521
orbicella_host_TRINITY_DN213606_c2_g3_i7.p1_1_202|orbicella_host_TRINITY_DN213606_c2_g3_i7_527_1132	XP_020614060.1_cds	1	98.76237623762377	1197.0	+	606	1296	1.0	0.995049504950495	0	0	0	606	681	1287
orbicella_host_TRINITY_DN213606_c2_g3_i7.p1_1_202|orbicella_host_TRINITY_DN213606_c2_g3_i7_527_1132	XP_020604255.1_cds	2	5.115511551155116	62.0	+	606	1107	0.21617161716171618	0.8015267175572519	11	26	237	381	735	879
orbicella_host_TRINITY_DN213606_c2_g3_i7.p1_1_202|orbicella_host_TRINITY_DN213606_c2_g3_i7_527_1132	XP_020614015.1_cds	3	4.125412541254126	50.0	+	606	1143	0.22277227722772278	0.762962962962963	10	20	328	473	841	986
orbicella_host_TRINITY_DN213606_c2_g3_i7.p1_1_202|orbicella_host_TRINITY_DN213606_c2_g3_i7_527_1132	NW_018149324.1_p100-like_cnidaria_1c4b0771_cds	4	3.3003300330033003	40.0	+	606	2781	0.09900990099009901	0.85	6	11	106	169	1885	1953
orbicella_host_TRINITY_DN213606_c2_g3_i8.p1_1_179|orbicella_host_TRINITY_DN213606_c2_g3_i8_526_1062	XP_020614060.1_cds	1	98.60335195530726	1059.0	+	537	1296	1.0	0.994413407821229	0	0	0	537	681	1218
orbicella_host_TRINITY_DN213606_c2_g3_i8.p1_1_179|orbicella_host_TRINITY_DN213606_c2_g3_i8_526_1062	XP_020604255.1_cds	2	5.772811918063315	62.0	+	537	1107	0.24394785847299813	0.8015267175572519	11	26	237	381	735	879
orbicella_host_TRINITY_DN213606_c2_g3_i8.p1_1_179|orbicella_host_TRINITY_DN213606_c2_g3_i8_526_1062	XP_020614015.1_cds	3	4.655493482309125	50.0	+	537	1143	0.25139664804469275	0.762962962962963	10	20	328	473	841	986
orbicella_host_TRINITY_DN213606_c2_g3_i8.p1_1_179|orbicella_host_TRINITY_DN213606_c2_g3_i8_526_1062	NW_018149324.1_p100-like_cnidaria_1c4b0771_cds	4	3.7243947858473	40.0	+	537	2781	0.11173184357541899	0.85	6	11	106	169	1885	1953
orbicella_host_TRINITY_DN220613_c2_g1_i3.p1_1_260|orbicella_host_TRINITY_DN220613_c2_g1_i3_211_990	NW_018149324.1_p100-like_cnidaria_1c4b0771_cds	1	95.12820512820512	1484.0	+	780	2781	1.0	1.0	4	60	0	780	0	840
orbicella_host_TRINITY_DN220613_c2_g1_i3.p1_1_260|orbicella_host_TRINITY_DN220613_c2_g1_i3_211_990	XP_020614060.1_cds	2	1.6025641025641026	25.0	+	780	1296	0.1	0.8717948717948718	13	29	16	116	334	419
orbicella_host_TRINITY_DN220613_c2_g1_i3.p1_1_260|orbicella_host_TRINITY_DN220613_c2_g1_i3_211_990	XP_020614015.1_cds	3	1.6025641025641026	25.0	+	780	1143	0.02435897435897436	1.0	2	5	558	582	1075	1094
orbicella_host_TRINITY_DN220613_c2_g1_i3.p1_1_260|orbicella_host_TRINITY_DN220613_c2_g1_i3_211_990	XP_020604255.1_cds	4	1.5384615384615385	24.0	-	780	1107	0.03076923076923077	0.9166666666666666	2	6	165	189	160	190
orbicella_host_TRINITY_DN220613_c2_g1_i3.p1_1_261|orbicella_host_TRINITY_DN220613_c2_g1_i3_211_993	NW_018149324.1_p100-like_cnidaria_1c4b0771_cds	1	95.14687100893997	1490.0	+	783	2781	1.0	1.0	4	60	0	783	0	843
orbicella_host_TRINITY_DN220613_c2_g1_i3.p1_1_261|orbicella_host_TRINITY_DN220613_c2_g1_i3_211_993	XP_020614060.1_cds	2	1.5964240102171137	25.0	+	783	1296	0.09961685823754789	0.8717948717948718	13	29	16	116	334	419
orbicella_host_TRINITY_DN220613_c2_g1_i3.p1_1_261|orbicella_host_TRINITY_DN220613_c2_g1_i3_211_993	XP_020614015.1_cds	3	1.5964240102171137	25.0	+	783	1143	0.024265644955300127	1.0	2	5	558	582	1075	1094
orbicella_host_TRINITY_DN220613_c2_g1_i3.p1_1_261|orbicella_host_TRINITY_DN220613_c2_g1_i3_211_993	XP_020604255.1_cds	4	1.5325670498084292	24.0	-	783	1107	0.03065134099616858	0.9166666666666666	2	6	165	189	160	190
orbicella_host_TRINITY_DN221067_c44_g7_i2.p1_2_369|orbicella_host_TRINITY_DN221067_c44_g7_i2_1942_839	XP_020604255.1_cds	1	97.05615942028986	2143.0	+	1104	1107	0.9728260869565217	0.9990689013035382	0	0	0	1074	3	1077
orbicella_host_TRINITY_DN221067_c44_g7_i2.p1_2_369|orbicella_host_TRINITY_DN221067_c44_g7_i2_1942_839	XP_020614060.1_cds	2	2.8079710144927534	62.0	+	1104	1296	0.11865942028985507	0.8015267175572519	11	26	732	876	918	1062
orbicella_host_TRINITY_DN221067_c44_g7_i2.p1_2_369|orbicella_host_TRINITY_DN221067_c44_g7_i2_1942_839	NW_018149324.1_p100-like_cnidaria_1c4b0771_cds	3	1.7210144927536233	38.0	+	1104	2781	0.0769927536231884	0.8117647058823529	8	20	307	403	1573	1667
orbicella_host_TRINITY_DN221067_c44_g7_i2.p1_2_369|orbicella_host_TRINITY_DN221067_c44_g7_i2_1942_839	XP_020614015.1_cds	4	1.4492753623188406	32.0	+	1104	1143	0.028079710144927536	0.8064516129032258	0	0	374	405	419	450
a_tenuis_TRINITY_DN17808_c1_g1_i1.p1_1_381|a_tenuis_TRINITY_DN17808_c1_g1_i1_1535_393	BLAZ01000634.1_p100-like_cnidaria_42ec6be3_cds	1	91.42607174103237	2090.0	+	1143	2805	0.9965004374453194	0.9912203687445127	6	114	4	1143	202	1455
a_tenuis_TRINITY_DN17808_c1_g1_i1.p1_1_381|a_tenuis_TRINITY_DN17808_c1_g1_i1_1535_393	BLAZ01000379.1_IkBa-like_cnidaria_1b49cc6e_cds	2	1.1373578302712162	26.0	-	1143	1149	0.024496937882764653	0.8571428571428571	2	2	545	573	505	535
a_tenuis_TRINITY_DN17808_c1_g1_i1.p1_1_381|a_tenuis_TRINITY_DN17808_c1_g1_i1_1535_393	BLAZ01001464.1_IkB-like-2_cnidaria_5d8c002b_cds	2	1.1373578302712162	26.0	+	1143	1086	0.024496937882764653	0.8571428571428571	2	2	385	414	805	834
a_tenuis_TRINITY_DN17808_c1_g1_i1.p1_1_381|a_tenuis_TRINITY_DN17808_c1_g1_i1_1535_393	BLAZ01001464.1_IkB-like-1_cnidaria_06ab4a1a_cds	4	1.0498687664041995	24.0	-	1143	1158	0.022747156605424323	0.9615384615384616	4	7	480	507	389	421
a_tenuis_TRINITY_DN17808_c1_g1_i1.p1_1_389|a_tenuis_TRINITY_DN17808_c1_g1_i1_1535_369	BLAZ01000634.1_p100-like_cnidaria_42ec6be3_cds	1	91.60239931448157	2138.0	+	1167	2805	0.9965724078834619	0.9914015477214101	6	114	4	1167	202	1479
a_tenuis_TRINITY_DN17808_c1_g1_i1.p1_1_389|a_tenuis_TRINITY_DN17808_c1_g1_i1_1535_369	BLAZ01000379.1_IkBa-like_cnidaria_1b49cc6e_cds	2	1.113967437874893	26.0	-	1167	1149	0.023993144815766924	0.8571428571428571	2	2	545	573	505	535
a_tenuis_TRINITY_DN17808_c1_g1_i1.p1_1_389|a_tenuis_TRINITY_DN17808_c1_g1_i1_1535_369	BLAZ01001464.1_IkB-like-2_cnidaria_5d8c002b_cds	2	1.113967437874893	26.0	+	1167	1086	0.023993144815766924	0.8571428571428571	2	2	385	414	805	834
a_tenuis_TRINITY_DN17808_c1_g1_i1.p1_1_389|a_tenuis_TRINITY_DN17808_c1_g1_i1_1535_369	BLAZ01001464.1_IkB-like-1_cnidaria_06ab4a1a_cds	4	1.0282776349614395	24.0	-	1167	1158	0.022279348757497857	0.9615384615384616	4	7	480	507	389	421
a_tenuis_TRINITY_DN25922_c0_g1_i1.p1_9_175|a_tenuis_TRINITY_DN25922_c0_g1_i1_755_255	BLAZ01001464.1_IkB-like-1_cnidaria_06ab4a1a_cds	1	99.10179640718563	993.0	+	501	1158	0.9960079840319361	0.9979959919839679	0	0	2	501	449	948
a_tenuis_TRINITY_DN25922_c0_g1_i1.p1_9_175|a_tenuis_TRINITY_DN25922_c0_g1_i1_755_255	BLAZ01001464.1_IkB-like-2_cnidaria_5d8c002b_cds	2	5.089820359281437	51.0	+	501	1086	0.24151696606786427	0.8016528925619835	9	35	90	228	411	550
a_tenuis_TRINITY_DN25922_c0_g1_i1.p1_9_175|a_tenuis_TRINITY_DN25922_c0_g1_i1_755_255	BLAZ01000634.1_p100-like_cnidaria_42ec6be3_cds	3	3.193612774451098	32.0	+	501	2805	0.0718562874251497	0.7777777777777778	0	0	75	111	1587	1623
a_tenuis_TRINITY_DN25922_c0_g1_i1.p1_9_175|a_tenuis_TRINITY_DN25922_c0_g1_i1_755_255	BLAZ01000379.1_IkBa-like_cnidaria_1b49cc6e_cds	4	2.694610778443114	27.0	+	501	1149	0.05189620758483034	0.8076923076923077	0	0	99	125	984	1010
a_tenuis_TRINITY_DN25922_c0_g1_i2.p1_1_110|a_tenuis_TRINITY_DN25922_c0_g1_i2_584_255	BLAZ01001464.1_IkB-like-1_cnidaria_06ab4a1a_cds	1	100.0	660.0	+	330	1158	1.0	1.0	0	0	0	330	618	948
a_tenuis_TRINITY_DN25922_c0_g1_i2.p1_1_110|a_tenuis_TRINITY_DN25922_c0_g1_i2_584_255	BLAZ01001464.1_IkB-like-2_cnidaria_5d8c002b_cds	2	5.606060606060606	37.0	+	330	1086	0.13333333333333333	0.8181818181818182	2	3	11	57	505	550
a_tenuis_TRINITY_DN25922_c0_g1_i2.p1_1_110|a_tenuis_TRINITY_DN25922_c0_g1_i2_584_255	BLAZ01000379.1_IkBa-like_cnidaria_1b49cc6e_cds	3	3.6363636363636362	24.0	+	330	1149	0.08484848484848485	0.8214285714285714	1	3	31	59	616	647
a_tenuis_TRINITY_DN25922_c0_g1_i2.p1_1_110|a_tenuis_TRINITY_DN25922_c0_g1_i2_584_255	BLAZ01000634.1_p100-like_cnidaria_42ec6be3_cds	4	3.484848484848485	23.0	+	330	2805	0.08787878787878788	0.7586206896551724	0	0	39	68	1851	1880
a_tenuis_TRINITY_DN335_c0_g1_i19.p1_34_156|a_tenuis_TRINITY_DN335_c0_g1_i19_984_616	BLAZ01000379.1_IkBa-like_cnidaria_1b49cc6e_cds	1	90.65040650406505	669.0	+	369	1149	0.926829268292683	0.9970760233918129	1	6	0	342	774	1122
a_tenuis_TRINITY_DN335_c0_g1_i19.p1_34_156|a_tenuis_TRINITY_DN335_c0_g1_i19_984_616	BLAZ01001464.1_IkB-like-1_cnidaria_06ab4a1a_cds	2	6.233062330623306	46.0	+	369	1158	0.11653116531165311	0.813953488372093	0	0	92	135	947	990
a_tenuis_TRINITY_DN335_c0_g1_i19.p1_34_156|a_tenuis_TRINITY_DN335_c0_g1_i19_984_616	BLAZ01001464.1_IkB-like-2_cnidaria_5d8c002b_cds	3	4.336043360433604	32.0	+	369	1086	0.17886178861788618	0.696969696969697	0	0	70	136	814	880
a_tenuis_TRINITY_DN335_c0_g1_i19.p1_34_156|a_tenuis_TRINITY_DN335_c0_g1_i19_984_616	BLAZ01000634.1_p100-like_cnidaria_42ec6be3_cds	4	4.336043360433604	32.0	+	369	2805	0.12466124661246612	0.8695652173913043	5	10	188	236	2078	2132
a_tenuis_TRINITY_DN335_c0_g1_i2.p1_1_252|a_tenuis_TRINITY_DN335_c0_g1_i2_2950_2195	BLAZ01000379.1_IkBa-like_cnidaria_1b49cc6e_cds	1	94.31216931216932	1426.0	+	756	1149	1.0	0.9814814814814815	1	12	0	756	0	768
a_tenuis_TRINITY_DN335_c0_g1_i2.p1_1_252|a_tenuis_TRINITY_DN335_c0_g1_i2_2950_2195	BLAZ01001464.1_IkB-like-2_cnidaria_5d8c002b_cds	2	2.447089947089947	37.0	+	756	1086	0.0582010582010582	0.8636363636363636	3	9	612	665	627	671
a_tenuis_TRINITY_DN335_c0_g1_i2.p1_1_252|a_tenuis_TRINITY_DN335_c0_g1_i2_2950_2195	BLAZ01000634.1_p100-like_cnidaria_42ec6be3_cds	3	1.7195767195767195	26.0	-	756	2805	0.03042328042328042	0.8260869565217391	0	0	209	232	1641	1664
a_tenuis_TRINITY_DN335_c0_g1_i2.p1_1_252|a_tenuis_TRINITY_DN335_c0_g1_i2_2950_2195	BLAZ01001464.1_IkB-like-1_cnidaria_06ab4a1a_cds	4	1.5873015873015872	24.0	+	756	1158	0.037037037037037035	0.8214285714285714	1	3	604	635	649	677
a_tenuis_TRINITY_DN335_c0_g1_i28.p1_1_186|a_tenuis_TRINITY_DN335_c0_g1_i28_1173_616	BLAZ01000379.1_IkBa-like_cnidaria_1b49cc6e_cds	1	92.38351254480287	1031.0	+	558	1149	0.9516129032258065	0.9981167608286252	2	18	0	531	573	1122
a_tenuis_TRINITY_DN335_c0_g1_i28.p1_1_186|a_tenuis_TRINITY_DN335_c0_g1_i28_1173_616	BLAZ01001464.1_IkB-like-1_cnidaria_06ab4a1a_cds	2	4.121863799283154	46.0	+	558	1158	0.07706093189964158	0.813953488372093	0	0	281	324	947	990
a_tenuis_TRINITY_DN335_c0_g1_i28.p1_1_186|a_tenuis_TRINITY_DN335_c0_g1_i28_1173_616	BLAZ01001464.1_IkB-like-2_cnidaria_5d8c002b_cds	3	3.315412186379928	37.0	+	558	1086	0.07885304659498207	0.8636363636363636	3	9	51	104	627	671
a_tenuis_TRINITY_DN335_c0_g1_i28.p1_1_186|a_tenuis_TRINITY_DN335_c0_g1_i28_1173_616	BLAZ01000634.1_p100-like_cnidaria_42ec6be3_cds	4	2.867383512544803	32.0	+	558	2805	0.08243727598566308	0.8695652173913043	5	10	377	425	2078	2132
a_tenuis_TRINITY_DN42964_c0_g1_i1.p1_4_164|a_tenuis_TRINITY_DN42964_c0_g1_i1_11_493	BLAZ01000634.1_p100-like_cnidaria_42ec6be3_cds	1	81.67701863354037	789.0	+	483	2805	0.9544513457556936	0.9978308026030369	2	120	9	470	1479	2060
a_tenuis_TRINITY_DN42964_c0_g1_i1.p1_4_164|a_tenuis_TRINITY_DN42964_c0_g1_i1_11_493	BLAZ01001464.1_IkB-like-2_cnidaria_5d8c002b_cds	2	4.451345755693581	43.0	+	483	1086	0.07039337474120083	0.8529411764705882	0	0	256	290	526	560
a_tenuis_TRINITY_DN42964_c0_g1_i1.p1_4_164|a_tenuis_TRINITY_DN42964_c0_g1_i1_11_493	BLAZ01001464.1_IkB-like-1_cnidaria_06ab4a1a_cds	3	4.140786749482402	40.0	+	483	1158	0.10351966873706005	0.76	0	0	117	167	522	572
a_tenuis_TRINITY_DN42964_c0_g1_i1.p1_4_164|a_tenuis_TRINITY_DN42964_c0_g1_i1_11_493	BLAZ01000379.1_IkBa-like_cnidaria_1b49cc6e_cds	4	3.4161490683229814	33.0	+	483	1149	0.08281573498964803	0.85	3	5	131	175	392	433
Oarb_104540_c2_g2_i4.p1_1_189|Oarb_104540_c2_g2_i4_620_54	OZ210550.1_IkB-like-2_cnidaria_27849994_cds	1	89.50617283950618	1015.0	+	567	1068	0.9171075837742504	0.9923076923076923	1	1	0	521	546	1066
Oarb_104540_c2_g2_i4.p1_1_189|Oarb_104540_c2_g2_i4_620_54	OZ210550.1_IkB-like-1_cnidaria_f1fc1ca4_cds	2	2.6455026455026456	30.0	+	567	1215	0.09347442680776014	0.7924528301886793	4	5	159	214	888	944
Oarb_104540_c2_g2_i4.p1_1_189|Oarb_104540_c2_g2_i4_620_54	OZ210541.1_p100-like_cnidaria_cc72bb95_cds	3	2.292768959435626	26.0	+	567	3237	0.10934744268077601	0.7419354838709677	3	6	266	334	2312	2374
Oarb_104540_c2_g2_i4.p1_1_189|Oarb_104540_c2_g2_i4_620_54	OZ210546.1_IkBa-like_cnidaria_d20d51b0_cds	4	2.2045855379188715	25.0	+	567	1128	0.03527336860670194	0.85	0	0	63	83	393	413
Oarb_104540_c2_g2_i4.p1_1_189|Oarb_104540_c2_g2_i4_620_54	OZ210548.1_p52-like_cnidaria_4a4f5cc6_cds	5	1.8518518518518519	21.0	-	567	1062	0.04585537918871252	0.8846153846153846	2	8	203	235	556	584
Oarb_129275_c3_g2_i1.p1_1_247|Oarb_129275_c3_g2_i1_3_743	OZ210548.1_p52-like_cnidaria_4a4f5cc6_cds	1	83.94062078272604	1244.0	+	741	1062	0.9460188933873145	0.9657631954350927	2	30	0	731	117	818
Oarb_129275_c3_g2_i1.p1_1_247|Oarb_129275_c3_g2_i1_3_743	OZ210541.1_p100-like_cnidaria_cc72bb95_cds	2	48.987854251012145	726.0	+	741	3237	0.9959514170040485	0.8617886178861789	21	156	0	741	327	1218
Oarb_129275_c3_g2_i1.p1_1_247|Oarb_129275_c3_g2_i1_3_743	OZ210550.1_IkB-like-1_cnidaria_f1fc1ca4_cds	3	1.8218623481781377	27.0	+	741	1215	0.032388663967611336	0.875	1	2	661	687	202	226
Oarb_129275_c3_g2_i1.p1_1_247|Oarb_129275_c3_g2_i1_3_743	OZ210546.1_IkBa-like_cnidaria_d20d51b0_cds	4	1.484480431848853	22.0	+	741	1128	0.02834008097165992	0.8095238095238095	0	0	363	384	198	219
Oarb_129275_c3_g2_i1.p1_1_247|Oarb_129275_c3_g2_i1_3_743	OZ210550.1_IkB-like-2_cnidaria_27849994_cds	5	1.417004048582996	21.0	-	741	1068	0.017543859649122806	0.9230769230769231	0	0	396	409	332	345
Oarb_139262_c0_g1_i2.p1_1_277|Oarb_139262_c0_g1_i2_155_985	OZ210546.1_IkBa-like_cnidaria_d20d51b0_cds	1	97.59326113116727	1622.0	+	831	1128	1.0	0.9951865222623345	2	12	0	831	0	843
Oarb_139262_c0_g1_i2.p1_1_277|Oarb_139262_c0_g1_i2_155_985	OZ210550.1_IkB-like-2_cnidaria_27849994_cds	2	2.5872442839951866	43.0	+	831	1068	0.05054151624548736	0.8333333333333334	1	2	373	417	385	427
Oarb_139262_c0_g1_i2.p1_1_277|Oarb_139262_c0_g1_i2_155_985	OZ210550.1_IkB-like-1_cnidaria_f1fc1ca4_cds	3	2.406738868832732	40.0	+	831	1215	0.09386281588447654	0.8333333333333334	6	27	738	830	906	997
Oarb_139262_c0_g1_i2.p1_1_277|Oarb_139262_c0_g1_i2_155_985	OZ210541.1_p100-like_cnidaria_cc72bb95_cds	4	1.865222623345367	31.0	+	831	3237	0.027677496991576414	0.8695652173913043	0	0	379	402	1783	1806
Oarb_139262_c0_g1_i2.p1_1_277|Oarb_139262_c0_g1_i2_155_985	OZ210548.1_p52-like_cnidaria_4a4f5cc6_cds	5	1.5643802647412757	26.0	-	831	1062	0.031287605294825514	0.8461538461538461	1	2	495	523	513	539
Oarb_139262_c0_g1_i3.p2_13_131|Oarb_139262_c0_g1_i3_2091_2447	OZ210546.1_IkBa-like_cnidaria_d20d51b0_cds	1	92.85714285714286	663.0	+	357	1128	0.9495798319327731	0.9970501474926253	1	6	0	339	753	1098
Oarb_139262_c0_g1_i3.p2_13_131|Oarb_139262_c0_g1_i3_2091_2447	OZ210550.1_IkB-like-1_cnidaria_f1fc1ca4_cds	2	11.064425770308123	79.0	+	357	1215	0.3641456582633053	0.8076923076923077	7	28	0	144	909	1053
Oarb_139262_c0_g1_i3.p2_13_131|Oarb_139262_c0_g1_i3_2091_2447	OZ210541.1_p100-like_cnidaria_cc72bb95_cds	3	5.602240896358543	40.0	+	357	3237	0.12605042016806722	0.7777777777777778	0	0	185	230	2441	2486
Oarb_139262_c0_g1_i3.p2_13_131|Oarb_139262_c0_g1_i3_2091_2447	OZ210550.1_IkB-like-2_cnidaria_27849994_cds	4	4.901960784313726	35.0	+	357	1068	0.19607843137254902	0.7285714285714285	2	2	69	140	795	866
Oarb_139262_c0_g1_i3.p2_13_131|Oarb_139262_c0_g1_i3_2091_2447	OZ210548.1_p52-like_cnidaria_4a4f5cc6_cds	5	3.361344537815126	24.0	+	357	1062	0.03361344537815126	1.0	0	0	92	104	989	1001
Oarb_139262_c0_g1_i3.p3_1_106|Oarb_139262_c0_g1_i3_1112_1429	OZ210546.1_IkBa-like_cnidaria_d20d51b0_cds	1	97.64150943396227	621.0	+	318	1128	1.0	0.9968553459119497	1	6	0	318	426	750
Oarb_139262_c0_g1_i3.p3_1_106|Oarb_139262_c0_g1_i3_1112_1429	OZ210550.1_IkB-like-1_cnidaria_f1fc1ca4_cds	2	5.188679245283019	33.0	+	318	1215	0.13836477987421383	0.75	0	0	54	98	684	728
Oarb_139262_c0_g1_i3.p3_1_106|Oarb_139262_c0_g1_i3_1112_1429	OZ210550.1_IkB-like-2_cnidaria_27849994_cds	3	4.245283018867925	27.0	+	318	1068	0.0660377358490566	0.8571428571428571	0	0	77	98	512	533
Oarb_139262_c0_g1_i3.p3_1_106|Oarb_139262_c0_g1_i3_1112_1429	OZ210541.1_p100-like_cnidaria_cc72bb95_cds	4	4.088050314465409	26.0	-	318	3237	0.08176100628930817	0.8461538461538461	1	2	69	97	807	833
Oarb_139262_c0_g1_i3.p3_1_106|Oarb_139262_c0_g1_i3_1112_1429	OZ210548.1_p52-like_cnidaria_4a4f5cc6_cds	4	4.088050314465409	26.0	-	318	1062	0.08176100628930817	0.8461538461538461	1	2	69	97	513	539
Oarb_148322_c2_g1_i6.p1_1_255|Oarb_148322_c2_g1_i6_2035_2799	OZ210550.1_IkB-like-1_cnidaria_f1fc1ca4_cds	1	85.94771241830065	1315.0	+	765	1215	0.9019607843137255	0.981159420289855	0	0	0	690	525	1215
Oarb_148322_c2_g1_i6.p1_1_255|Oarb_148322_c2_g1_i6_2035_2799	OZ210546.1_IkBa-like_cnidaria_d20d51b0_cds	2	5.359477124183006	82.0	+	765	1128	0.17124183006535948	0.816793893129771	7	32	384	528	753	903
Oarb_148322_c2_g1_i6.p1_1_255|Oarb_148322_c2_g1_i6_2035_2799	OZ210550.1_IkB-like-2_cnidaria_27849994_cds	3	3.1372549019607843	48.0	+	765	1068	0.13333333333333333	0.7450980392156863	5	6	162	267	492	597
Oarb_148322_c2_g1_i6.p1_1_255|Oarb_148322_c2_g1_i6_2035_2799	OZ210541.1_p100-like_cnidaria_cc72bb95_cds	4	1.8300653594771241	28.0	+	765	3237	0.05751633986928104	0.7272727272727273	0	0	472	516	2314	2358
Oarb_148322_c2_g1_i6.p1_1_255|Oarb_148322_c2_g1_i6_2035_2799	OZ210548.1_p52-like_cnidaria_4a4f5cc6_cds	5	1.5686274509803921	24.0	+	765	1062	0.03398692810457516	0.9615384615384616	4	7	512	540	460	491
Oarb_154257_c8_g1_i1.p1_1_240|Oarb_154257_c8_g1_i1_720_1	OZ210541.1_p100-like_cnidaria_cc72bb95_cds	1	79.375	1143.0	+	720	3237	1.0	0.9597222222222223	5	132	0	720	339	1191
Oarb_154257_c8_g1_i1.p1_1_240|Oarb_154257_c8_g1_i1_720_1	OZ210548.1_p52-like_cnidaria_4a4f5cc6_cds	2	41.388888888888886	596.0	+	720	1062	0.925	0.8108108108108109	12	58	0	719	129	800
Oarb_154257_c8_g1_i1.p1_1_240|Oarb_154257_c8_g1_i1_720_1	OZ210546.1_IkBa-like_cnidaria_d20d51b0_cds	3	1.9444444444444444	28.0	+	720	1128	0.04861111111111111	0.8285714285714286	2	4	85	120	137	176
Oarb_154257_c8_g1_i1.p1_1_240|Oarb_154257_c8_g1_i1_720_1	OZ210550.1_IkB-like-1_cnidaria_f1fc1ca4_cds	4	1.875	27.0	+	720	1215	0.03333333333333333	0.875	1	2	667	693	202	226
Oarb_154257_c8_g1_i1.p1_1_240|Oarb_154257_c8_g1_i1_720_1	OZ210550.1_IkB-like-2_cnidaria_27849994_cds	5	1.6666666666666667	24.0	-	720	1068	0.027777777777777776	0.9	1	2	474	496	762	782
Oarb_154257_c8_g1_i3.p1_1_419|Oarb_154257_c8_g1_i3_3525_2269	OZ210541.1_p100-like_cnidaria_cc72bb95_cds	1	80.42959427207637	2022.0	+	1257	3237	1.0	0.964200477326969	9	231	0	1257	0	1488
Oarb_154257_c8_g1_i3.p1_1_419|Oarb_154257_c8_g1_i3_3525_2269	OZ210548.1_p52-like_cnidaria_4a4f5cc6_cds	2	37.11217183770883	933.0	+	1257	1062	0.7891805887032617	0.8155241935483871	17	68	155	1202	2	1007
Oarb_154257_c8_g1_i3.p1_1_419|Oarb_154257_c8_g1_i3_3525_2269	OZ210550.1_IkB-like-1_cnidaria_f1fc1ca4_cds	3	1.0739856801909309	27.0	+	1257	1215	0.01909307875894988	0.875	1	2	949	975	202	226
Oarb_154257_c8_g1_i3.p1_1_419|Oarb_154257_c8_g1_i3_3525_2269	OZ210546.1_IkBa-like_cnidaria_d20d51b0_cds	4	1.0739856801909309	27.0	+	1257	1128	0.016706443914081145	0.8571428571428571	0	0	651	672	198	219
Oarb_154257_c8_g1_i3.p1_1_419|Oarb_154257_c8_g1_i3_3525_2269	OZ210550.1_IkB-like-2_cnidaria_27849994_cds	5	0.954653937947494	24.0	-	1257	1068	0.015910898965791568	0.9	1	2	756	778	762	782
Oarb_154257_c8_g1_i3.p1_1_916|Oarb_154257_c8_g1_i3_3525_778	OZ210541.1_p100-like_cnidaria_cc72bb95_cds	1	79.60334788937409	4375.0	+	2748	3237	0.9858078602620087	0.9704688076781101	19	567	0	2748	0	3237
Oarb_154257_c8_g1_i3.p1_1_916|Oarb_154257_c8_g1_i3_3525_778	OZ210548.1_p52-like_cnidaria_4a4f5cc6_cds	2	17.012372634643377	935.0	+	2748	1062	0.38064046579330424	0.8087954110898662	21	73	155	1260	2	1062
Oarb_154257_c8_g1_i3.p1_1_916|Oarb_154257_c8_g1_i3_3525_778	OZ210546.1_IkBa-like_cnidaria_d20d51b0_cds	3	0.673216885007278	37.0	+	2748	1128	0.011280931586608443	0.8387096774193549	0	0	1525	1556	379	410
Oarb_154257_c8_g1_i3.p1_1_916|Oarb_154257_c8_g1_i3_3525_778	OZ210550.1_IkB-like-2_cnidaria_27849994_cds	4	0.6004366812227074	33.0	+	2748	1068	0.012008733624454149	0.9090909090909091	3	6	1533	1567	600	638
Oarb_154257_c8_g1_i3.p1_1_916|Oarb_154257_c8_g1_i3_3525_778	OZ210550.1_IkB-like-1_cnidaria_f1fc1ca4_cds	5	0.6004366812227074	33.0	+	2748	1215	0.008733624454148471	0.875	0	0	2063	2087	1109	1133
Oarb_96189_c0_g1_i1.p1_1_229|Oarb_96189_c0_g1_i1_2_688	OZ210541.1_p100-like_cnidaria_cc72bb95_cds	1	83.04221251819506	1141.0	+	687	3237	1.0	0.9781659388646288	5	138	0	687	1701	2526
Oarb_96189_c0_g1_i1.p1_1_229|Oarb_96189_c0_g1_i1_2_688	OZ210546.1_IkBa-like_cnidaria_d20d51b0_cds	2	3.7117903930131004	51.0	+	687	1128	0.17612809315866085	0.8264462809917356	12	38	507	647	849	989
Oarb_96189_c0_g1_i1.p1_1_229|Oarb_96189_c0_g1_i1_2_688	OZ210550.1_IkB-like-2_cnidaria_27849994_cds	3	2.692867540029112	37.0	+	687	1068	0.13682678311499272	0.7446808510638298	5	11	468	565	778	880
Oarb_96189_c0_g1_i1.p1_1_229|Oarb_96189_c0_g1_i1_2_688	OZ210550.1_IkB-like-1_cnidaria_f1fc1ca4_cds	4	2.547307132459971	35.0	+	687	1215	0.18340611353711792	0.7301587301587301	6	23	505	644	997	1133
Oarb_96189_c0_g1_i1.p1_1_229|Oarb_96189_c0_g1_i1_2_688	OZ210548.1_p52-like_cnidaria_4a4f5cc6_cds	5	1.8922852983988354	26.0	-	687	1062	0.033478893740902474	0.9565217391304348	2	7	98	122	373	402
pseudodiploria_host_TRINITY_DN178043_c0_g1_i1.p1_1_225|pseudodiploria_host_TRINITY_DN178043_c0_g1_i1_2248_2922	CDRNSK010000283.1_IkB-like-1_cnidaria_15b94c4d_cds	1	100.0	1350.0	+	675	1179	1.0	1.0	0	0	0	675	504	1179
pseudodiploria_host_TRINITY_DN178043_c0_g1_i1.p1_1_225|pseudodiploria_host_TRINITY_DN178043_c0_g1_i1_2248_2922	CDRNSK010000283.1_IkB-like-2_cnidaria_d33dc3b5_cds	2	5.185185185185185	70.0	+	675	1053	0.2088888888888889	0.8085106382978723	11	33	472	628	799	958
pseudodiploria_host_TRINITY_DN178043_c0_g1_i1.p1_1_225|pseudodiploria_host_TRINITY_DN178043_c0_g1_i1_2248_2922	CDRNSK010000247.1_IkBa-like_cnidaria_2f11850d_cds	3	4.888888888888889	66.0	+	675	1149	0.277037037037037	0.7967914438502673	19	42	452	660	848	1056
pseudodiploria_host_TRINITY_DN178043_c0_g1_i1.p1_1_225|pseudodiploria_host_TRINITY_DN178043_c0_g1_i1_2248_2922	CDRNSK010000150.1_p100-like_cnidaria_c3a4b3b9_cds	4	2.888888888888889	39.0	+	675	2730	0.10518518518518519	0.7605633802816901	3	6	444	516	1907	1983
pseudodiploria_host_TRINITY_DN178043_c0_g1_i6.p1_1_158|pseudodiploria_host_TRINITY_DN178043_c0_g1_i6_2248_2721	CDRNSK010000283.1_IkB-like-1_cnidaria_15b94c4d_cds	1	100.0	948.0	+	474	1179	1.0	1.0	0	0	0	474	504	978
pseudodiploria_host_TRINITY_DN178043_c0_g1_i6.p1_1_158|pseudodiploria_host_TRINITY_DN178043_c0_g1_i6_2248_2721	CDRNSK010000283.1_IkB-like-2_cnidaria_d33dc3b5_cds	2	4.219409282700422	40.0	+	474	1053	0.1540084388185654	0.7945205479452054	6	7	158	236	474	549
pseudodiploria_host_TRINITY_DN178043_c0_g1_i6.p1_1_158|pseudodiploria_host_TRINITY_DN178043_c0_g1_i6_2248_2721	CDRNSK010000150.1_p100-like_cnidaria_c3a4b3b9_cds	3	3.586497890295359	34.0	+	474	2730	0.12658227848101267	0.8166666666666667	5	11	250	313	1714	1782
pseudodiploria_host_TRINITY_DN178043_c0_g1_i6.p1_1_158|pseudodiploria_host_TRINITY_DN178043_c0_g1_i6_2248_2721	CDRNSK010000247.1_IkBa-like_cnidaria_2f11850d_cds	4	3.3755274261603376	32.0	+	474	1149	0.1160337552742616	0.8363636363636363	4	17	59	114	368	440
pseudodiploria_host_TRINITY_DN187230_c1_g2_i2.p1_2_109|pseudodiploria_host_TRINITY_DN187230_c1_g2_i2_5_328	CDRNSK010000283.1_IkB-like-2_cnidaria_d33dc3b5_cds	1	98.45679012345678	638.0	+	324	1053	1.0	0.9938271604938271	0	0	0	324	327	651
pseudodiploria_host_TRINITY_DN187230_c1_g2_i2.p1_2_109|pseudodiploria_host_TRINITY_DN187230_c1_g2_i2_5_328	CDRNSK010000283.1_IkB-like-1_cnidaria_15b94c4d_cds	2	6.172839506172839	40.0	+	324	1179	0.22530864197530864	0.7945205479452054	6	7	147	222	662	740
pseudodiploria_host_TRINITY_DN187230_c1_g2_i2.p1_2_109|pseudodiploria_host_TRINITY_DN187230_c1_g2_i2_5_328	CDRNSK010000247.1_IkBa-like_cnidaria_2f11850d_cds	3	4.320987654320987	28.0	+	324	1149	0.14506172839506173	0.7446808510638298	1	2	23	72	346	393
pseudodiploria_host_TRINITY_DN187230_c1_g2_i2.p1_2_109|pseudodiploria_host_TRINITY_DN187230_c1_g2_i2_5_328	CDRNSK010000150.1_p100-like_cnidaria_c3a4b3b9_cds	4	3.8580246913580245	25.0	+	324	2730	0.08024691358024691	0.8846153846153846	2	4	168	197	1532	1559
pseudodiploria_host_TRINITY_DN189231_c0_g2_i1.p1_1_155|pseudodiploria_host_TRINITY_DN189231_c0_g2_i1_3_467	CDRNSK010000283.1_IkB-like-2_cnidaria_d33dc3b5_cds	1	86.55913978494624	805.0	+	465	1053	0.8924731182795699	0.9879518072289156	0	0	0	415	633	1048
pseudodiploria_host_TRINITY_DN189231_c0_g2_i1.p1_1_155|pseudodiploria_host_TRINITY_DN189231_c0_g2_i1_3_467	CDRNSK010000283.1_IkB-like-1_cnidaria_15b94c4d_cds	2	7.741935483870968	72.0	+	465	1179	0.3032258064516129	0.8226950354609929	13	33	166	325	976	1132
pseudodiploria_host_TRINITY_DN189231_c0_g2_i1.p1_1_155|pseudodiploria_host_TRINITY_DN189231_c0_g2_i1_3_467	CDRNSK010000150.1_p100-like_cnidaria_c3a4b3b9_cds	3	3.3333333333333335	31.0	+	465	2730	0.08602150537634409	0.825	2	6	270	310	2046	2092
pseudodiploria_host_TRINITY_DN189231_c0_g2_i1.p1_1_155|pseudodiploria_host_TRINITY_DN189231_c0_g2_i1_3_467	CDRNSK010000247.1_IkBa-like_cnidaria_2f11850d_cds	4	2.5806451612903225	24.0	+	465	1149	0.025806451612903226	1.0	0	0	285	297	528	540
pseudodiploria_host_TRINITY_DN189231_c0_g2_i5.p1_1_107|pseudodiploria_host_TRINITY_DN189231_c0_g2_i5_666_986	CDRNSK010000283.1_IkB-like-2_cnidaria_d33dc3b5_cds	1	82.86604361370716	532.0	+	321	1053	0.8442367601246106	0.992619926199262	0	0	0	271	777	1048
pseudodiploria_host_TRINITY_DN189231_c0_g2_i5.p1_1_107|pseudodiploria_host_TRINITY_DN189231_c0_g2_i5_666_986	CDRNSK010000283.1_IkB-like-1_cnidaria_15b94c4d_cds	2	11.214953271028037	72.0	+	321	1179	0.4392523364485981	0.8226950354609929	13	33	22	181	976	1132
pseudodiploria_host_TRINITY_DN189231_c0_g2_i5.p1_1_107|pseudodiploria_host_TRINITY_DN189231_c0_g2_i5_666_986	CDRNSK010000150.1_p100-like_cnidaria_c3a4b3b9_cds	3	4.8286604361370715	31.0	+	321	2730	0.12461059190031153	0.825	2	6	126	166	2046	2092
pseudodiploria_host_TRINITY_DN189231_c0_g2_i5.p1_1_107|pseudodiploria_host_TRINITY_DN189231_c0_g2_i5_666_986	CDRNSK010000247.1_IkBa-like_cnidaria_2f11850d_cds	4	3.7383177570093458	24.0	+	321	1149	0.037383177570093455	1.0	0	0	141	153	528	540
pseudodiploria_host_TRINITY_DN190911_c0_g2_i11.p1_31_145|pseudodiploria_host_TRINITY_DN190911_c0_g2_i11_3145_2801	CDRNSK010000247.1_IkBa-like_cnidaria_2f11850d_cds	1	93.04347826086956	642.0	+	345	1149	1.0	0.9884057971014493	1	24	0	345	396	765
pseudodiploria_host_TRINITY_DN190911_c0_g2_i11.p1_31_145|pseudodiploria_host_TRINITY_DN190911_c0_g2_i11_3145_2801	CDRNSK010000150.1_p100-like_cnidaria_c3a4b3b9_cds	2	5.217391304347826	36.0	+	345	2730	0.1246376811594203	0.813953488372093	2	2	90	134	1632	1676
pseudodiploria_host_TRINITY_DN190911_c0_g2_i11.p1_31_145|pseudodiploria_host_TRINITY_DN190911_c0_g2_i11_3145_2801	CDRNSK010000283.1_IkB-like-1_cnidaria_15b94c4d_cds	3	4.927536231884058	34.0	+	345	1179	0.4666666666666667	0.782608695652174	17	45	84	267	666	850
pseudodiploria_host_TRINITY_DN190911_c0_g2_i11.p1_31_145|pseudodiploria_host_TRINITY_DN190911_c0_g2_i11_3145_2801	CDRNSK010000283.1_IkB-like-2_cnidaria_d33dc3b5_cds	4	3.4782608695652173	24.0	+	345	1053	0.034782608695652174	1.0	0	0	108	120	918	930
pseudodiploria_host_TRINITY_DN190911_c0_g2_i5.p1_1_202|pseudodiploria_host_TRINITY_DN190911_c0_g2_i5_2025_1420	CDRNSK010000247.1_IkBa-like_cnidaria_2f11850d_cds	1	95.7095709570957	1160.0	+	606	1149	1.0	0.9900990099009901	1	18	0	606	525	1149
pseudodiploria_host_TRINITY_DN190911_c0_g2_i5.p1_1_202|pseudodiploria_host_TRINITY_DN190911_c0_g2_i5_2025_1420	CDRNSK010000283.1_IkB-like-1_cnidaria_15b94c4d_cds	2	6.765676567656766	82.0	+	606	1179	0.4207920792079208	0.788235294117647	25	58	229	513	880	1164
pseudodiploria_host_TRINITY_DN190911_c0_g2_i5.p1_1_202|pseudodiploria_host_TRINITY_DN190911_c0_g2_i5_2025_1420	CDRNSK010000150.1_p100-like_cnidaria_c3a4b3b9_cds	3	5.858085808580858	71.0	+	606	2730	0.297029702970297	0.7722222222222223	14	28	324	518	1938	2132
pseudodiploria_host_TRINITY_DN190911_c0_g2_i5.p1_1_202|pseudodiploria_host_TRINITY_DN190911_c0_g2_i5_2025_1420	CDRNSK010000283.1_IkB-like-2_cnidaria_d33dc3b5_cds	4	1.9801980198019802	24.0	+	606	1053	0.09570957095709572	0.8275862068965517	7	14	306	371	780	845
pseudodiploria_host_TRINITY_DN190911_c0_g2_i6.p1_2_124|pseudodiploria_host_TRINITY_DN190911_c0_g2_i6_1462_1094	CDRNSK010000247.1_IkBa-like_cnidaria_2f11850d_cds	1	98.6449864498645	728.0	+	369	1149	1.0	0.994579945799458	0	0	0	369	780	1149
pseudodiploria_host_TRINITY_DN190911_c0_g2_i6.p1_2_124|pseudodiploria_host_TRINITY_DN190911_c0_g2_i6_1462_1094	CDRNSK010000150.1_p100-like_cnidaria_c3a4b3b9_cds	2	9.620596205962059	71.0	+	369	2730	0.4878048780487805	0.7722222222222223	14	28	87	281	1938	2132
pseudodiploria_host_TRINITY_DN190911_c0_g2_i6.p1_2_124|pseudodiploria_host_TRINITY_DN190911_c0_g2_i6_1462_1094	CDRNSK010000283.1_IkB-like-1_cnidaria_15b94c4d_cds	3	9.34959349593496	69.0	+	369	1179	0.5067750677506775	0.7914438502673797	17	42	68	276	956	1164
pseudodiploria_host_TRINITY_DN190911_c0_g2_i6.p1_2_124|pseudodiploria_host_TRINITY_DN190911_c0_g2_i6_1462_1094	CDRNSK010000283.1_IkB-like-2_cnidaria_d33dc3b5_cds	4	3.252032520325203	24.0	+	369	1053	0.15718157181571815	0.8275862068965517	7	14	69	134	780	845
pseudodiploria_host_TRINITY_DN200187_c2_g4_i1.p1_1_113|pseudodiploria_host_TRINITY_DN200187_c2_g4_i1_301_639	CDRNSK010000150.1_p100-like_cnidaria_c3a4b3b9_cds	1	94.54277286135694	641.0	+	339	2730	0.9970501474926253	0.9792899408284024	0	0	0	338	636	974
pseudodiploria_host_TRINITY_DN200187_c2_g4_i1.p1_1_113|pseudodiploria_host_TRINITY_DN200187_c2_g4_i1_301_639	CDRNSK010000283.1_IkB-like-2_cnidaria_d33dc3b5_cds	2	3.982300884955752	27.0	+	339	1053	0.05604719764011799	0.9473684210526315	1	2	207	226	256	277
pseudodiploria_host_TRINITY_DN200187_c2_g4_i1.p1_1_113|pseudodiploria_host_TRINITY_DN200187_c2_g4_i1_301_639	CDRNSK010000283.1_IkB-like-1_cnidaria_15b94c4d_cds	3	3.5398230088495577	24.0	+	339	1179	0.07374631268436578	0.84	1	2	152	179	236	261
pseudodiploria_host_TRINITY_DN200187_c2_g4_i1.p1_1_113|pseudodiploria_host_TRINITY_DN200187_c2_g4_i1_301_639	CDRNSK010000247.1_IkBa-like_cnidaria_2f11850d_cds	4	2.949852507374631	20.0	-	339	1149	0.04424778761061947	0.8666666666666667	0	0	277	292	766	781
pseudodiploria_host_TRINITY_DN200187_c2_g4_i2.p1_1_215|pseudodiploria_host_TRINITY_DN200187_c2_g4_i2_1_645	CDRNSK010000150.1_p100-like_cnidaria_c3a4b3b9_cds	1	94.57364341085271	1220.0	+	645	2730	0.9922480620155039	0.98125	0	0	0	640	234	874
pseudodiploria_host_TRINITY_DN200187_c2_g4_i2.p1_1_215|pseudodiploria_host_TRINITY_DN200187_c2_g4_i2_1_645	CDRNSK010000283.1_IkB-like-1_cnidaria_15b94c4d_cds	2	2.248062015503876	29.0	+	645	1179	0.03875968992248062	0.88	1	2	554	581	236	261
pseudodiploria_host_TRINITY_DN200187_c2_g4_i2.p1_1_215|pseudodiploria_host_TRINITY_DN200187_c2_g4_i2_1_645	CDRNSK010000283.1_IkB-like-2_cnidaria_d33dc3b5_cds	3	2.0930232558139537	27.0	+	645	1053	0.02945736434108527	0.9473684210526315	1	2	609	628	256	277
pseudodiploria_host_TRINITY_DN200187_c2_g4_i2.p1_1_215|pseudodiploria_host_TRINITY_DN200187_c2_g4_i2_1_645	CDRNSK010000247.1_IkBa-like_cnidaria_2f11850d_cds	4	1.7054263565891472	22.0	+	645	1149	0.040310077519379844	0.8461538461538461	2	2	345	371	336	364
pseudodiploria_host_TRINITY_DN200187_c2_g4_i3.p1_1_653|pseudodiploria_host_TRINITY_DN200187_c2_g4_i3_2_1960	CDRNSK010000150.1_p100-like_cnidaria_c3a4b3b9_cds	1	95.30372639101583	3734.0	+	1959	2730	0.9954058192955589	0.9856410256410256	2	18	0	1959	63	2022
pseudodiploria_host_TRINITY_DN200187_c2_g4_i3.p1_1_653|pseudodiploria_host_TRINITY_DN200187_c2_g4_i3_2_1960	CDRNSK010000283.1_IkB-like-1_cnidaria_15b94c4d_cds	2	0.9954058192955589	39.0	+	1959	1179	0.03624298111281266	0.7605633802816901	3	6	1844	1920	948	1020
pseudodiploria_host_TRINITY_DN200187_c2_g4_i3.p1_1_653|pseudodiploria_host_TRINITY_DN200187_c2_g4_i3_2_1960	CDRNSK010000247.1_IkBa-like_cnidaria_2f11850d_cds	3	0.9954058192955589	39.0	+	1959	1149	0.026544155181214904	0.8269230769230769	3	8	1875	1931	867	923
pseudodiploria_host_TRINITY_DN200187_c2_g4_i3.p1_1_653|pseudodiploria_host_TRINITY_DN200187_c2_g4_i3_2_1960	CDRNSK010000283.1_IkB-like-2_cnidaria_d33dc3b5_cds	4	0.7146503318019398	28.0	+	1959	1053	0.013782542113323124	0.8518518518518519	1	2	1469	1496	495	524
pseudodiploria_host_TRINITY_DN200187_c2_g4_i3.p1_2_407|pseudodiploria_host_TRINITY_DN200187_c2_g4_i3_5_1222	CDRNSK010000150.1_p100-like_cnidaria_c3a4b3b9_cds	1	95.6896551724138	2331.0	+	1218	2730	1.0	0.9827586206896551	0	0	0	1218	66	1284
pseudodiploria_host_TRINITY_DN200187_c2_g4_i3.p1_2_407|pseudodiploria_host_TRINITY_DN200187_c2_g4_i3_5_1222	CDRNSK010000283.1_IkB-like-2_cnidaria_d33dc3b5_cds	2	1.1083743842364533	27.0	+	1218	1053	0.015599343185550082	0.9473684210526315	1	2	777	796	256	277
pseudodiploria_host_TRINITY_DN200187_c2_g4_i3.p1_2_407|pseudodiploria_host_TRINITY_DN200187_c2_g4_i3_5_1222	CDRNSK010000283.1_IkB-like-1_cnidaria_15b94c4d_cds	3	0.9852216748768473	24.0	+	1218	1179	0.020525451559934318	0.84	1	2	722	749	236	261
pseudodiploria_host_TRINITY_DN200187_c2_g4_i3.p1_2_407|pseudodiploria_host_TRINITY_DN200187_c2_g4_i3_5_1222	CDRNSK010000247.1_IkBa-like_cnidaria_2f11850d_cds	4	0.90311986863711	22.0	+	1218	1149	0.021346469622331693	0.8461538461538461	2	2	513	539	336	364
pseudodiploria_host_TRINITY_DN200187_c2_g4_i4.p1_1_419|pseudodiploria_host_TRINITY_DN200187_c2_g4_i4_2_1258	CDRNSK010000150.1_p100-like_cnidaria_c3a4b3b9_cds	1	95.90294351630867	2411.0	+	1257	2730	0.9968178202068417	0.9848363926576217	0	0	0	1253	63	1316
pseudodiploria_host_TRINITY_DN200187_c2_g4_i4.p1_1_419|pseudodiploria_host_TRINITY_DN200187_c2_g4_i4_2_1258	CDRNSK010000283.1_IkB-like-2_cnidaria_d33dc3b5_cds	2	1.0739856801909309	27.0	+	1257	1053	0.015115354017501989	0.9473684210526315	1	2	780	799	256	277
pseudodiploria_host_TRINITY_DN200187_c2_g4_i4.p1_1_419|pseudodiploria_host_TRINITY_DN200187_c2_g4_i4_2_1258	CDRNSK010000283.1_IkB-like-1_cnidaria_15b94c4d_cds	3	0.954653937947494	24.0	+	1257	1179	0.01988862370723946	0.84	1	2	725	752	236	261
pseudodiploria_host_TRINITY_DN200187_c2_g4_i4.p1_1_419|pseudodiploria_host_TRINITY_DN200187_c2_g4_i4_2_1258	CDRNSK010000247.1_IkBa-like_cnidaria_2f11850d_cds	4	0.8750994431185362	22.0	+	1257	1149	0.020684168655529037	0.8461538461538461	2	2	516	542	336	364
pseudodiploria_host_TRINITY_DN200187_c2_g4_i4.p1_2_407|pseudodiploria_host_TRINITY_DN200187_c2_g4_i4_5_1222	CDRNSK010000150.1_p100-like_cnidaria_c3a4b3b9_cds	1	96.10016420361248	2341.0	+	1218	2730	1.0	0.9844006568144499	0	0	0	1218	66	1284
pseudodiploria_host_TRINITY_DN200187_c2_g4_i4.p1_2_407|pseudodiploria_host_TRINITY_DN200187_c2_g4_i4_5_1222	CDRNSK010000283.1_IkB-like-2_cnidaria_d33dc3b5_cds	2	1.1083743842364533	27.0	+	1218	1053	0.015599343185550082	0.9473684210526315	1	2	777	796	256	277
pseudodiploria_host_TRINITY_DN200187_c2_g4_i4.p1_2_407|pseudodiploria_host_TRINITY_DN200187_c2_g4_i4_5_1222	CDRNSK010000283.1_IkB-like-1_cnidaria_15b94c4d_cds	3	0.9852216748768473	24.0	+	1218	1179	0.020525451559934318	0.84	1	2	722	749	236	261
pseudodiploria_host_TRINITY_DN200187_c2_g4_i4.p1_2_407|pseudodiploria_host_TRINITY_DN200187_c2_g4_i4_5_1222	CDRNSK010000247.1_IkBa-like_cnidaria_2f11850d_cds	4	0.90311986863711	22.0	+	1218	1149	0.021346469622331693	0.8461538461538461	2	2	513	539	336	364
pseudodiploria_host_TRINITY_DN202411_c1_g2_i2.p2_1_296|pseudodiploria_host_TRINITY_DN202411_c1_g2_i2_3_890	CDRNSK010000150.1_p100-like_cnidaria_c3a4b3b9_cds	1	93.18693693693693	1655.0	+	888	2730	0.9718468468468469	0.996523754345307	6	32	0	888	1860	2730
pseudodiploria_host_TRINITY_DN202411_c1_g2_i2.p2_1_296|pseudodiploria_host_TRINITY_DN202411_c1_g2_i2_3_890	CDRNSK010000247.1_IkBa-like_cnidaria_2f11850d_cds	2	3.7162162162162162	66.0	+	888	1149	0.20270270270270271	0.7666666666666667	14	28	78	272	867	1061
pseudodiploria_host_TRINITY_DN202411_c1_g2_i2.p2_1_296|pseudodiploria_host_TRINITY_DN202411_c1_g2_i2_3_890	CDRNSK010000283.1_IkB-like-1_cnidaria_15b94c4d_cds	3	2.195945945945946	39.0	+	888	1179	0.07995495495495496	0.7605633802816901	3	6	47	123	948	1020
pseudodiploria_host_TRINITY_DN202411_c1_g2_i2.p2_1_296|pseudodiploria_host_TRINITY_DN202411_c1_g2_i2_3_890	CDRNSK010000283.1_IkB-like-2_cnidaria_d33dc3b5_cds	4	1.7454954954954955	31.0	+	888	1053	0.04504504504504504	0.825	2	6	186	232	903	943
pseudodiploria_host_TRINITY_DN202411_c1_g2_i3.p1_1_144|pseudodiploria_host_TRINITY_DN202411_c1_g2_i3_3_434	CDRNSK010000150.1_p100-like_cnidaria_c3a4b3b9_cds	1	88.31018518518519	763.0	+	432	2730	0.8888888888888888	0.9973958333333334	0	0	0	384	1860	2244
pseudodiploria_host_TRINITY_DN202411_c1_g2_i3.p1_1_144|pseudodiploria_host_TRINITY_DN202411_c1_g2_i3_3_434	CDRNSK010000247.1_IkBa-like_cnidaria_2f11850d_cds	2	8.217592592592593	71.0	+	432	1149	0.4166666666666667	0.7722222222222223	14	28	78	272	867	1061
pseudodiploria_host_TRINITY_DN202411_c1_g2_i3.p1_1_144|pseudodiploria_host_TRINITY_DN202411_c1_g2_i3_3_434	CDRNSK010000283.1_IkB-like-1_cnidaria_15b94c4d_cds	3	5.092592592592593	44.0	+	432	1179	0.16435185185185186	0.7746478873239436	3	6	47	123	948	1020
pseudodiploria_host_TRINITY_DN202411_c1_g2_i3.p1_1_144|pseudodiploria_host_TRINITY_DN202411_c1_g2_i3_3_434	CDRNSK010000283.1_IkB-like-2_cnidaria_d33dc3b5_cds	4	3.587962962962963	31.0	+	432	1053	0.09259259259259259	0.825	2	6	186	232	903	943
pseudodiploria_host_TRINITY_DN202411_c1_g2_i4.p3_1_255|pseudodiploria_host_TRINITY_DN202411_c1_g2_i4_3_767	CDRNSK010000150.1_p100-like_cnidaria_c3a4b3b9_cds	1	91.83006535947712	1405.0	+	765	2730	0.9712418300653595	0.9959623149394348	7	38	0	765	1860	2619
pseudodiploria_host_TRINITY_DN202411_c1_g2_i4.p3_1_255|pseudodiploria_host_TRINITY_DN202411_c1_g2_i4_3_767	CDRNSK010000247.1_IkBa-like_cnidaria_2f11850d_cds	2	4.313725490196078	66.0	+	765	1149	0.23529411764705882	0.7666666666666667	14	28	78	272	867	1061
pseudodiploria_host_TRINITY_DN202411_c1_g2_i4.p3_1_255|pseudodiploria_host_TRINITY_DN202411_c1_g2_i4_3_767	CDRNSK010000283.1_IkB-like-1_cnidaria_15b94c4d_cds	3	2.549019607843137	39.0	+	765	1179	0.09281045751633987	0.7605633802816901	3	6	47	123	948	1020
pseudodiploria_host_TRINITY_DN202411_c1_g2_i4.p3_1_255|pseudodiploria_host_TRINITY_DN202411_c1_g2_i4_3_767	CDRNSK010000283.1_IkB-like-2_cnidaria_d33dc3b5_cds	4	2.026143790849673	31.0	+	765	1053	0.05228758169934641	0.825	2	6	186	232	903	943
pseudodiploria_host_TRINITY_DN202411_c1_g2_i5.p1_1_111|pseudodiploria_host_TRINITY_DN202411_c1_g2_i5_3_335	CDRNSK010000150.1_p100-like_cnidaria_c3a4b3b9_cds	1	99.69969969969969	664.0	+	333	2730	0.996996996996997	1.0	0	0	0	332	1860	2192
pseudodiploria_host_TRINITY_DN202411_c1_g2_i5.p1_1_111|pseudodiploria_host_TRINITY_DN202411_c1_g2_i5_3_335	CDRNSK010000247.1_IkBa-like_cnidaria_2f11850d_cds	2	9.90990990990991	66.0	+	333	1149	0.5405405405405406	0.7666666666666667	14	28	78	272	867	1061
pseudodiploria_host_TRINITY_DN202411_c1_g2_i5.p1_1_111|pseudodiploria_host_TRINITY_DN202411_c1_g2_i5_3_335	CDRNSK010000283.1_IkB-like-1_cnidaria_15b94c4d_cds	3	5.8558558558558556	39.0	+	333	1179	0.2132132132132132	0.7605633802816901	3	6	47	123	948	1020
pseudodiploria_host_TRINITY_DN202411_c1_g2_i5.p1_1_111|pseudodiploria_host_TRINITY_DN202411_c1_g2_i5_3_335	CDRNSK010000283.1_IkB-like-2_cnidaria_d33dc3b5_cds	4	4.654654654654655	31.0	+	333	1053	0.12012012012012012	0.825	2	6	186	232	903	943
siderastrea_host_TRINITY_DN442751_c0_g3_i11.p1_4_164|siderastrea_host_TRINITY_DN442751_c0_g3_i11_11_493	OZ024895.1_IkB-like-2_cnidaria_fe93e4fc_cds	1	92.02898550724638	889.0	+	483	1119	1.0	0.9855072463768116	3	30	0	483	336	849
siderastrea_host_TRINITY_DN442751_c0_g3_i11.p1_4_164|siderastrea_host_TRINITY_DN442751_c0_g3_i11_11_493	OZ024895.1_IkB-like-1_cnidaria_8b187540_cds	2	5.590062111801243	54.0	+	483	1272	0.4554865424430642	0.7772727272727272	19	65	153	410	675	923
siderastrea_host_TRINITY_DN442751_c0_g3_i11.p1_4_164|siderastrea_host_TRINITY_DN442751_c0_g3_i11_11_493	OZ024892.1_IkBa-like_cnidaria_d48b2e17_cds	3	3.5196687370600412	34.0	+	483	1104	0.045548654244306416	0.9090909090909091	0	0	271	293	499	521
siderastrea_host_TRINITY_DN442751_c0_g3_i11.p1_4_164|siderastrea_host_TRINITY_DN442751_c0_g3_i11_11_493	OZ024890.1_p100-like_cnidaria_78e5b665_cds	4	3.1055900621118013	30.0	+	483	3150	0.062111801242236024	0.9333333333333333	3	8	168	202	1870	1904
siderastrea_host_TRINITY_DN442751_c0_g3_i5.p1_4_246|siderastrea_host_TRINITY_DN442751_c0_g3_i5_11_739	OZ024895.1_IkB-like-2_cnidaria_fe93e4fc_cds	1	91.76954732510288	1338.0	+	729	1119	1.0	0.9862825788751715	4	54	0	729	336	1119
siderastrea_host_TRINITY_DN442751_c0_g3_i5.p1_4_246|siderastrea_host_TRINITY_DN442751_c0_g3_i5_11_739	OZ024895.1_IkB-like-1_cnidaria_8b187540_cds	2	3.7037037037037037	54.0	+	729	1272	0.3017832647462277	0.7772727272727272	19	65	153	410	675	923
siderastrea_host_TRINITY_DN442751_c0_g3_i5.p1_4_246|siderastrea_host_TRINITY_DN442751_c0_g3_i5_11_739	OZ024892.1_IkBa-like_cnidaria_d48b2e17_cds	3	2.3319615912208507	34.0	+	729	1104	0.03017832647462277	0.9090909090909091	0	0	271	293	499	521
siderastrea_host_TRINITY_DN442751_c0_g3_i5.p1_4_246|siderastrea_host_TRINITY_DN442751_c0_g3_i5_11_739	OZ024890.1_p100-like_cnidaria_78e5b665_cds	4	2.05761316872428	30.0	+	729	3150	0.0411522633744856	0.9333333333333333	3	8	168	202	1870	1904
siderastrea_host_TRINITY_DN442751_c0_g3_i8.p1_1_116|siderastrea_host_TRINITY_DN442751_c0_g3_i8_217_564	OZ024895.1_IkB-like-2_cnidaria_fe93e4fc_cds	1	91.66666666666667	638.0	+	348	1119	1.0	0.9885057471264368	2	30	0	348	471	849
siderastrea_host_TRINITY_DN442751_c0_g3_i8.p1_1_116|siderastrea_host_TRINITY_DN442751_c0_g3_i8_217_564	OZ024895.1_IkB-like-1_cnidaria_8b187540_cds	2	8.333333333333334	58.0	+	348	1272	0.6522988505747126	0.748898678414097	15	51	18	275	675	923
siderastrea_host_TRINITY_DN442751_c0_g3_i8.p1_1_116|siderastrea_host_TRINITY_DN442751_c0_g3_i8_217_564	OZ024892.1_IkBa-like_cnidaria_d48b2e17_cds	3	4.885057471264368	34.0	+	348	1104	0.15229885057471265	0.7924528301886793	3	5	5	59	464	521
siderastrea_host_TRINITY_DN442751_c0_g3_i8.p1_1_116|siderastrea_host_TRINITY_DN442751_c0_g3_i8_217_564	OZ024890.1_p100-like_cnidaria_78e5b665_cds	4	4.885057471264368	34.0	+	348	3150	0.08045977011494253	0.9285714285714286	2	4	39	67	1872	1904
siderastrea_host_TRINITY_DN442751_c0_g3_i9.p1_4_136|siderastrea_host_TRINITY_DN442751_c0_g3_i9_11_409	OZ024895.1_IkB-like-2_cnidaria_fe93e4fc_cds	1	93.60902255639098	747.0	+	399	1119	1.0	0.9824561403508771	1	12	0	399	330	741
siderastrea_host_TRINITY_DN442751_c0_g3_i9.p1_4_136|siderastrea_host_TRINITY_DN442751_c0_g3_i9_11_409	OZ024895.1_IkB-like-1_cnidaria_8b187540_cds	2	7.142857142857143	57.0	+	399	1272	0.3408521303258145	0.7426470588235294	5	20	159	305	675	821
siderastrea_host_TRINITY_DN442751_c0_g3_i9.p1_4_136|siderastrea_host_TRINITY_DN442751_c0_g3_i9_11_409	OZ024892.1_IkBa-like_cnidaria_d48b2e17_cds	3	4.260651629072682	34.0	+	399	1104	0.13283208020050125	0.7924528301886793	3	5	146	200	464	521
siderastrea_host_TRINITY_DN442751_c0_g3_i9.p1_4_136|siderastrea_host_TRINITY_DN442751_c0_g3_i9_11_409	OZ024890.1_p100-like_cnidaria_78e5b665_cds	4	4.260651629072682	34.0	+	399	3150	0.07017543859649122	0.9285714285714286	2	4	180	208	1872	1904
siderastrea_host_TRINITY_DN444826_c1_g4_i3.p2_1_129|siderastrea_host_TRINITY_DN444826_c1_g4_i3_388_2	OZ024895.1_IkB-like-1_cnidaria_8b187540_cds	1	88.75968992248062	687.0	+	387	1272	1.0	0.9948320413436692	2	69	0	387	657	1113
siderastrea_host_TRINITY_DN444826_c1_g4_i3.p2_1_129|siderastrea_host_TRINITY_DN444826_c1_g4_i3_388_2	OZ024892.1_IkBa-like_cnidaria_d48b2e17_cds	2	9.560723514211887	74.0	+	387	1104	0.35658914728682173	0.8115942028985508	11	28	228	380	725	877
siderastrea_host_TRINITY_DN444826_c1_g4_i3.p2_1_129|siderastrea_host_TRINITY_DN444826_c1_g4_i3_388_2	OZ024895.1_IkB-like-2_cnidaria_fe93e4fc_cds	3	6.072351421188631	47.0	+	387	1119	0.3643410852713178	0.7375886524822695	7	22	18	164	489	647
siderastrea_host_TRINITY_DN444826_c1_g4_i3.p2_1_129|siderastrea_host_TRINITY_DN444826_c1_g4_i3_388_2	OZ024890.1_p100-like_cnidaria_78e5b665_cds	4	4.263565891472868	33.0	+	387	3150	0.17829457364341086	0.7536231884057971	4	4	305	376	2158	2229
siderastrea_host_TRINITY_DN450483_c1_g1_i4.p1_1_301|siderastrea_host_TRINITY_DN450483_c1_g1_i4_321_1223	OZ024890.1_p100-like_cnidaria_78e5b665_cds	1	74.58471760797342	1347.0	+	903	3150	0.9966777408637874	0.9333333333333333	9	117	0	903	0	1014
siderastrea_host_TRINITY_DN450483_c1_g1_i4.p1_1_301|siderastrea_host_TRINITY_DN450483_c1_g1_i4_321_1223	OZ024895.1_IkB-like-2_cnidaria_fe93e4fc_cds	2	1.6611295681063123	30.0	+	903	1119	0.0221483942414175	0.9	0	0	4	24	497	517
siderastrea_host_TRINITY_DN450483_c1_g1_i4.p1_1_301|siderastrea_host_TRINITY_DN450483_c1_g1_i4_321_1223	OZ024892.1_IkBa-like_cnidaria_d48b2e17_cds	3	1.3842746400885935	25.0	-	903	1104	0.016611295681063124	0.9333333333333333	0	0	561	576	888	903
siderastrea_host_TRINITY_DN450483_c1_g1_i4.p1_1_301|siderastrea_host_TRINITY_DN450483_c1_g1_i4_321_1223	OZ024895.1_IkB-like-1_cnidaria_8b187540_cds	4	1.3289036544850499	24.0	+	903	1272	0.029900332225913623	0.8518518518518519	2	2	132	160	672	700
siderastrea_host_TRINITY_DN450483_c1_g1_i5.p1_1_300|siderastrea_host_TRINITY_DN450483_c1_g1_i5_314_1213	OZ024890.1_p100-like_cnidaria_78e5b665_cds	1	91.0	1638.0	+	900	3150	1.0	0.9955555555555555	7	114	0	900	0	1014
siderastrea_host_TRINITY_DN450483_c1_g1_i5.p1_1_300|siderastrea_host_TRINITY_DN450483_c1_g1_i5_314_1213	OZ024895.1_IkB-like-2_cnidaria_fe93e4fc_cds	2	1.6666666666666667	30.0	+	900	1119	0.022222222222222223	0.9	0	0	4	24	497	517
siderastrea_host_TRINITY_DN450483_c1_g1_i5.p1_1_300|siderastrea_host_TRINITY_DN450483_c1_g1_i5_314_1213	OZ024892.1_IkBa-like_cnidaria_d48b2e17_cds	3	1.3333333333333333	24.0	-	900	1104	0.03111111111111111	0.8928571428571429	3	5	520	552	52	81
siderastrea_host_TRINITY_DN450483_c1_g1_i5.p1_1_300|siderastrea_host_TRINITY_DN450483_c1_g1_i5_314_1213	OZ024895.1_IkB-like-1_cnidaria_8b187540_cds	4	1.3333333333333333	24.0	+	900	1272	0.03	0.8518518518518519	2	2	132	160	672	700
siderastrea_host_TRINITY_DN451935_c2_g2_i5.p1_2_367|siderastrea_host_TRINITY_DN451935_c2_g2_i5_196_1293	OZ024892.1_IkBa-like_cnidaria_d48b2e17_cds	1	95.58287795992715	2099.0	+	1098	1104	0.9808743169398907	0.989786443825441	0	0	0	1077	0	1077
siderastrea_host_TRINITY_DN451935_c2_g2_i5.p1_2_367|siderastrea_host_TRINITY_DN451935_c2_g2_i5_196_1293	OZ024895.1_IkB-like-1_cnidaria_8b187540_cds	2	2.914389799635701	64.0	+	1098	1272	0.122040072859745	0.8432835820895522	15	39	826	981	1054	1206
siderastrea_host_TRINITY_DN451935_c2_g2_i5.p1_2_367|siderastrea_host_TRINITY_DN451935_c2_g2_i5_196_1293	OZ024890.1_p100-like_cnidaria_78e5b665_cds	3	2.413479052823315	53.0	+	1098	3150	0.09836065573770492	0.7685185185185185	6	14	904	1019	2278	2393
siderastrea_host_TRINITY_DN451935_c2_g2_i5.p1_2_367|siderastrea_host_TRINITY_DN451935_c2_g2_i5_196_1293	OZ024895.1_IkB-like-2_cnidaria_fe93e4fc_cds	4	1.7304189435336976	38.0	+	1098	1119	0.03551912568306011	0.7948717948717948	0	0	369	408	381	420
siderastrea_host_TRINITY_DN451935_c2_g2_i9.p1_2_248|siderastrea_host_TRINITY_DN451935_c2_g2_i9_196_936	OZ024892.1_IkBa-like_cnidaria_d48b2e17_cds	1	97.84075573549258	1450.0	+	741	1104	0.9986504723346828	0.9918918918918919	0	0	0	740	0	740
siderastrea_host_TRINITY_DN451935_c2_g2_i9.p1_2_248|siderastrea_host_TRINITY_DN451935_c2_g2_i9_196_936	OZ024890.1_p100-like_cnidaria_78e5b665_cds	2	2.5641025641025643	38.0	+	741	3150	0.05263157894736842	0.7948717948717948	0	0	501	540	1872	1911
siderastrea_host_TRINITY_DN451935_c2_g2_i9.p1_2_248|siderastrea_host_TRINITY_DN451935_c2_g2_i9_196_936	OZ024895.1_IkB-like-2_cnidaria_fe93e4fc_cds	2	2.5641025641025643	38.0	+	741	1119	0.05263157894736842	0.7948717948717948	0	0	369	408	381	420
siderastrea_host_TRINITY_DN451935_c2_g2_i9.p1_2_248|siderastrea_host_TRINITY_DN451935_c2_g2_i9_196_936	OZ024895.1_IkB-like-1_cnidaria_8b187540_cds	4	2.294197031039136	34.0	+	741	1272	0.04048582995951417	0.8666666666666667	1	2	378	408	576	608
siderastrea_host_TRINITY_DN453364_c1_g2_i10.p1_1_384|siderastrea_host_TRINITY_DN453364_c1_g2_i10_919_2070	OZ024890.1_p100-like_cnidaria_78e5b665_cds	1	83.203125	1917.0	+	1152	3150	0.9930555555555556	0.972027972027972	15	151	0	1152	1638	2925
siderastrea_host_TRINITY_DN453364_c1_g2_i10.p1_1_384|siderastrea_host_TRINITY_DN453364_c1_g2_i10_919_2070	OZ024892.1_IkBa-like_cnidaria_d48b2e17_cds	2	2.4739583333333335	57.0	+	1152	1104	0.1484375	0.7953216374269005	16	46	489	683	825	1019
siderastrea_host_TRINITY_DN453364_c1_g2_i10.p1_1_384|siderastrea_host_TRINITY_DN453364_c1_g2_i10_919_2070	OZ024895.1_IkB-like-2_cnidaria_fe93e4fc_cds	3	1.9097222222222223	44.0	+	1152	1119	0.06597222222222222	0.7763157894736842	4	7	485	566	386	464
siderastrea_host_TRINITY_DN453364_c1_g2_i10.p1_1_384|siderastrea_host_TRINITY_DN453364_c1_g2_i10_919_2070	OZ024895.1_IkB-like-1_cnidaria_8b187540_cds	4	1.3020833333333333	30.0	+	1152	1272	0.043402777777777776	0.74	1	1	487	537	1051	1102
siderastrea_host_TRINITY_DN453364_c1_g2_i2.p1_1_129|siderastrea_host_TRINITY_DN453364_c1_g2_i2_1_387	OZ024890.1_p100-like_cnidaria_78e5b665_cds	1	78.42377260981912	607.0	+	387	3150	1.0	0.9457364341085271	2	54	0	387	1002	1443
siderastrea_host_TRINITY_DN453364_c1_g2_i2.p1_1_129|siderastrea_host_TRINITY_DN453364_c1_g2_i2_1_387	OZ024895.1_IkB-like-2_cnidaria_fe93e4fc_cds	2	3.6175710594315245	28.0	+	387	1119	0.08785529715762273	0.9117647058823529	4	9	234	270	143	184
siderastrea_host_TRINITY_DN453364_c1_g2_i2.p1_1_129|siderastrea_host_TRINITY_DN453364_c1_g2_i2_1_387	OZ024895.1_IkB-like-1_cnidaria_8b187540_cds	3	3.2299741602067185	25.0	-	387	1272	0.05167958656330749	0.95	2	2	149	170	628	649
siderastrea_host_TRINITY_DN453364_c1_g2_i2.p1_1_129|siderastrea_host_TRINITY_DN453364_c1_g2_i2_1_387	OZ024892.1_IkBa-like_cnidaria_d48b2e17_cds	4	3.10077519379845	24.0	-	387	1104	0.07751937984496124	0.8666666666666667	2	8	83	121	859	889
siderastrea_host_TRINITY_DN453364_c1_g2_i2.p1_1_507|siderastrea_host_TRINITY_DN453364_c1_g2_i2_1_1521	OZ024890.1_p100-like_cnidaria_78e5b665_cds	1	83.03747534516765	2526.0	+	1521	3150	0.9842209072978304	0.9719438877755511	18	186	0	1521	1002	2661
siderastrea_host_TRINITY_DN453364_c1_g2_i2.p1_1_507|siderastrea_host_TRINITY_DN453364_c1_g2_i2_1_1521	OZ024892.1_IkBa-like_cnidaria_d48b2e17_cds	2	1.742274819197896	53.0	+	1521	1104	0.1242603550295858	0.7724867724867724	16	46	1050	1262	807	1019
siderastrea_host_TRINITY_DN453364_c1_g2_i2.p1_1_507|siderastrea_host_TRINITY_DN453364_c1_g2_i2_1_1521	OZ024895.1_IkB-like-2_cnidaria_fe93e4fc_cds	3	1.1176857330703485	34.0	+	1521	1119	0.049967126890203814	0.75	4	7	1064	1145	386	464
siderastrea_host_TRINITY_DN453364_c1_g2_i2.p1_1_507|siderastrea_host_TRINITY_DN453364_c1_g2_i2_1_1521	OZ024895.1_IkB-like-1_cnidaria_8b187540_cds	4	0.9861932938856016	30.0	+	1521	1272	0.03287310979618672	0.74	1	1	1066	1116	1051	1102
