target name	accession	tlen	query name	accession	qlen	seq e-value	seq score	seq bias	dom #	dom total	dom c-Evalue	dom i-Evalue	dom score	dom bias	hmm from	hmm to	ali from	ali to	env from	env to	acc	description
CAH3154858.1_to_K04564_223_bounded_29-215|mT_cnidaria	-	187	mt_MnSOD_cnidaria_mature	-	187	2.3e-117	382.5	0.4	1	1	2.5e-117	2.5e-117	382.4	0.4	1	187	1	187	1	187	1.00	-
XP_058961470.1_to_K04564_223_bounded_29-215|mT_cnidaria	-	187	mt_MnSOD_cnidaria_mature	-	187	2.3e-117	382.5	0.4	1	1	2.5e-117	2.5e-117	382.4	0.4	1	187	1	187	1	187	1.00	-
pseudodiploria_host_TRINITY_DN196811_c4_g3_i7.p1_bounded_37-223|pseudodiploria_clivosa|mT_cnidaria	-	187	mt_MnSOD_cnidaria_mature	-	187	2.4e-117	382.4	0.6	1	1	2.7e-117	2.7e-117	382.3	0.6	1	187	1	187	1	187	1.00	-
pseudodiploria_host_TRINITY_DN196811_c4_g3_i7.p1_with_leader_u26_PF00081_M_bounded_29-215|pseudodiploria_clivosa|mT_cnidaria	-	187	mt_MnSOD_cnidaria_mature	-	187	2.4e-117	382.4	0.6	1	1	2.7e-117	2.7e-117	382.3	0.6	1	187	1	187	1	187	1.00	-
CAH3121122.1_to_K04564_223_bounded_29-215|mT_cnidaria	-	187	mt_MnSOD_cnidaria_mature	-	187	3.5e-117	381.9	0.5	1	1	3.9e-117	3.9e-117	381.7	0.5	1	187	1	187	1	187	1.00	-
CAH3121122.1_with_leader_u17_PF00081_M_to_K04564_223_bounded_20-206|mT_cnidaria	-	187	mt_MnSOD_cnidaria_mature	-	187	3.5e-117	381.9	0.5	1	1	3.9e-117	3.9e-117	381.7	0.5	1	187	1	187	1	187	1.00	-
CAH3015114.1_with_leader_u17_PF00081_M_to_K04564_259_bounded_20-206|mT_cnidaria	-	187	mt_MnSOD_cnidaria_mature	-	187	5e-117	381.4	0.5	1	1	5.6e-117	5.6e-117	381.2	0.5	1	187	1	187	1	187	1.00	-
CAH3015114.1_with_leader_u26_PF00081_M_to_K04564_259_bounded_29-215|mT_cnidaria	-	187	mt_MnSOD_cnidaria_mature	-	187	5e-117	381.4	0.5	1	1	5.6e-117	5.6e-117	381.2	0.5	1	187	1	187	1	187	1.00	-
XP_073236307.1_to_K04564_223_bounded_29-215|mT_cnidaria	-	187	mt_MnSOD_cnidaria_mature	-	187	7.9e-117	380.8	0.4	1	1	8.8e-117	8.8e-117	380.6	0.4	1	187	1	187	1	187	1.00	-
XP_073236307.1_with_leader_u17_PF00081_M_to_K04564_223_bounded_20-206|mT_cnidaria	-	187	mt_MnSOD_cnidaria_mature	-	187	7.9e-117	380.8	0.4	1	1	8.8e-117	8.8e-117	380.6	0.4	1	187	1	187	1	187	1.00	-
orbicella_host_TRINITY_DN215728_c1_g2_i1.p1_with_leader_u26_PF00081_M_bounded_29-215|orbicella_faveolata|mT_cnidaria	-	187	mt_MnSOD_cnidaria_mature	-	187	8.4e-117	380.7	0.7	1	1	9.4e-117	9.4e-117	380.5	0.7	1	187	1	187	1	187	1.00	-
KAJ7371307.1_to_K04564_223_bounded_29-215|mT_cnidaria	-	187	mt_MnSOD_cnidaria_mature	-	187	9.3e-117	380.5	0.6	1	1	1e-116	1e-116	380.4	0.6	1	187	1	187	1	187	1.00	-
XP_020624989.1_to_K04564_224_bounded_29-215|mT_cnidaria	-	187	mt_MnSOD_cnidaria_mature	-	187	1.8e-116	379.6	0.9	1	1	2e-116	2e-116	379.4	0.9	1	187	1	187	1	187	1.00	-
XP_022799031.1_to_K04564_223_bounded_29-215|mT_cnidaria	-	187	mt_MnSOD_cnidaria_mature	-	187	3.4e-116	378.7	0.3	1	1	3.7e-116	3.7e-116	378.6	0.3	1	187	1	187	1	187	1.00	-
XP_022799031.1_with_leader_u25_PF00081_M_to_K04564_223_bounded_28-214|mT_cnidaria	-	187	mt_MnSOD_cnidaria_mature	-	187	3.4e-116	378.7	0.3	1	1	3.7e-116	3.7e-116	378.6	0.3	1	187	1	187	1	187	1.00	-
siderastrea_host_TRINITY_DN434783_c2_g2_i2.p1_bounded_35-221|siderastrea_radians|mT_cnidaria	-	187	mt_MnSOD_cnidaria_mature	-	187	3.5e-116	378.7	0.6	1	1	3.9e-116	3.9e-116	378.5	0.6	1	187	1	187	1	187	1.00	-
siderastrea_host_TRINITY_DN434783_c2_g2_i2.p1_with_leader_u26_PF00081_M_bounded_29-215|siderastrea_radians|mT_cnidaria	-	187	mt_MnSOD_cnidaria_mature	-	187	3.5e-116	378.7	0.6	1	1	3.9e-116	3.9e-116	378.5	0.6	1	187	1	187	1	187	1.00	-
XP_031555730.1_to_K04564_223_bounded_29-215|mT_cnidaria	-	187	mt_MnSOD_cnidaria_mature	-	187	1.1e-115	377.0	0.4	1	1	1.2e-115	1.2e-115	376.9	0.4	1	187	1	187	1	187	1.00	-
XP_001641079.1_to_K04564_220_bounded_26-212|mT_cnidaria	-	187	mt_MnSOD_cnidaria_mature	-	187	7.7e-115	374.3	0.1	1	1	8.6e-115	8.6e-115	374.1	0.1	1	187	1	187	1	187	1.00	-
XP_020892835.1_to_K04564_222_bounded_29-215|mT_cnidaria	-	187	mt_MnSOD_cnidaria_mature	-	187	3.1e-114	372.3	0.6	1	1	3.4e-114	3.4e-114	372.1	0.6	1	187	1	187	1	187	1.00	-
KAK3736644.1_to_K04564_222_bounded_29-215|mT_cnidaria	-	187	mt_MnSOD_cnidaria_mature	-	187	7.1e-114	371.1	0.6	1	1	7.9e-114	7.9e-114	371.0	0.6	2	187	2	187	1	187	0.99	-
CM106374.1_K04564_529830d2_with_leader_u26_PF00081_M_to_K04564_196_bounded_29-213|mT_cnidaria	-	185	mt_MnSOD_cnidaria_mature	-	187	1e-113	370.6	1.1	1	1	1.1e-113	1.1e-113	370.5	1.1	1	187	1	185	1	185	0.99	-
XP_068715352.1_to_K04564_224_bounded_29-216|mT_cnidaria	-	188	mt_MnSOD_cnidaria_mature	-	187	3e-112	365.8	0.5	1	1	3.4e-112	3.4e-112	365.7	0.5	1	187	1	188	1	188	0.99	-
MU826849.1_K04564_291d850d_with_leader_u26_PF00081_M_to_K04564_196_bounded_29-213|mT_cnidaria	-	185	mt_MnSOD_cnidaria_mature	-	187	8e-112	364.4	0.8	1	1	8.9e-112	8.9e-112	364.3	0.8	1	187	1	185	1	185	0.99	-
XP_068741652.1_to_K04564_224_bounded_29-216|mT_cnidaria	-	188	mt_MnSOD_cnidaria_mature	-	187	1.1e-111	364.0	0.4	1	1	1.2e-111	1.2e-111	363.9	0.4	1	187	1	188	1	188	0.99	-
JAJLRJ010000007.1_K04564_fcb962ee_with_leader_u25_PF00081_M_to_K04564_195_bounded_28-212|mT_cnidaria	-	185	mt_MnSOD_cnidaria_mature	-	187	1.3e-111	363.8	0.4	1	1	1.4e-111	1.4e-111	363.6	0.4	1	187	1	185	1	185	0.99	-
XP_065052710.1_to_K04564_221_bounded_27-213|mT_cnidaria	-	187	mt_MnSOD_cnidaria_mature	-	187	1.3e-111	363.8	0.2	1	1	1.4e-111	1.4e-111	363.6	0.2	1	187	1	187	1	187	1.00	-
CALNXK010000035.1_K04564_4c740ac6_with_leader_u17_PF00081_M_to_K04564_195_bounded_20-203|mT_cnidaria	-	184	mt_MnSOD_cnidaria_mature	-	187	2.2e-111	363.0	0.3	1	1	2.5e-111	2.5e-111	362.8	0.3	1	187	1	184	1	184	0.99	-
CALNXK010000035.1_K04564_4c740ac6_with_leader_u26_PF00081_M_to_K04564_195_bounded_29-212|mT_cnidaria	-	184	mt_MnSOD_cnidaria_mature	-	187	2.2e-111	363.0	0.3	1	1	2.5e-111	2.5e-111	362.8	0.3	1	187	1	184	1	184	0.99	-
CALNXI010000019.1_K04564_9c58f698_with_leader_u17_PF00081_M_to_K04564_195_bounded_20-203|mT_cnidaria	-	184	mt_MnSOD_cnidaria_mature	-	187	3.2e-111	362.5	0.3	1	1	3.6e-111	3.6e-111	362.3	0.3	1	187	1	184	1	184	0.99	-
CALNXI010000019.1_K04564_9c58f698_with_leader_u26_PF00081_M_to_K04564_195_bounded_29-212|mT_cnidaria	-	184	mt_MnSOD_cnidaria_mature	-	187	3.2e-111	362.5	0.3	1	1	3.6e-111	3.6e-111	362.3	0.3	1	187	1	184	1	184	0.99	-
NC_133203.1_K04564_101605b8_with_leader_u17_PF00081_M_to_K04564_195_bounded_20-203|mT_cnidaria	-	184	mt_MnSOD_cnidaria_mature	-	187	5.1e-111	361.8	0.3	1	1	5.7e-111	5.7e-111	361.7	0.3	1	187	1	184	1	184	0.99	-
NC_133203.1_K04564_101605b8_with_leader_u26_PF00081_M_to_K04564_195_bounded_29-212|mT_cnidaria	-	184	mt_MnSOD_cnidaria_mature	-	187	5.1e-111	361.8	0.3	1	1	5.7e-111	5.7e-111	361.7	0.3	1	187	1	184	1	184	0.99	-
NW_026710474.1_K04564_6393b7b3_with_leader_u26_PF00081_M_to_K04564_192_bounded_29-209|mT_cnidaria	-	181	mt_MnSOD_cnidaria_mature	-	187	1.9e-110	359.9	0.6	1	1	2.1e-110	2.1e-110	359.8	0.6	1	187	1	181	1	181	0.99	-
NW_001834409.1_K04564_dd4ebe9b_with_leader_u23_PF00081_M_to_K04564_201_bounded_26-207|mT_cnidaria	-	182	mt_MnSOD_cnidaria_mature	-	187	1.3e-109	357.2	0.4	1	1	1.4e-109	1.4e-109	357.1	0.4	1	187	1	182	1	182	0.99	-
XP_028405302.1_with_leader_u28_PF00081_M_to_K04564_175_bounded_31-217|mT_cnidaria	-	187	mt_MnSOD_cnidaria_mature	-	187	2.1e-109	356.5	0.3	1	1	2.4e-109	2.4e-109	356.4	0.3	1	187	1	187	1	187	1.00	-
XP_067022095.1_to_K04564_223_bounded_30-216|mT_cnidaria	-	187	mt_MnSOD_cnidaria_mature	-	187	7.4e-109	354.8	0.4	1	1	8.2e-109	8.2e-109	354.6	0.4	1	187	1	187	1	187	1.00	-
OZ116702.1_K04564_7a632fe8_with_leader_u26_PF00081_M_to_K04564_199_bounded_29-216|mT_cnidaria	-	188	mt_MnSOD_cnidaria_mature	-	187	8.8e-109	354.5	0.4	1	1	1e-108	1e-108	354.3	0.4	1	187	1	188	1	188	0.97	-
MPSW01001707.1_K04564_7b9e297c_with_leader_u26_PF00081_M_to_K04564_199_bounded_29-216|mT_cnidaria	-	188	mt_MnSOD_cnidaria_mature	-	187	2.4e-108	353.1	0.8	1	1	2.7e-108	2.7e-108	352.9	0.8	1	187	1	188	1	188	0.97	-
XP_044179376.1_to_K04564_223_bounded_30-216|mT_cnidaria	-	187	mt_MnSOD_cnidaria_mature	-	187	2.7e-108	353.0	0.4	1	1	2.9e-108	2.9e-108	352.8	0.4	1	187	1	187	1	187	1.00	-
XP_029200276.2_to_K04564_223_bounded_30-216|mT_cnidaria	-	187	mt_MnSOD_cnidaria_mature	-	187	4.2e-108	352.3	0.4	1	1	4.7e-108	4.7e-108	352.2	0.4	1	187	1	187	1	187	1.00	-
JAUJYZ010000740.1_K04564_87e6c451_with_leader_u26_PF00081_anchor_M_to_K04564_199_bounded_29-209|mT_cnidaria	-	181	mt_MnSOD_cnidaria_mature	-	187	1.9e-107	350.2	0.9	1	1	2.1e-107	2.1e-107	350.0	0.9	2	187	2	181	1	181	0.99	-
XP_046848022.1_to_K04564_223_bounded_29-215|mT_cnidaria	-	187	mt_MnSOD_cnidaria_mature	-	187	2e-107	350.1	0.6	1	1	2.2e-107	2.2e-107	350.0	0.6	1	187	1	187	1	187	1.00	-
NP_001296665.1_to_K04564_219_bounded_25-211|mT_cnidaria	-	187	mt_MnSOD_cnidaria_mature	-	187	3.8e-106	345.9	0.2	1	1	4.2e-106	4.2e-106	345.8	0.2	1	187	1	187	1	187	1.00	-
NW_022259326.1_K04564_c5c784a5_with_leader_u26_PF00081_M_to_K04564_204_bounded_29-214|mT_cnidaria	-	186	mt_MnSOD_cnidaria_mature	-	187	3.9e-106	345.9	1.0	1	1	4.3e-106	4.3e-106	345.7	1.0	1	187	1	186	1	186	0.95	-
CALNXJ010000056.1_K04564_bcab822f_with_leader_u26_PF00081_M_to_K04564_194_bounded_29-211|mT_cnidaria	-	183	mt_MnSOD_cnidaria_mature	-	187	5.7e-106	345.3	0.9	1	1	6.4e-106	6.4e-106	345.2	0.9	1	187	1	183	1	183	0.95	-
NW_020845403.1_K04564_b41b5453_with_leader_u26_PF00081_M_to_K04564_204_bounded_29-221|mT_cnidaria	-	193	mt_MnSOD_cnidaria_mature	-	187	1.9e-105	343.7	1.4	1	1	3e-105	3e-105	343.0	1.4	1	187	1	193	1	193	0.97	-
NC_089321.1_K04564_80b85b49_with_leader_u26_PF00081_M_to_K04564_192_bounded_29-209|mT_cnidaria	-	181	mt_MnSOD_cnidaria_mature	-	187	2.1e-105	343.5	1.2	1	1	2.3e-105	2.3e-105	343.4	1.2	1	187	1	181	1	181	0.94	-
NW_019218106.1_K04564_a8e289e7_with_leader_u25_PF00081_M_to_K04564_195_bounded_28-211|mT_cnidaria	-	184	mt_MnSOD_cnidaria_mature	-	187	2.4e-105	343.3	0.9	1	1	2.7e-105	2.7e-105	343.2	0.9	1	187	1	184	1	184	0.99	-
NW_019218106.1_K04564_a8e289e7_with_leader_u26_PF00081_M_to_K04564_195_bounded_29-212|mT_cnidaria	-	184	mt_MnSOD_cnidaria_mature	-	187	2.4e-105	343.3	0.9	1	1	2.7e-105	2.7e-105	343.2	0.9	1	187	1	184	1	184	0.99	-
NW_018384609.1_K04564_9ada1ad3_with_leader_u26_PF00081_M_to_K04564_193_bounded_29-212|mT_cnidaria	-	184	mt_MnSOD_cnidaria_mature	-	187	2.1e-104	340.3	1.4	1	1	2.3e-104	2.3e-104	340.1	1.4	1	187	1	184	1	184	0.99	-
NC_090876.1_K04564_d2caed50_with_leader_u26_PF00081_M_to_K04564_193_bounded_29-211|mT_cnidaria	-	183	mt_MnSOD_cnidaria_mature	-	187	9.4e-102	331.6	1.0	1	1	1.1e-101	1.1e-101	331.4	1.0	1	187	1	183	1	183	0.94	-
BLEZ01003184.1_K04564_dc8bf6ad_with_leader_u27_PF00081_M_to_K04564_194_bounded_30-213|mT_cnidaria	-	184	mt_MnSOD_cnidaria_mature	-	187	2e-101	330.6	0.8	1	1	2.2e-101	2.2e-101	330.4	0.8	1	187	1	184	1	184	0.95	-
RDEB01000110.1_K04564_86e229fd_with_leader_u26_PF00081_M_to_K04564_193_bounded_29-211|mT_cnidaria	-	183	mt_MnSOD_cnidaria_mature	-	187	2.4e-101	330.3	1.1	1	1	2.7e-101	2.7e-101	330.1	1.1	1	187	1	183	1	183	0.94	-
NC_058072.1_K04564_e7306cec_with_leader_u27_PF00081_M_to_K04564_194_bounded_30-213|mT_cnidaria	-	184	mt_MnSOD_cnidaria_mature	-	187	2.5e-101	330.2	0.8	1	1	2.8e-101	2.8e-101	330.1	0.8	1	187	1	184	1	184	0.95	-
NC_090883.1_K04564_15cd5c3b_with_leader_u26_PF00081_M_to_K04564_193_bounded_29-211|mT_cnidaria	-	183	mt_MnSOD_cnidaria_mature	-	187	3.2e-101	329.9	0.9	1	1	3.6e-101	3.6e-101	329.7	0.9	1	187	1	183	1	183	0.94	-
NC_090047.1_K04564_9ff9e7e6_with_leader_u27_PF00081_M_to_K04564_192_bounded_30-211|mT_cnidaria	-	182	mt_MnSOD_cnidaria_mature	-	187	1.3e-100	327.9	1.0	1	1	1.4e-100	1.4e-100	327.7	1.0	1	187	1	182	1	182	0.94	-
JARQWQ010000030.1_K04564_a7361c5a_with_leader_u27_PF00081_M_to_K04564_192_bounded_30-211|mT_cnidaria	-	182	mt_MnSOD_cnidaria_mature	-	187	3.5e-100	326.5	1.1	1	1	3.9e-100	3.9e-100	326.3	1.1	1	187	1	182	1	182	0.94	-
NC_058072.1_K04564_d76f083e_with_leader_u27_PF00081_M_to_K04564_192_bounded_30-211|mT_cnidaria	-	182	mt_MnSOD_cnidaria_mature	-	187	4.6e-100	326.1	1.0	1	1	5.1e-100	5.1e-100	325.9	1.0	1	187	1	182	1	182	0.94	-
BLFE01002088.1_K04564_10e43317_with_leader_u27_PF00081_M_to_K04564_192_bounded_30-211|mT_cnidaria	-	182	mt_MnSOD_cnidaria_mature	-	187	5e-100	326.0	0.9	1	1	5.6e-100	5.6e-100	325.8	0.9	1	187	1	182	1	182	0.94	-
BLAZ01000169.1_K04564_9f65b912_with_leader_u27_PF00081_M_to_K04564_192_bounded_30-211|mT_cnidaria	-	182	mt_MnSOD_cnidaria_mature	-	187	2.8e-99	323.6	0.9	1	1	3.1e-99	3.1e-99	323.4	0.9	1	187	1	182	1	182	0.94	-
NW_021163057.1_K04564_58bba69c_with_leader_u28_PF00081_M_to_K04564_194_bounded_31-214|mT_cnidaria	-	184	mt_MnSOD_cnidaria_mature	-	187	9.5e-99	321.8	0.8	1	1	1.1e-98	1.1e-98	321.7	0.8	1	187	1	184	1	184	0.99	-
NC_088930.1_K04564_c6107477_with_leader_u22_PF00081_M_to_K04564_203_bounded_25-208|mT_cnidaria	-	184	mt_MnSOD_cnidaria_mature	-	187	1.7e-97	317.7	1.7	1	1	1.9e-97	1.9e-97	317.6	1.7	1	187	1	184	1	184	0.95	-
NW_025813402.1_K04564_d3bead77_with_leader_u26_PF00081_M_to_K04564_194_bounded_29-212|mT_cnidaria	-	184	mt_MnSOD_cnidaria_mature	-	187	2.5e-97	317.2	1.7	1	1	2.8e-97	2.8e-97	317.0	1.7	1	187	1	184	1	184	0.99	-
NW_021126546.1_K04564_2e4adbc0_with_leader_u27_PF00081_M_to_K04564_194_bounded_30-213|mT_cnidaria	-	184	mt_MnSOD_cnidaria_mature	-	187	3.8e-93	303.5	1.2	1	1	4.3e-93	4.3e-93	303.4	1.2	1	187	1	184	1	184	0.94	-
OLP79028.1_with_leader_u20_PF00081_M_to_K04564_1017_bounded_23-219|SP_algae	-	197	mt_MnSOD_cnidaria_mature	-	187	2.2e-59	193.5	0.2	1	1	3e-59	3e-59	193.0	0.2	1	187	1	197	1	197	0.87	-
orbicella_symb_TRINITY_DN78611_c0_g2_i1.p1_to_K04564_236_bounded_30-226|breviolum_faviinorum|SP_algae	-	197	mt_MnSOD_cnidaria_mature	-	187	6.4e-59	192.0	2.4	1	1	1.8e-58	1.8e-58	190.5	2.4	1	187	1	197	1	197	0.86	-
orbicella_symb_TRINITY_DN78611_c0_g2_i1.p1_with_leader_u20_PF00081_M_to_K04564_236_bounded_23-219|breviolum_faviinorum|SP_algae	-	197	mt_MnSOD_cnidaria_mature	-	187	6.4e-59	192.0	2.4	1	1	1.8e-58	1.8e-58	190.5	2.4	1	187	1	197	1	197	0.86	-
siderastrea_symb_TRINITY_DN8493_c0_g1_i1.p1_to_K04564_227_bounded_19-217|breviolum_b5|SP_algae	-	199	mt_MnSOD_cnidaria_mature	-	187	3.6e-58	189.5	0.1	1	1	4.2e-58	4.2e-58	189.3	0.1	2	187	2	199	1	199	0.87	-
pseudodiploria_symb_TRINITY_DN348117_c0_g1_i1.p1_with_leader_u16_PF00081_M_to_K04564_250_bounded_19-217|symbiodinium_a3|SP_algae	-	199	mt_MnSOD_cnidaria_mature	-	187	5.5e-58	188.9	0.1	1	1	6.4e-58	6.4e-58	188.7	0.1	2	187	2	199	1	199	0.87	-
CAK9100252.1_to_K04564_230_bounded_24-220|SP_algae	-	197	mt_MnSOD_cnidaria_mature	-	187	7.5e-56	182.0	0.2	1	1	8.6e-56	8.6e-56	181.8	0.2	2	187	2	197	1	197	0.83	-
c_goreaui_TRINITY_DN626_c0_g1_i2.p1_to_K04564_256_bounded_56-248|cladocopium_goreaui|SP_cTP_algae	-	193	mt_MnSOD_cnidaria_mature	-	187	1.6e-54	177.6	0.1	1	1	1.8e-54	1.8e-54	177.5	0.1	2	187	2	193	1	193	0.87	-
c_goreaui_TRINITY_DN626_c0_g1_i4.p1_to_K04564_258_bounded_56-248|cladocopium_goreaui|SP_cTP_algae	-	193	mt_MnSOD_cnidaria_mature	-	187	1.6e-54	177.6	0.1	1	1	1.8e-54	1.8e-54	177.5	0.1	2	187	2	193	1	193	0.87	-
BGPT01004387.1_K04564_42ae3337_with_leader_u55_PF00081_M_to_K04564_204_bounded_58-251|SP_cTP_algae	-	194	mt_MnSOD_cnidaria_mature	-	187	1.7e-54	177.6	0.1	1	1	1.9e-54	1.9e-54	177.4	0.1	2	187	2	194	1	194	0.85	-
CAL1168149.1_to_K04564_258_bounded_58-250|SP_cTP_algae	-	193	mt_MnSOD_cnidaria_mature	-	187	1.8e-54	177.4	0.1	1	1	2e-54	2e-54	177.3	0.1	2	187	2	193	1	193	0.87	-
CAMXCT020006499.1_K04564_88d2492d_with_leader_u55_PF00081_M_to_K04564_203_bounded_58-250|SP_cTP_algae	-	193	mt_MnSOD_cnidaria_mature	-	187	1.8e-54	177.4	0.1	1	1	2e-54	2e-54	177.3	0.1	2	187	2	193	1	193	0.87	-
orbicella_symb_TRINITY_DN78611_c0_g1_i1.p1_with_leader_u58_PF00081_M_to_K04564_282_bounded_61-253|breviolum_faviinorum|SP_cTP_algae	-	193	mt_MnSOD_cnidaria_mature	-	187	2.7e-54	176.8	0.0	1	1	3.1e-54	3.1e-54	176.7	0.0	1	187	1	193	1	193	0.87	-
CAK9113181.1_to_K04564_257_bounded_55-247|SP_cTP_algae	-	193	mt_MnSOD_cnidaria_mature	-	187	4.6e-54	176.1	0.0	1	1	5.1e-54	5.1e-54	176.0	0.0	2	187	2	193	1	193	0.87	-
CAXAMM010040162.1_K04564_a70eaf5e_with_leader_u52_PF00081_M_to_K04564_203_bounded_55-247|SP_cTP_algae	-	193	mt_MnSOD_cnidaria_mature	-	187	4.6e-54	176.1	0.0	1	1	5.1e-54	5.1e-54	176.0	0.0	2	187	2	193	1	193	0.87	-
TRINITY_DN30502_c0_g1_i1.p1_to_K04564_270_bounded_68-260|durusdinium_trenchii|SP_cTP_algae	-	193	mt_MnSOD_cnidaria_mature	-	187	4.6e-54	176.1	0.0	1	1	5.1e-54	5.1e-54	176.0	0.0	2	187	2	193	1	193	0.87	-
CAL1168155.1_to_K04564_293_bounded_58-250|SP_cTP_algae	-	193	mt_MnSOD_cnidaria_mature	-	187	4.7e-54	176.1	0.0	1	1	5.2e-54	5.2e-54	175.9	0.0	2	187	2	193	1	193	0.87	-
CAMXCT020000624.1_K04564_b4735730_with_leader_u53_PF00081_M_to_K04564_203_bounded_56-248|SP_cTP_algae	-	193	mt_MnSOD_cnidaria_mature	-	187	4.7e-54	176.1	0.0	1	1	5.2e-54	5.2e-54	175.9	0.0	2	187	2	193	1	193	0.87	-
CAMXCT020006499.1_K04564_c81ee4b4_with_leader_u55_PF00081_M_to_K04564_203_bounded_58-250|SP_cTP_algae	-	193	mt_MnSOD_cnidaria_mature	-	187	4.7e-54	176.1	0.0	1	1	5.2e-54	5.2e-54	175.9	0.0	2	187	2	193	1	193	0.87	-
orbicella_symb_TRINITY_DN188752_c0_g3_i1.p1_to_K04564_260_bounded_58-250|breviolum_faviinorum|SP_cTP_algae	-	193	mt_MnSOD_cnidaria_mature	-	187	5.8e-54	175.8	0.0	1	1	6.5e-54	6.5e-54	175.6	0.0	2	187	2	193	1	193	0.87	-
OLP99006.1_with_leader_u58_PF00081_M_to_K04564_1204_bounded_61-253|SP_cTP_algae	-	193	mt_MnSOD_cnidaria_mature	-	187	2.1e-53	173.9	0.0	1	1	2.4e-53	2.4e-53	173.8	0.0	2	187	2	193	1	193	0.87	-
OLP88777.1_with_leader_u60_PF00081_M_to_K04564_1935_bounded_63-255|SP_cTP_algae	-	193	mt_MnSOD_cnidaria_mature	-	187	2.3e-53	173.8	0.0	1	1	2.6e-53	2.6e-53	173.6	0.0	2	187	2	193	1	193	0.86	-
BGPT01000358.1_K04564_070be8c8_with_leader_u54_PF00081_M_to_K04564_203_bounded_57-255|SP_cTP_algae	-	199	mt_MnSOD_cnidaria_mature	-	187	3.1e-53	173.4	0.0	1	1	4e-53	4e-53	173.1	0.0	2	187	2	199	1	199	0.86	-
orbicella_symb_TRINITY_DN393612_c0_g1_i1.p1_with_leader_u60_PF00081_M_to_K04564_278_bounded_63-255|breviolum_faviinorum|SP_cTP_algae	-	193	mt_MnSOD_cnidaria_mature	-	187	3.7e-53	173.2	0.1	1	1	4.2e-53	4.2e-53	173.0	0.1	2	187	2	193	1	193	0.86	-
CAH3167338.1_to_K04564_247_bounded_40-242|SP_cnidaria	-	203	mt_MnSOD_cnidaria_mature	-	187	7.6e-53	172.1	1.1	1	1	1.9e-52	1.9e-52	170.8	1.1	1	187	1	203	1	203	0.88	-
XP_073230536.1_to_K04564_247_bounded_40-242|SP_cnidaria	-	203	mt_MnSOD_cnidaria_mature	-	187	1.2e-52	171.5	0.8	1	1	3.1e-52	3.1e-52	170.1	0.8	1	187	1	203	1	203	0.88	-
CAH3113625.1_to_K04564_245_bounded_38-240|SP_cnidaria	-	203	mt_MnSOD_cnidaria_mature	-	187	1.9e-52	170.9	0.8	1	1	4.7e-52	4.7e-52	169.6	0.8	1	187	1	203	1	203	0.87	-
XP_022789717.1_to_K04564_246_bounded_38-240|SP_cnidaria	-	203	mt_MnSOD_cnidaria_mature	-	187	7.4e-51	165.7	1.1	1	1	1.8e-50	1.8e-50	164.4	1.1	2	187	2	203	1	203	0.88	-
XP_058945240.2_to_K04564_246_bounded_38-240|SP_cnidaria	-	203	mt_MnSOD_cnidaria_mature	-	187	5.4e-50	162.8	1.8	1	1	1.3e-49	1.3e-49	161.6	1.8	2	187	2	203	1	203	0.87	-
XP_065051554.1_to_K04564_243_bounded_37-238|SP_cnidaria	-	202	mt_MnSOD_cnidaria_mature	-	187	5.8e-50	162.8	1.5	1	1	1.1e-49	1.1e-49	161.8	1.5	2	187	2	202	1	202	0.83	-
XP_027045969.1_to_K04564_246_bounded_38-240|SP_cnidaria	-	203	mt_MnSOD_cnidaria_mature	-	187	6.5e-50	162.6	1.5	1	1	1.5e-49	1.5e-49	161.4	1.5	2	187	2	203	1	203	0.87	-
XP_058945240.1_to_K04564_246_bounded_38-240|SP_cnidaria	-	203	mt_MnSOD_cnidaria_mature	-	187	7.3e-50	162.4	1.8	1	1	1.7e-49	1.7e-49	161.2	1.8	2	187	2	203	1	203	0.87	-
NC_089313.1_K04564_d4ce240d_with_leader_u35_PF00081_M_to_K04564_197_bounded_38-227|SP_cnidaria	-	190	mt_MnSOD_cnidaria_mature	-	187	8.3e-50	162.2	0.4	1	1	9.2e-50	9.2e-50	162.1	0.4	2	187	2	190	1	190	0.96	-
NW_026709483.1_K04564_f6c44c1b_with_leader_u35_PF00081_M_to_K04564_198_bounded_38-228|SP_cnidaria	-	191	mt_MnSOD_cnidaria_mature	-	187	1.3e-49	161.6	0.4	1	1	1.4e-49	1.4e-49	161.5	0.4	2	187	2	191	1	191	0.93	-
siderastrea_host_TRINITY_DN422136_c0_g2_i3.p1_with_leader_u39_PF00081_M_bounded_42-244|siderastrea_radians|SP_cnidaria	-	203	mt_MnSOD_cnidaria_mature	-	187	1.3e-49	161.6	1.4	1	1	4.2e-49	4.2e-49	160.0	1.4	2	187	2	203	1	203	0.86	-
CAH3109050.1_to_K04564_247_bounded_39-241|SP_cnidaria	-	203	mt_MnSOD_cnidaria_mature	-	187	1.8e-49	161.2	1.5	1	1	4.1e-49	4.1e-49	160.0	1.5	2	187	2	203	1	203	0.87	-
KAJ7390115.1_to_K04564_248_bounded_37-242|SP_cnidaria	-	206	mt_MnSOD_cnidaria_mature	-	187	2.6e-49	160.6	0.6	1	1	4.3e-49	4.3e-49	159.9	0.6	1	187	1	206	1	206	0.85	-
NW_019217915.1_K04564_8c7a1a6e_with_leader_u35_PF00081_M_to_K04564_193_bounded_38-225|SP_cnidaria	-	188	mt_MnSOD_cnidaria_mature	-	187	3e-49	160.4	0.5	1	1	3.3e-49	3.3e-49	160.3	0.5	2	187	2	188	1	188	0.95	-
CALNXJ010000011.1_K04564_5e644e17_with_leader_u36_PF00081_M_to_K04564_197_bounded_39-228|SP_cnidaria	-	190	mt_MnSOD_cnidaria_mature	-	187	3.3e-49	160.3	0.3	1	1	3.6e-49	3.6e-49	160.2	0.3	2	187	2	190	1	190	0.96	-
CALNXI010001387.1_K04564_b0e36d4a_with_leader_u37_PF00081_M_to_K04564_194_bounded_40-226|SP_cnidaria	-	187	mt_MnSOD_cnidaria_mature	-	187	4.3e-49	159.9	0.4	1	1	5.3e-49	5.3e-49	159.6	0.4	1	187	1	187	1	187	0.93	-
NC_133214.1_K04564_27a93157_with_leader_u37_PF00081_anchor_M_to_K04564_205_bounded_40-226|SP_cnidaria	-	187	mt_MnSOD_cnidaria_mature	-	187	5.1e-49	159.7	0.3	1	1	6.4e-49	6.4e-49	159.4	0.3	1	187	1	187	1	187	0.93	-
CALNXK010000026.1_K04564_ed584393_with_leader_u35_PF00081_anchor_M_to_K04564_204_bounded_38-224|SP_cnidaria	-	187	mt_MnSOD_cnidaria_mature	-	187	1.2e-48	158.4	0.3	1	1	1.5e-48	1.5e-48	158.1	0.3	1	187	1	187	1	187	0.93	-
pseudodiploria_host_TRINITY_DN177525_c0_g4_i17.p2_bounded_41-242|pseudodiploria_clivosa|SP_cnidaria	-	202	mt_MnSOD_cnidaria_mature	-	187	2.2e-48	157.6	0.5	1	1	5e-48	5e-48	156.4	0.5	2	187	2	202	1	202	0.85	-
orbicella_host_TRINITY_DN199962_c6_g1_i3.p1_with_leader_u38_PF00081_M_bounded_41-242|orbicella_faveolata|SP_cnidaria	-	202	mt_MnSOD_cnidaria_mature	-	187	1.4e-47	155.0	0.3	1	1	2.1e-47	2.1e-47	154.4	0.3	2	187	2	202	1	202	0.87	-
XP_020623159.1_to_K04564_248_bounded_41-242|SP_cnidaria	-	202	mt_MnSOD_cnidaria_mature	-	187	1.7e-47	154.7	0.1	1	1	2.5e-47	2.5e-47	154.2	0.1	2	187	2	202	1	202	0.86	-
CM106378.1_K04564_64fa28d1_with_leader_u33_PF00081_M_to_K04564_194_bounded_36-222|SP_cnidaria	-	187	mt_MnSOD_cnidaria_mature	-	187	1.8e-46	151.4	0.4	1	1	2.3e-46	2.3e-46	151.0	0.4	2	187	2	187	1	187	0.90	-
MU825420.1_K04564_3d91ab54_with_leader_u34_PF00081_M_to_K04564_198_bounded_37-227|SP_cnidaria	-	191	mt_MnSOD_cnidaria_mature	-	187	7.1e-46	149.4	0.2	1	1	8.8e-46	8.8e-46	149.1	0.2	1	187	1	191	1	191	0.89	-
KAK3736516.1_to_K04564_242_bounded_34-235|SP_cnidaria	-	202	mt_MnSOD_cnidaria_mature	-	187	5.2e-44	143.3	4.0	1	1	1.3e-43	1.3e-43	142.0	4.0	1	187	1	202	1	202	0.85	-
OZ116712.1_K04564_f67ada29_with_leader_u38_PF00081_M_to_K04564_193_bounded_41-226|SP_cnidaria	-	186	mt_MnSOD_cnidaria_mature	-	187	5.2e-44	143.3	0.2	1	1	6.5e-44	6.5e-44	143.0	0.2	2	187	2	186	1	186	0.92	-
MPSW01000651.1_K04564_015d9ebc_with_leader_u38_PF00081_M_to_K04564_193_bounded_41-226|SP_cnidaria	-	186	mt_MnSOD_cnidaria_mature	-	187	6.9e-44	143.0	0.2	1	1	8.6e-44	8.6e-44	142.6	0.2	2	187	2	186	1	186	0.92	-
XP_020896468.1_to_K04564_244_bounded_35-236|SP_cnidaria	-	202	mt_MnSOD_cnidaria_mature	-	187	1e-43	142.4	2.1	1	1	2.9e-43	2.9e-43	140.9	2.1	1	187	1	202	1	202	0.85	-
XP_032242609.1_to_K04564_248_bounded_38-239|SP_cnidaria	-	202	mt_MnSOD_cnidaria_mature	-	187	9.7e-43	139.2	4.0	1	1	3.8e-42	3.8e-42	137.3	4.0	1	187	1	202	1	202	0.85	-
NW_001834379.1_K04564_218b7627_with_leader_u35_PF00081_M_to_K04564_200_bounded_38-223|SP_cnidaria	-	186	mt_MnSOD_cnidaria_mature	-	187	1.8e-40	131.8	0.8	1	1	2.4e-40	2.4e-40	131.4	0.8	1	187	1	186	1	186	0.91	-
NW_018385051.1_K04564_bf905449_with_leader_u32_PF00081_M_to_K04564_193_bounded_35-219|SP_cnidaria	-	185	mt_MnSOD_cnidaria_mature	-	187	5.3e-40	130.3	0.9	1	1	6.8e-40	6.8e-40	129.9	0.9	1	187	1	185	1	185	0.88	-
JAUJYZ010000745.1_K04564_47603ed6_with_leader_u31_PF00081_M_to_K04564_191_bounded_34-219|SP_cnidaria	-	186	mt_MnSOD_cnidaria_mature	-	187	2e-39	128.4	1.4	1	1	2.6e-39	2.6e-39	128.0	1.4	1	187	1	186	1	186	0.90	-
CAB3989857.1_to_K04564_245_bounded_38-241|SP_cnidaria	-	204	mt_MnSOD_cnidaria_mature	-	187	6.9e-37	120.1	2.9	1	1	2e-36	2e-36	118.6	2.9	2	187	2	204	1	204	0.78	-
XP_028402961.1_to_K04564_244_bounded_38-241|SP_cnidaria	-	204	mt_MnSOD_cnidaria_mature	-	187	3.5e-35	114.6	0.6	1	1	7.6e-35	7.6e-35	113.5	0.6	2	187	2	204	1	204	0.80	-
CACRXK020001562.1_K04564_ba438d0e_with_leader_u35_PF00081_M_to_K04564_192_bounded_38-224|SP_cnidaria	-	187	mt_MnSOD_cnidaria_mature	-	187	1.3e-33	109.4	3.4	1	1	3.4e-33	3.4e-33	108.1	3.4	2	187	2	187	1	187	0.86	-
NW_021163045.1_K04564_93184bc0_with_leader_u35_PF00081_M_to_K04564_197_bounded_38-224|SP_cnidaria	-	187	mt_MnSOD_cnidaria_mature	-	187	2.5e-31	102.0	0.9	1	1	5.7e-31	5.7e-31	100.8	0.9	2	187	2	187	1	187	0.88	-
CAL1168155.1_to_K04564_293_bounded_58-250|SP_cTP_algae	-	193	sp_ctp_MnFeSOD_algae_mature	-	193	9.8e-141	459.1	2.1	1	1	1.1e-140	1.1e-140	459.0	2.1	1	193	1	193	1	193	1.00	-
CAMXCT020000624.1_K04564_b4735730_with_leader_u53_PF00081_M_to_K04564_203_bounded_56-248|SP_cTP_algae	-	193	sp_ctp_MnFeSOD_algae_mature	-	193	9.8e-141	459.1	2.1	1	1	1.1e-140	1.1e-140	459.0	2.1	1	193	1	193	1	193	1.00	-
CAMXCT020006499.1_K04564_c81ee4b4_with_leader_u55_PF00081_M_to_K04564_203_bounded_58-250|SP_cTP_algae	-	193	sp_ctp_MnFeSOD_algae_mature	-	193	9.8e-141	459.1	2.1	1	1	1.1e-140	1.1e-140	459.0	2.1	1	193	1	193	1	193	1.00	-
orbicella_symb_TRINITY_DN188752_c0_g3_i1.p1_to_K04564_260_bounded_58-250|breviolum_faviinorum|SP_cTP_algae	-	193	sp_ctp_MnFeSOD_algae_mature	-	193	1e-140	459.1	2.3	1	1	1.1e-140	1.1e-140	458.9	2.3	1	193	1	193	1	193	1.00	-
c_goreaui_TRINITY_DN626_c0_g1_i2.p1_to_K04564_256_bounded_56-248|cladocopium_goreaui|SP_cTP_algae	-	193	sp_ctp_MnFeSOD_algae_mature	-	193	1.2e-140	458.8	2.5	1	1	1.3e-140	1.3e-140	458.7	2.5	1	193	1	193	1	193	1.00	-
c_goreaui_TRINITY_DN626_c0_g1_i4.p1_to_K04564_258_bounded_56-248|cladocopium_goreaui|SP_cTP_algae	-	193	sp_ctp_MnFeSOD_algae_mature	-	193	1.2e-140	458.8	2.5	1	1	1.3e-140	1.3e-140	458.7	2.5	1	193	1	193	1	193	1.00	-
CAL1168149.1_to_K04564_258_bounded_58-250|SP_cTP_algae	-	193	sp_ctp_MnFeSOD_algae_mature	-	193	2.1e-140	458.0	2.8	1	1	2.4e-140	2.4e-140	457.8	2.8	1	193	1	193	1	193	1.00	-
CAMXCT020006499.1_K04564_88d2492d_with_leader_u55_PF00081_M_to_K04564_203_bounded_58-250|SP_cTP_algae	-	193	sp_ctp_MnFeSOD_algae_mature	-	193	2.1e-140	458.0	2.8	1	1	2.4e-140	2.4e-140	457.8	2.8	1	193	1	193	1	193	1.00	-
CAK9113181.1_to_K04564_257_bounded_55-247|SP_cTP_algae	-	193	sp_ctp_MnFeSOD_algae_mature	-	193	5.2e-140	456.7	2.1	1	1	5.8e-140	5.8e-140	456.6	2.1	1	193	1	193	1	193	1.00	-
CAXAMM010040162.1_K04564_a70eaf5e_with_leader_u52_PF00081_M_to_K04564_203_bounded_55-247|SP_cTP_algae	-	193	sp_ctp_MnFeSOD_algae_mature	-	193	5.2e-140	456.7	2.1	1	1	5.8e-140	5.8e-140	456.6	2.1	1	193	1	193	1	193	1.00	-
TRINITY_DN30502_c0_g1_i1.p1_to_K04564_270_bounded_68-260|durusdinium_trenchii|SP_cTP_algae	-	193	sp_ctp_MnFeSOD_algae_mature	-	193	5.2e-140	456.7	2.1	1	1	5.8e-140	5.8e-140	456.6	2.1	1	193	1	193	1	193	1.00	-
BGPT01004387.1_K04564_42ae3337_with_leader_u55_PF00081_M_to_K04564_204_bounded_58-251|SP_cTP_algae	-	194	sp_ctp_MnFeSOD_algae_mature	-	193	4.7e-139	453.6	2.6	1	1	5.2e-139	5.2e-139	453.5	2.6	1	193	1	194	1	194	0.99	-
orbicella_symb_TRINITY_DN78611_c0_g1_i1.p1_with_leader_u58_PF00081_M_to_K04564_282_bounded_61-253|breviolum_faviinorum|SP_cTP_algae	-	193	sp_ctp_MnFeSOD_algae_mature	-	193	4.2e-138	450.5	1.2	1	1	4.7e-138	4.7e-138	450.4	1.2	1	193	1	193	1	193	1.00	-
OLP99006.1_with_leader_u58_PF00081_M_to_K04564_1204_bounded_61-253|SP_cTP_algae	-	193	sp_ctp_MnFeSOD_algae_mature	-	193	8.6e-138	449.5	2.1	1	1	9.6e-138	9.6e-138	449.3	2.1	1	193	1	193	1	193	1.00	-
OLP88777.1_with_leader_u60_PF00081_M_to_K04564_1935_bounded_63-255|SP_cTP_algae	-	193	sp_ctp_MnFeSOD_algae_mature	-	193	1.7e-136	445.3	1.3	1	1	1.9e-136	1.9e-136	445.1	1.3	1	193	1	193	1	193	1.00	-
BGPT01000358.1_K04564_070be8c8_with_leader_u54_PF00081_M_to_K04564_203_bounded_57-255|SP_cTP_algae	-	199	sp_ctp_MnFeSOD_algae_mature	-	193	2.1e-136	445.0	11.9	1	1	4.3e-135	4.3e-135	440.7	11.9	1	193	1	199	1	199	0.97	-
orbicella_symb_TRINITY_DN393612_c0_g1_i1.p1_with_leader_u60_PF00081_M_to_K04564_278_bounded_63-255|breviolum_faviinorum|SP_cTP_algae	-	193	sp_ctp_MnFeSOD_algae_mature	-	193	2e-135	441.8	2.2	1	1	2.2e-135	2.2e-135	441.6	2.2	1	193	1	193	1	193	1.00	-
OLP79028.1_with_leader_u20_PF00081_M_to_K04564_1017_bounded_23-219|SP_algae	-	197	sp_ctp_MnFeSOD_algae_mature	-	193	9.9e-74	240.5	0.6	1	1	1.1e-73	1.1e-73	240.3	0.6	2	193	2	197	1	197	0.93	-
orbicella_symb_TRINITY_DN78611_c0_g2_i1.p1_to_K04564_236_bounded_30-226|breviolum_faviinorum|SP_algae	-	197	sp_ctp_MnFeSOD_algae_mature	-	193	2.5e-73	239.1	0.8	1	1	2.8e-73	2.8e-73	239.0	0.8	2	193	2	197	1	197	0.92	-
orbicella_symb_TRINITY_DN78611_c0_g2_i1.p1_with_leader_u20_PF00081_M_to_K04564_236_bounded_23-219|breviolum_faviinorum|SP_algae	-	197	sp_ctp_MnFeSOD_algae_mature	-	193	2.5e-73	239.1	0.8	1	1	2.8e-73	2.8e-73	239.0	0.8	2	193	2	197	1	197	0.92	-
siderastrea_symb_TRINITY_DN8493_c0_g1_i1.p1_to_K04564_227_bounded_19-217|breviolum_b5|SP_algae	-	199	sp_ctp_MnFeSOD_algae_mature	-	193	2.9e-69	225.9	0.5	1	1	3.2e-69	3.2e-69	225.7	0.5	2	193	2	199	1	199	0.93	-
CAK9100252.1_to_K04564_230_bounded_24-220|SP_algae	-	197	sp_ctp_MnFeSOD_algae_mature	-	193	1.8e-68	223.3	0.2	1	1	2e-68	2e-68	223.2	0.2	2	193	2	197	1	197	0.94	-
pseudodiploria_symb_TRINITY_DN348117_c0_g1_i1.p1_with_leader_u16_PF00081_M_to_K04564_250_bounded_19-217|symbiodinium_a3|SP_algae	-	199	sp_ctp_MnFeSOD_algae_mature	-	193	3.7e-68	222.3	0.4	1	1	4.2e-68	4.2e-68	222.1	0.4	2	193	2	199	1	199	0.93	-
XP_031555730.1_to_K04564_223_bounded_29-215|mT_cnidaria	-	187	sp_ctp_MnFeSOD_algae_mature	-	193	3.4e-55	180.0	0.5	1	1	3.8e-55	3.8e-55	179.8	0.5	2	193	2	187	1	187	0.93	-
OZ116702.1_K04564_7a632fe8_with_leader_u26_PF00081_M_to_K04564_199_bounded_29-216|mT_cnidaria	-	188	sp_ctp_MnFeSOD_algae_mature	-	193	4.7e-55	179.5	0.2	1	1	5.4e-55	5.4e-55	179.3	0.2	2	193	2	188	1	188	0.89	-
CM106374.1_K04564_529830d2_with_leader_u26_PF00081_M_to_K04564_196_bounded_29-213|mT_cnidaria	-	185	sp_ctp_MnFeSOD_algae_mature	-	193	7.1e-55	178.9	0.4	1	1	8.1e-55	8.1e-55	178.8	0.4	2	193	2	185	1	185	0.90	-
MPSW01001707.1_K04564_7b9e297c_with_leader_u26_PF00081_M_to_K04564_199_bounded_29-216|mT_cnidaria	-	188	sp_ctp_MnFeSOD_algae_mature	-	193	2.1e-54	177.4	0.5	1	1	2.4e-54	2.4e-54	177.2	0.5	2	193	2	188	1	188	0.88	-
XP_001641079.1_to_K04564_220_bounded_26-212|mT_cnidaria	-	187	sp_ctp_MnFeSOD_algae_mature	-	193	2.8e-54	177.0	0.2	1	1	3.1e-54	3.1e-54	176.8	0.2	2	193	2	187	1	187	0.93	-
XP_022799031.1_to_K04564_223_bounded_29-215|mT_cnidaria	-	187	sp_ctp_MnFeSOD_algae_mature	-	193	3.3e-54	176.8	0.4	1	1	3.7e-54	3.7e-54	176.6	0.4	2	193	2	187	1	187	0.92	-
XP_022799031.1_with_leader_u25_PF00081_M_to_K04564_223_bounded_28-214|mT_cnidaria	-	187	sp_ctp_MnFeSOD_algae_mature	-	193	3.3e-54	176.8	0.4	1	1	3.7e-54	3.7e-54	176.6	0.4	2	193	2	187	1	187	0.92	-
NW_001834409.1_K04564_dd4ebe9b_with_leader_u23_PF00081_M_to_K04564_201_bounded_26-207|mT_cnidaria	-	182	sp_ctp_MnFeSOD_algae_mature	-	193	4.4e-54	176.4	0.2	1	1	5.1e-54	5.1e-54	176.2	0.2	2	193	2	182	1	182	0.91	-
XP_020892835.1_to_K04564_222_bounded_29-215|mT_cnidaria	-	187	sp_ctp_MnFeSOD_algae_mature	-	193	4.5e-54	176.3	0.6	1	1	5e-54	5e-54	176.2	0.6	2	193	2	187	1	187	0.90	-
KAK3736644.1_to_K04564_222_bounded_29-215|mT_cnidaria	-	187	sp_ctp_MnFeSOD_algae_mature	-	193	5.5e-54	176.1	0.7	1	1	6.1e-54	6.1e-54	175.9	0.7	2	192	2	186	1	187	0.92	-
CAH3154858.1_to_K04564_223_bounded_29-215|mT_cnidaria	-	187	sp_ctp_MnFeSOD_algae_mature	-	193	2.7e-53	173.8	0.3	1	1	3e-53	3e-53	173.6	0.3	2	193	2	187	1	187	0.92	-
XP_058961470.1_to_K04564_223_bounded_29-215|mT_cnidaria	-	187	sp_ctp_MnFeSOD_algae_mature	-	193	2.7e-53	173.8	0.3	1	1	3e-53	3e-53	173.6	0.3	2	193	2	187	1	187	0.92	-
MU826849.1_K04564_291d850d_with_leader_u26_PF00081_M_to_K04564_196_bounded_29-213|mT_cnidaria	-	185	sp_ctp_MnFeSOD_algae_mature	-	193	3.8e-53	173.3	0.3	1	1	4.3e-53	4.3e-53	173.1	0.3	2	193	2	185	1	185	0.89	-
JAUJYZ010000740.1_K04564_87e6c451_with_leader_u26_PF00081_anchor_M_to_K04564_199_bounded_29-209|mT_cnidaria	-	181	sp_ctp_MnFeSOD_algae_mature	-	193	4.2e-53	173.2	0.6	1	1	4.9e-53	4.9e-53	172.9	0.6	2	192	2	180	1	181	0.90	-
JAJLRJ010000007.1_K04564_fcb962ee_with_leader_u25_PF00081_M_to_K04564_195_bounded_28-212|mT_cnidaria	-	185	sp_ctp_MnFeSOD_algae_mature	-	193	9.2e-53	172.0	0.2	1	1	1e-52	1e-52	171.9	0.2	2	193	2	185	1	185	0.88	-
KAJ7371307.1_to_K04564_223_bounded_29-215|mT_cnidaria	-	187	sp_ctp_MnFeSOD_algae_mature	-	193	1.5e-52	171.3	0.3	1	1	1.7e-52	1.7e-52	171.1	0.3	2	193	2	187	1	187	0.91	-
pseudodiploria_host_TRINITY_DN196811_c4_g3_i7.p1_bounded_37-223|pseudodiploria_clivosa|mT_cnidaria	-	187	sp_ctp_MnFeSOD_algae_mature	-	193	2.1e-52	170.9	0.4	1	1	2.3e-52	2.3e-52	170.7	0.4	2	193	2	187	1	187	0.91	-
pseudodiploria_host_TRINITY_DN196811_c4_g3_i7.p1_with_leader_u26_PF00081_M_bounded_29-215|pseudodiploria_clivosa|mT_cnidaria	-	187	sp_ctp_MnFeSOD_algae_mature	-	193	2.1e-52	170.9	0.4	1	1	2.3e-52	2.3e-52	170.7	0.4	2	193	2	187	1	187	0.91	-
orbicella_host_TRINITY_DN215728_c1_g2_i1.p1_with_leader_u26_PF00081_M_bounded_29-215|orbicella_faveolata|mT_cnidaria	-	187	sp_ctp_MnFeSOD_algae_mature	-	193	3.8e-52	170.0	0.4	1	1	4.3e-52	4.3e-52	169.9	0.4	2	193	2	187	1	187	0.92	-
XP_020624989.1_to_K04564_224_bounded_29-215|mT_cnidaria	-	187	sp_ctp_MnFeSOD_algae_mature	-	193	4.1e-52	169.9	0.7	1	1	4.6e-52	4.6e-52	169.8	0.7	2	193	2	187	1	187	0.92	-
NW_026710474.1_K04564_6393b7b3_with_leader_u26_PF00081_M_to_K04564_192_bounded_29-209|mT_cnidaria	-	181	sp_ctp_MnFeSOD_algae_mature	-	193	5.3e-52	169.6	0.3	1	1	6.4e-52	6.4e-52	169.3	0.3	2	193	2	181	1	181	0.90	-
CALNXI010000019.1_K04564_9c58f698_with_leader_u17_PF00081_M_to_K04564_195_bounded_20-203|mT_cnidaria	-	184	sp_ctp_MnFeSOD_algae_mature	-	193	2.3e-51	167.5	0.1	1	1	2.6e-51	2.6e-51	167.3	0.1	2	193	2	184	1	184	0.90	-
CALNXI010000019.1_K04564_9c58f698_with_leader_u26_PF00081_M_to_K04564_195_bounded_29-212|mT_cnidaria	-	184	sp_ctp_MnFeSOD_algae_mature	-	193	2.3e-51	167.5	0.1	1	1	2.6e-51	2.6e-51	167.3	0.1	2	193	2	184	1	184	0.90	-
NC_133203.1_K04564_101605b8_with_leader_u17_PF00081_M_to_K04564_195_bounded_20-203|mT_cnidaria	-	184	sp_ctp_MnFeSOD_algae_mature	-	193	3.3e-51	167.0	0.1	1	1	3.7e-51	3.7e-51	166.8	0.1	2	193	2	184	1	184	0.90	-
NC_133203.1_K04564_101605b8_with_leader_u26_PF00081_M_to_K04564_195_bounded_29-212|mT_cnidaria	-	184	sp_ctp_MnFeSOD_algae_mature	-	193	3.3e-51	167.0	0.1	1	1	3.7e-51	3.7e-51	166.8	0.1	2	193	2	184	1	184	0.90	-
CAH3015114.1_with_leader_u17_PF00081_M_to_K04564_259_bounded_20-206|mT_cnidaria	-	187	sp_ctp_MnFeSOD_algae_mature	-	193	4.2e-51	166.6	0.2	1	1	4.7e-51	4.7e-51	166.5	0.2	2	193	2	187	1	187	0.91	-
CAH3015114.1_with_leader_u26_PF00081_M_to_K04564_259_bounded_29-215|mT_cnidaria	-	187	sp_ctp_MnFeSOD_algae_mature	-	193	4.2e-51	166.6	0.2	1	1	4.7e-51	4.7e-51	166.5	0.2	2	193	2	187	1	187	0.91	-
XP_068715352.1_to_K04564_224_bounded_29-216|mT_cnidaria	-	188	sp_ctp_MnFeSOD_algae_mature	-	193	5.4e-51	166.3	0.1	1	1	6.2e-51	6.2e-51	166.1	0.1	2	193	2	188	1	188	0.91	-
XP_073236307.1_to_K04564_223_bounded_29-215|mT_cnidaria	-	187	sp_ctp_MnFeSOD_algae_mature	-	193	6.2e-51	166.1	0.2	1	1	7e-51	7e-51	165.9	0.2	2	193	2	187	1	187	0.92	-
XP_073236307.1_with_leader_u17_PF00081_M_to_K04564_223_bounded_20-206|mT_cnidaria	-	187	sp_ctp_MnFeSOD_algae_mature	-	193	6.2e-51	166.1	0.2	1	1	7e-51	7e-51	165.9	0.2	2	193	2	187	1	187	0.92	-
CALNXK010000035.1_K04564_4c740ac6_with_leader_u17_PF00081_M_to_K04564_195_bounded_20-203|mT_cnidaria	-	184	sp_ctp_MnFeSOD_algae_mature	-	193	7.2e-51	165.9	0.1	1	1	8.1e-51	8.1e-51	165.7	0.1	2	193	2	184	1	184	0.90	-
CALNXK010000035.1_K04564_4c740ac6_with_leader_u26_PF00081_M_to_K04564_195_bounded_29-212|mT_cnidaria	-	184	sp_ctp_MnFeSOD_algae_mature	-	193	7.2e-51	165.9	0.1	1	1	8.1e-51	8.1e-51	165.7	0.1	2	193	2	184	1	184	0.90	-
XP_068741652.1_to_K04564_224_bounded_29-216|mT_cnidaria	-	188	sp_ctp_MnFeSOD_algae_mature	-	193	1.2e-50	165.1	0.1	1	1	1.4e-50	1.4e-50	165.0	0.1	2	193	2	188	1	188	0.91	-
CAH3121122.1_to_K04564_223_bounded_29-215|mT_cnidaria	-	187	sp_ctp_MnFeSOD_algae_mature	-	193	1.3e-50	165.0	0.2	1	1	1.5e-50	1.5e-50	164.9	0.2	2	193	2	187	1	187	0.91	-
CAH3121122.1_with_leader_u17_PF00081_M_to_K04564_223_bounded_20-206|mT_cnidaria	-	187	sp_ctp_MnFeSOD_algae_mature	-	193	1.3e-50	165.0	0.2	1	1	1.5e-50	1.5e-50	164.9	0.2	2	193	2	187	1	187	0.91	-
siderastrea_host_TRINITY_DN434783_c2_g2_i2.p1_bounded_35-221|siderastrea_radians|mT_cnidaria	-	187	sp_ctp_MnFeSOD_algae_mature	-	193	1.4e-50	165.0	0.2	1	1	1.5e-50	1.5e-50	164.8	0.2	2	193	2	187	1	187	0.91	-
siderastrea_host_TRINITY_DN434783_c2_g2_i2.p1_with_leader_u26_PF00081_M_bounded_29-215|siderastrea_radians|mT_cnidaria	-	187	sp_ctp_MnFeSOD_algae_mature	-	193	1.4e-50	165.0	0.2	1	1	1.5e-50	1.5e-50	164.8	0.2	2	193	2	187	1	187	0.91	-
XP_022789717.1_to_K04564_246_bounded_38-240|SP_cnidaria	-	203	sp_ctp_MnFeSOD_algae_mature	-	193	1.6e-50	164.7	0.3	1	1	2.4e-50	2.4e-50	164.2	0.3	2	193	2	203	1	203	0.84	-
XP_065052710.1_to_K04564_221_bounded_27-213|mT_cnidaria	-	187	sp_ctp_MnFeSOD_algae_mature	-	193	1.8e-49	161.3	0.1	1	1	2e-49	2e-49	161.2	0.1	2	193	2	187	1	187	0.91	-
NW_018384609.1_K04564_9ada1ad3_with_leader_u26_PF00081_M_to_K04564_193_bounded_29-212|mT_cnidaria	-	184	sp_ctp_MnFeSOD_algae_mature	-	193	4.4e-49	160.0	0.7	1	1	5.8e-49	5.8e-49	159.7	0.7	2	193	2	184	1	184	0.88	-
XP_058945240.1_to_K04564_246_bounded_38-240|SP_cnidaria	-	203	sp_ctp_MnFeSOD_algae_mature	-	193	4.4e-49	160.0	0.8	1	1	9.6e-49	9.6e-49	158.9	0.8	2	193	2	203	1	203	0.83	-
XP_027045969.1_to_K04564_246_bounded_38-240|SP_cnidaria	-	203	sp_ctp_MnFeSOD_algae_mature	-	193	6.9e-49	159.4	0.5	1	1	1.5e-48	1.5e-48	158.3	0.5	2	193	2	203	1	203	0.83	-
XP_058945240.2_to_K04564_246_bounded_38-240|SP_cnidaria	-	203	sp_ctp_MnFeSOD_algae_mature	-	193	1e-48	158.8	0.6	1	1	2.2e-48	2.2e-48	157.7	0.6	2	193	2	203	1	203	0.83	-
NW_022259326.1_K04564_c5c784a5_with_leader_u26_PF00081_M_to_K04564_204_bounded_29-214|mT_cnidaria	-	186	sp_ctp_MnFeSOD_algae_mature	-	193	1.1e-48	158.7	1.9	1	1	1.7e-48	1.7e-48	158.1	1.9	2	193	2	186	1	186	0.88	-
CAH3109050.1_to_K04564_247_bounded_39-241|SP_cnidaria	-	203	sp_ctp_MnFeSOD_algae_mature	-	193	3.8e-48	157.0	0.5	1	1	7.7e-48	7.7e-48	156.0	0.5	2	193	2	203	1	203	0.83	-
NW_020845403.1_K04564_b41b5453_with_leader_u26_PF00081_M_to_K04564_204_bounded_29-221|mT_cnidaria	-	193	sp_ctp_MnFeSOD_algae_mature	-	193	5.2e-48	156.5	2.3	1	1	1.6e-47	1.6e-47	155.0	2.3	2	193	2	193	1	193	0.84	-
NW_019217915.1_K04564_8c7a1a6e_with_leader_u35_PF00081_M_to_K04564_193_bounded_38-225|SP_cnidaria	-	188	sp_ctp_MnFeSOD_algae_mature	-	193	2.2e-47	154.5	0.2	1	1	2.7e-47	2.7e-47	154.2	0.2	2	193	2	188	1	188	0.86	-
NW_019218106.1_K04564_a8e289e7_with_leader_u25_PF00081_M_to_K04564_195_bounded_28-211|mT_cnidaria	-	184	sp_ctp_MnFeSOD_algae_mature	-	193	4.4e-47	153.5	2.9	1	1	1.1e-46	1.1e-46	152.3	2.9	2	193	2	184	1	184	0.86	-
NW_019218106.1_K04564_a8e289e7_with_leader_u26_PF00081_M_to_K04564_195_bounded_29-212|mT_cnidaria	-	184	sp_ctp_MnFeSOD_algae_mature	-	193	4.4e-47	153.5	2.9	1	1	1.1e-46	1.1e-46	152.3	2.9	2	193	2	184	1	184	0.86	-
NP_001296665.1_to_K04564_219_bounded_25-211|mT_cnidaria	-	187	sp_ctp_MnFeSOD_algae_mature	-	193	4.4e-47	153.5	0.0	1	1	4.9e-47	4.9e-47	153.4	0.0	2	193	2	187	1	187	0.92	-
CAH3113625.1_to_K04564_245_bounded_38-240|SP_cnidaria	-	203	sp_ctp_MnFeSOD_algae_mature	-	193	1.7e-46	151.6	1.4	1	1	6.2e-46	6.2e-46	149.8	1.4	2	193	2	203	1	203	0.82	-
RDEB01000110.1_K04564_86e229fd_with_leader_u26_PF00081_M_to_K04564_193_bounded_29-211|mT_cnidaria	-	183	sp_ctp_MnFeSOD_algae_mature	-	193	1.7e-46	151.6	2.8	1	1	5.6e-46	5.6e-46	149.9	2.8	2	193	2	183	1	183	0.86	-
CALNXJ010000056.1_K04564_bcab822f_with_leader_u26_PF00081_M_to_K04564_194_bounded_29-211|mT_cnidaria	-	183	sp_ctp_MnFeSOD_algae_mature	-	193	1.7e-46	151.6	2.8	1	1	3.9e-46	3.9e-46	150.4	2.8	2	193	2	183	1	183	0.86	-
XP_073230536.1_to_K04564_247_bounded_40-242|SP_cnidaria	-	203	sp_ctp_MnFeSOD_algae_mature	-	193	1.9e-46	151.4	1.5	1	1	7.1e-46	7.1e-46	149.6	1.5	2	193	2	203	1	203	0.82	-
KAJ7390115.1_to_K04564_248_bounded_37-242|SP_cnidaria	-	206	sp_ctp_MnFeSOD_algae_mature	-	193	2.9e-46	150.8	1.0	1	1	8.2e-46	8.2e-46	149.4	1.0	2	193	2	206	1	206	0.80	-
NC_089321.1_K04564_80b85b49_with_leader_u26_PF00081_M_to_K04564_192_bounded_29-209|mT_cnidaria	-	181	sp_ctp_MnFeSOD_algae_mature	-	193	3.4e-46	150.6	3.7	1	1	1.1e-45	1.1e-45	148.9	3.7	2	193	2	181	1	181	0.87	-
CAH3167338.1_to_K04564_247_bounded_40-242|SP_cnidaria	-	203	sp_ctp_MnFeSOD_algae_mature	-	193	3.8e-46	150.5	1.5	1	1	1.4e-45	1.4e-45	148.6	1.5	2	193	2	203	1	203	0.82	-
NW_026709483.1_K04564_f6c44c1b_with_leader_u35_PF00081_M_to_K04564_198_bounded_38-228|SP_cnidaria	-	191	sp_ctp_MnFeSOD_algae_mature	-	193	4.5e-46	150.2	0.3	1	1	5.6e-46	5.6e-46	149.9	0.3	2	193	2	191	1	191	0.85	-
pseudodiploria_host_TRINITY_DN177525_c0_g4_i17.p2_bounded_41-242|pseudodiploria_clivosa|SP_cnidaria	-	202	sp_ctp_MnFeSOD_algae_mature	-	193	7.4e-46	149.5	0.4	1	1	1.7e-45	1.7e-45	148.3	0.4	2	193	2	202	1	202	0.83	-
NC_089313.1_K04564_d4ce240d_with_leader_u35_PF00081_M_to_K04564_197_bounded_38-227|SP_cnidaria	-	190	sp_ctp_MnFeSOD_algae_mature	-	193	1.4e-45	148.6	0.2	1	1	1.8e-45	1.8e-45	148.3	0.2	2	193	2	190	1	190	0.90	-
NC_090876.1_K04564_d2caed50_with_leader_u26_PF00081_M_to_K04564_193_bounded_29-211|mT_cnidaria	-	183	sp_ctp_MnFeSOD_algae_mature	-	193	1.5e-45	148.6	2.5	1	1	4.8e-45	4.8e-45	146.9	2.5	2	193	2	183	1	183	0.86	-
NC_090883.1_K04564_15cd5c3b_with_leader_u26_PF00081_M_to_K04564_193_bounded_29-211|mT_cnidaria	-	183	sp_ctp_MnFeSOD_algae_mature	-	193	2.5e-45	147.8	2.1	1	1	8.2e-45	8.2e-45	146.1	2.1	2	193	2	183	1	183	0.86	-
orbicella_host_TRINITY_DN199962_c6_g1_i3.p1_with_leader_u38_PF00081_M_bounded_41-242|orbicella_faveolata|SP_cnidaria	-	202	sp_ctp_MnFeSOD_algae_mature	-	193	3.4e-45	147.4	0.3	1	1	7.5e-45	7.5e-45	146.2	0.3	2	193	2	202	1	202	0.82	-
siderastrea_host_TRINITY_DN422136_c0_g2_i3.p1_with_leader_u39_PF00081_M_bounded_42-244|siderastrea_radians|SP_cnidaria	-	203	sp_ctp_MnFeSOD_algae_mature	-	193	4.3e-45	147.0	0.8	1	1	1.8e-44	1.8e-44	145.0	0.8	2	193	2	203	1	203	0.82	-
XP_044179376.1_to_K04564_223_bounded_30-216|mT_cnidaria	-	187	sp_ctp_MnFeSOD_algae_mature	-	193	5.3e-45	146.7	0.3	1	1	6e-45	6e-45	146.5	0.3	1	193	1	187	1	187	0.90	-
XP_029200276.2_to_K04564_223_bounded_30-216|mT_cnidaria	-	187	sp_ctp_MnFeSOD_algae_mature	-	193	7.5e-45	146.2	0.3	1	1	8.4e-45	8.4e-45	146.1	0.3	1	193	1	187	1	187	0.90	-
XP_067022095.1_to_K04564_223_bounded_30-216|mT_cnidaria	-	187	sp_ctp_MnFeSOD_algae_mature	-	193	7.6e-45	146.2	0.3	1	1	8.5e-45	8.5e-45	146.1	0.3	1	193	1	187	1	187	0.91	-
CALNXJ010000011.1_K04564_5e644e17_with_leader_u36_PF00081_M_to_K04564_197_bounded_39-228|SP_cnidaria	-	190	sp_ctp_MnFeSOD_algae_mature	-	193	9e-45	146.0	0.2	1	1	1.1e-44	1.1e-44	145.6	0.2	2	193	2	190	1	190	0.90	-
XP_028405302.1_with_leader_u28_PF00081_M_to_K04564_175_bounded_31-217|mT_cnidaria	-	187	sp_ctp_MnFeSOD_algae_mature	-	193	1.5e-44	145.3	0.2	1	1	1.7e-44	1.7e-44	145.1	0.2	2	193	2	187	1	187	0.89	-
XP_020623159.1_to_K04564_248_bounded_41-242|SP_cnidaria	-	202	sp_ctp_MnFeSOD_algae_mature	-	193	1.5e-44	145.3	0.2	1	1	3.3e-44	3.3e-44	144.1	0.2	2	193	2	202	1	202	0.82	-
NC_133214.1_K04564_27a93157_with_leader_u37_PF00081_anchor_M_to_K04564_205_bounded_40-226|SP_cnidaria	-	187	sp_ctp_MnFeSOD_algae_mature	-	193	3.9e-44	143.9	0.8	1	1	7.3e-44	7.3e-44	143.0	0.8	2	193	2	187	1	187	0.87	-
CALNXK010000026.1_K04564_ed584393_with_leader_u35_PF00081_anchor_M_to_K04564_204_bounded_38-224|SP_cnidaria	-	187	sp_ctp_MnFeSOD_algae_mature	-	193	4.9e-44	143.6	0.6	1	1	9.1e-44	9.1e-44	142.7	0.6	2	193	2	187	1	187	0.87	-
XP_046848022.1_to_K04564_223_bounded_29-215|mT_cnidaria	-	187	sp_ctp_MnFeSOD_algae_mature	-	193	8.4e-44	142.8	0.2	1	1	9.4e-44	9.4e-44	142.6	0.2	2	193	2	187	1	187	0.91	-
CALNXI010001387.1_K04564_b0e36d4a_with_leader_u37_PF00081_M_to_K04564_194_bounded_40-226|SP_cnidaria	-	187	sp_ctp_MnFeSOD_algae_mature	-	193	9.3e-44	142.7	0.5	1	1	1.6e-43	1.6e-43	141.9	0.5	2	193	2	187	1	187	0.87	-
MU825420.1_K04564_3d91ab54_with_leader_u34_PF00081_M_to_K04564_198_bounded_37-227|SP_cnidaria	-	191	sp_ctp_MnFeSOD_algae_mature	-	193	2.1e-43	141.5	0.2	1	1	2.8e-43	2.8e-43	141.1	0.2	2	193	2	191	1	191	0.86	-
CM106378.1_K04564_64fa28d1_with_leader_u33_PF00081_M_to_K04564_194_bounded_36-222|SP_cnidaria	-	187	sp_ctp_MnFeSOD_algae_mature	-	193	7.1e-42	136.5	0.4	1	1	1.1e-41	1.1e-41	135.9	0.4	2	193	2	187	1	187	0.86	-
OZ116712.1_K04564_f67ada29_with_leader_u38_PF00081_M_to_K04564_193_bounded_41-226|SP_cnidaria	-	186	sp_ctp_MnFeSOD_algae_mature	-	193	1e-41	136.0	0.3	1	1	1.7e-41	1.7e-41	135.3	0.3	2	193	2	186	1	186	0.88	-
MPSW01000651.1_K04564_015d9ebc_with_leader_u38_PF00081_M_to_K04564_193_bounded_41-226|SP_cnidaria	-	186	sp_ctp_MnFeSOD_algae_mature	-	193	3.4e-41	134.3	0.2	1	1	5.6e-41	5.6e-41	133.6	0.2	2	193	2	186	1	186	0.88	-
BLEZ01003184.1_K04564_dc8bf6ad_with_leader_u27_PF00081_M_to_K04564_194_bounded_30-213|mT_cnidaria	-	184	sp_ctp_MnFeSOD_algae_mature	-	193	7.4e-41	133.2	3.3	1	1	2.4e-40	2.4e-40	131.5	3.3	1	193	1	184	1	184	0.86	-
BLFE01002088.1_K04564_10e43317_with_leader_u27_PF00081_M_to_K04564_192_bounded_30-211|mT_cnidaria	-	182	sp_ctp_MnFeSOD_algae_mature	-	193	1.2e-40	132.5	3.6	1	1	4e-40	4e-40	130.8	3.6	1	193	1	182	1	182	0.85	-
BLAZ01000169.1_K04564_9f65b912_with_leader_u27_PF00081_M_to_K04564_192_bounded_30-211|mT_cnidaria	-	182	sp_ctp_MnFeSOD_algae_mature	-	193	1.4e-40	132.3	3.5	1	1	4.5e-40	4.5e-40	130.6	3.5	1	193	1	182	1	182	0.85	-
NW_021163057.1_K04564_58bba69c_with_leader_u28_PF00081_M_to_K04564_194_bounded_31-214|mT_cnidaria	-	184	sp_ctp_MnFeSOD_algae_mature	-	193	1.8e-40	131.9	2.1	1	1	3.3e-40	3.3e-40	131.1	2.1	2	193	2	184	1	184	0.83	-
NC_088930.1_K04564_c6107477_with_leader_u22_PF00081_M_to_K04564_203_bounded_25-208|mT_cnidaria	-	184	sp_ctp_MnFeSOD_algae_mature	-	193	2.7e-40	131.4	1.3	1	1	5.7e-40	5.7e-40	130.3	1.3	2	193	2	184	1	184	0.90	-
NC_058072.1_K04564_d76f083e_with_leader_u27_PF00081_M_to_K04564_192_bounded_30-211|mT_cnidaria	-	182	sp_ctp_MnFeSOD_algae_mature	-	193	2.9e-40	131.3	3.7	1	1	9.7e-40	9.7e-40	129.6	3.7	1	193	1	182	1	182	0.85	-
XP_065051554.1_to_K04564_243_bounded_37-238|SP_cnidaria	-	202	sp_ctp_MnFeSOD_algae_mature	-	193	4e-40	130.8	0.7	1	1	6.4e-40	6.4e-40	130.1	0.7	2	193	2	202	1	202	0.81	-
NC_090047.1_K04564_9ff9e7e6_with_leader_u27_PF00081_M_to_K04564_192_bounded_30-211|mT_cnidaria	-	182	sp_ctp_MnFeSOD_algae_mature	-	193	4e-40	130.8	3.6	1	1	1.3e-39	1.3e-39	129.1	3.6	1	193	1	182	1	182	0.85	-
KAK3736516.1_to_K04564_242_bounded_34-235|SP_cnidaria	-	202	sp_ctp_MnFeSOD_algae_mature	-	193	4.1e-40	130.8	3.8	1	1	8.6e-40	8.6e-40	129.7	3.8	2	193	2	202	1	202	0.81	-
NW_025813402.1_K04564_d3bead77_with_leader_u26_PF00081_M_to_K04564_194_bounded_29-212|mT_cnidaria	-	184	sp_ctp_MnFeSOD_algae_mature	-	193	5.1e-40	130.5	2.1	1	1	8.9e-40	8.9e-40	129.7	2.1	2	193	2	184	1	184	0.86	-
NC_058072.1_K04564_e7306cec_with_leader_u27_PF00081_M_to_K04564_194_bounded_30-213|mT_cnidaria	-	184	sp_ctp_MnFeSOD_algae_mature	-	193	6.4e-40	130.1	3.4	1	1	2.1e-39	2.1e-39	128.5	3.4	1	193	1	184	1	184	0.85	-
JARQWQ010000030.1_K04564_a7361c5a_with_leader_u27_PF00081_M_to_K04564_192_bounded_30-211|mT_cnidaria	-	182	sp_ctp_MnFeSOD_algae_mature	-	193	1.2e-39	129.3	3.8	1	1	3.9e-39	3.9e-39	127.6	3.8	1	193	1	182	1	182	0.85	-
XP_020896468.1_to_K04564_244_bounded_35-236|SP_cnidaria	-	202	sp_ctp_MnFeSOD_algae_mature	-	193	2.1e-39	128.5	1.9	1	1	3.5e-39	3.5e-39	127.7	1.9	2	193	2	202	1	202	0.82	-
XP_032242609.1_to_K04564_248_bounded_38-239|SP_cnidaria	-	202	sp_ctp_MnFeSOD_algae_mature	-	193	1.5e-37	122.4	1.2	1	1	2.3e-37	2.3e-37	121.8	1.2	2	193	2	202	1	202	0.84	-
NW_018385051.1_K04564_bf905449_with_leader_u32_PF00081_M_to_K04564_193_bounded_35-219|SP_cnidaria	-	185	sp_ctp_MnFeSOD_algae_mature	-	193	2.9e-37	121.5	2.8	1	1	4.9e-37	4.9e-37	120.7	2.8	2	193	2	185	1	185	0.89	-
JAUJYZ010000745.1_K04564_47603ed6_with_leader_u31_PF00081_M_to_K04564_191_bounded_34-219|SP_cnidaria	-	186	sp_ctp_MnFeSOD_algae_mature	-	193	3.8e-36	117.8	4.8	1	1	7.2e-36	7.2e-36	116.9	4.8	2	193	2	186	1	186	0.88	-
NW_021126546.1_K04564_2e4adbc0_with_leader_u27_PF00081_M_to_K04564_194_bounded_30-213|mT_cnidaria	-	184	sp_ctp_MnFeSOD_algae_mature	-	193	2.5e-35	115.2	3.3	1	1	8.1e-35	8.1e-35	113.5	3.3	1	193	1	184	1	184	0.84	-
CAB3989857.1_to_K04564_245_bounded_38-241|SP_cnidaria	-	204	sp_ctp_MnFeSOD_algae_mature	-	193	7.5e-35	113.6	0.7	1	1	1.4e-34	1.4e-34	112.7	0.7	2	193	2	204	1	204	0.81	-
NW_001834379.1_K04564_218b7627_with_leader_u35_PF00081_M_to_K04564_200_bounded_38-223|SP_cnidaria	-	186	sp_ctp_MnFeSOD_algae_mature	-	193	2.4e-34	112.0	2.1	1	1	4.5e-34	4.5e-34	111.1	2.1	2	193	2	186	1	186	0.88	-
XP_028402961.1_to_K04564_244_bounded_38-241|SP_cnidaria	-	204	sp_ctp_MnFeSOD_algae_mature	-	193	3.4e-34	111.5	0.2	1	1	5.8e-34	5.8e-34	110.7	0.2	2	193	2	204	1	204	0.82	-
CACRXK020001562.1_K04564_ba438d0e_with_leader_u35_PF00081_M_to_K04564_192_bounded_38-224|SP_cnidaria	-	187	sp_ctp_MnFeSOD_algae_mature	-	193	1.4e-30	99.7	2.0	1	1	2.9e-30	2.9e-30	98.6	2.0	2	193	2	187	1	187	0.85	-
NW_021163045.1_K04564_93184bc0_with_leader_u35_PF00081_M_to_K04564_197_bounded_38-224|SP_cnidaria	-	187	sp_ctp_MnFeSOD_algae_mature	-	193	2.4e-30	98.9	0.6	1	1	5.4e-30	5.4e-30	97.7	0.6	2	193	2	187	1	187	0.86	-
orbicella_symb_TRINITY_DN78611_c0_g2_i1.p1_to_K04564_236_bounded_30-226|breviolum_faviinorum|SP_algae	-	197	sp_MnFeSOD_algae_mature	-	197	5.9e-133	433.6	2.6	1	1	6.6e-133	6.6e-133	433.4	2.6	1	197	1	197	1	197	1.00	-
orbicella_symb_TRINITY_DN78611_c0_g2_i1.p1_with_leader_u20_PF00081_M_to_K04564_236_bounded_23-219|breviolum_faviinorum|SP_algae	-	197	sp_MnFeSOD_algae_mature	-	197	5.9e-133	433.6	2.6	1	1	6.6e-133	6.6e-133	433.4	2.6	1	197	1	197	1	197	1.00	-
OLP79028.1_with_leader_u20_PF00081_M_to_K04564_1017_bounded_23-219|SP_algae	-	197	sp_MnFeSOD_algae_mature	-	197	1.3e-132	432.4	2.4	1	1	1.4e-132	1.4e-132	432.3	2.4	1	197	1	197	1	197	1.00	-
CAK9100252.1_to_K04564_230_bounded_24-220|SP_algae	-	197	sp_MnFeSOD_algae_mature	-	197	1.1e-130	426.2	0.7	1	1	1.2e-130	1.2e-130	426.0	0.7	1	197	1	197	1	197	1.00	-
siderastrea_symb_TRINITY_DN8493_c0_g1_i1.p1_to_K04564_227_bounded_19-217|breviolum_b5|SP_algae	-	199	sp_MnFeSOD_algae_mature	-	197	1.9e-129	422.1	1.4	1	1	2.1e-129	2.1e-129	422.0	1.4	1	197	1	199	1	199	0.99	-
pseudodiploria_symb_TRINITY_DN348117_c0_g1_i1.p1_with_leader_u16_PF00081_M_to_K04564_250_bounded_19-217|symbiodinium_a3|SP_algae	-	199	sp_MnFeSOD_algae_mature	-	197	3.3e-129	421.3	1.3	1	1	3.6e-129	3.6e-129	421.2	1.3	1	197	1	199	1	199	0.99	-
OLP88777.1_with_leader_u60_PF00081_M_to_K04564_1935_bounded_63-255|SP_cTP_algae	-	193	sp_MnFeSOD_algae_mature	-	197	2.1e-75	245.7	0.2	1	1	2.3e-75	2.3e-75	245.6	0.2	2	197	2	193	1	193	0.95	-
OLP99006.1_with_leader_u58_PF00081_M_to_K04564_1204_bounded_61-253|SP_cTP_algae	-	193	sp_MnFeSOD_algae_mature	-	197	3.7e-75	244.9	0.4	1	1	4.1e-75	4.1e-75	244.8	0.4	2	197	2	193	1	193	0.96	-
orbicella_symb_TRINITY_DN78611_c0_g1_i1.p1_with_leader_u58_PF00081_M_to_K04564_282_bounded_61-253|breviolum_faviinorum|SP_cTP_algae	-	193	sp_MnFeSOD_algae_mature	-	197	1.1e-74	243.3	0.2	1	1	1.3e-74	1.3e-74	243.2	0.2	2	197	2	193	1	193	0.96	-
orbicella_symb_TRINITY_DN393612_c0_g1_i1.p1_with_leader_u60_PF00081_M_to_K04564_278_bounded_63-255|breviolum_faviinorum|SP_cTP_algae	-	193	sp_MnFeSOD_algae_mature	-	197	1.3e-74	243.2	0.4	1	1	1.4e-74	1.4e-74	243.0	0.4	2	197	2	193	1	193	0.95	-
CAL1168155.1_to_K04564_293_bounded_58-250|SP_cTP_algae	-	193	sp_MnFeSOD_algae_mature	-	197	1.5e-74	243.0	0.3	1	1	1.7e-74	1.7e-74	242.8	0.3	2	197	2	193	1	193	0.96	-
CAMXCT020000624.1_K04564_b4735730_with_leader_u53_PF00081_M_to_K04564_203_bounded_56-248|SP_cTP_algae	-	193	sp_MnFeSOD_algae_mature	-	197	1.5e-74	243.0	0.3	1	1	1.7e-74	1.7e-74	242.8	0.3	2	197	2	193	1	193	0.96	-
CAMXCT020006499.1_K04564_c81ee4b4_with_leader_u55_PF00081_M_to_K04564_203_bounded_58-250|SP_cTP_algae	-	193	sp_MnFeSOD_algae_mature	-	197	1.5e-74	243.0	0.3	1	1	1.7e-74	1.7e-74	242.8	0.3	2	197	2	193	1	193	0.96	-
orbicella_symb_TRINITY_DN188752_c0_g3_i1.p1_to_K04564_260_bounded_58-250|breviolum_faviinorum|SP_cTP_algae	-	193	sp_MnFeSOD_algae_mature	-	197	1.7e-74	242.8	0.3	1	1	1.9e-74	1.9e-74	242.6	0.3	2	197	2	193	1	193	0.95	-
BGPT01004387.1_K04564_42ae3337_with_leader_u55_PF00081_M_to_K04564_204_bounded_58-251|SP_cTP_algae	-	194	sp_MnFeSOD_algae_mature	-	197	2.3e-74	242.4	0.3	1	1	2.5e-74	2.5e-74	242.2	0.3	2	197	2	194	1	194	0.95	-
BGPT01000358.1_K04564_070be8c8_with_leader_u54_PF00081_M_to_K04564_203_bounded_57-255|SP_cTP_algae	-	199	sp_MnFeSOD_algae_mature	-	197	2.3e-74	242.3	0.1	1	1	2.7e-74	2.7e-74	242.1	0.1	2	197	2	199	1	199	0.94	-
CAK9113181.1_to_K04564_257_bounded_55-247|SP_cTP_algae	-	193	sp_MnFeSOD_algae_mature	-	197	3.3e-74	241.8	0.3	1	1	3.7e-74	3.7e-74	241.7	0.3	2	197	2	193	1	193	0.95	-
CAXAMM010040162.1_K04564_a70eaf5e_with_leader_u52_PF00081_M_to_K04564_203_bounded_55-247|SP_cTP_algae	-	193	sp_MnFeSOD_algae_mature	-	197	3.3e-74	241.8	0.3	1	1	3.7e-74	3.7e-74	241.7	0.3	2	197	2	193	1	193	0.95	-
TRINITY_DN30502_c0_g1_i1.p1_to_K04564_270_bounded_68-260|durusdinium_trenchii|SP_cTP_algae	-	193	sp_MnFeSOD_algae_mature	-	197	3.3e-74	241.8	0.3	1	1	3.7e-74	3.7e-74	241.7	0.3	2	197	2	193	1	193	0.95	-
c_goreaui_TRINITY_DN626_c0_g1_i2.p1_to_K04564_256_bounded_56-248|cladocopium_goreaui|SP_cTP_algae	-	193	sp_MnFeSOD_algae_mature	-	197	3.7e-74	241.7	0.3	1	1	4.2e-74	4.2e-74	241.5	0.3	2	197	2	193	1	193	0.95	-
c_goreaui_TRINITY_DN626_c0_g1_i4.p1_to_K04564_258_bounded_56-248|cladocopium_goreaui|SP_cTP_algae	-	193	sp_MnFeSOD_algae_mature	-	197	3.7e-74	241.7	0.3	1	1	4.2e-74	4.2e-74	241.5	0.3	2	197	2	193	1	193	0.95	-
CAL1168149.1_to_K04564_258_bounded_58-250|SP_cTP_algae	-	193	sp_MnFeSOD_algae_mature	-	197	3.9e-74	241.6	0.3	1	1	4.4e-74	4.4e-74	241.4	0.3	2	197	2	193	1	193	0.95	-
CAMXCT020006499.1_K04564_88d2492d_with_leader_u55_PF00081_M_to_K04564_203_bounded_58-250|SP_cTP_algae	-	193	sp_MnFeSOD_algae_mature	-	197	3.9e-74	241.6	0.3	1	1	4.4e-74	4.4e-74	241.4	0.3	2	197	2	193	1	193	0.95	-
XP_058945240.1_to_K04564_246_bounded_38-240|SP_cnidaria	-	203	sp_MnFeSOD_algae_mature	-	197	1.4e-59	194.1	0.6	1	1	2.2e-59	2.2e-59	193.5	0.6	1	197	1	203	1	203	0.87	-
XP_058945240.2_to_K04564_246_bounded_38-240|SP_cnidaria	-	203	sp_MnFeSOD_algae_mature	-	197	1.7e-59	193.8	0.5	1	1	2.6e-59	2.6e-59	193.2	0.5	1	197	1	203	1	203	0.87	-
XP_027045969.1_to_K04564_246_bounded_38-240|SP_cnidaria	-	203	sp_MnFeSOD_algae_mature	-	197	2.7e-59	193.2	0.5	1	1	4.2e-59	4.2e-59	192.5	0.5	1	197	1	203	1	203	0.87	-
XP_068715352.1_to_K04564_224_bounded_29-216|mT_cnidaria	-	188	sp_MnFeSOD_algae_mature	-	197	1.2e-58	191.1	0.1	1	1	1.4e-58	1.4e-58	190.8	0.1	1	197	1	188	1	188	0.92	-
CAH3109050.1_to_K04564_247_bounded_39-241|SP_cnidaria	-	203	sp_MnFeSOD_algae_mature	-	197	1.2e-58	191.0	0.5	1	1	1.9e-58	1.9e-58	190.4	0.5	1	197	1	203	1	203	0.87	-
KAJ7390115.1_to_K04564_248_bounded_37-242|SP_cnidaria	-	206	sp_MnFeSOD_algae_mature	-	197	3.4e-58	189.6	0.7	1	1	5.2e-58	5.2e-58	189.0	0.7	1	197	1	206	1	206	0.84	-
XP_022789717.1_to_K04564_246_bounded_38-240|SP_cnidaria	-	203	sp_MnFeSOD_algae_mature	-	197	1.1e-57	187.9	0.3	1	1	1.4e-57	1.4e-57	187.6	0.3	1	197	1	203	1	203	0.89	-
CAH3154858.1_to_K04564_223_bounded_29-215|mT_cnidaria	-	187	sp_MnFeSOD_algae_mature	-	197	1.8e-57	187.2	0.5	1	1	2.2e-57	2.2e-57	186.9	0.5	1	197	1	187	1	187	0.92	-
XP_058961470.1_to_K04564_223_bounded_29-215|mT_cnidaria	-	187	sp_MnFeSOD_algae_mature	-	197	1.8e-57	187.2	0.5	1	1	2.2e-57	2.2e-57	186.9	0.5	1	197	1	187	1	187	0.92	-
pseudodiploria_host_TRINITY_DN177525_c0_g4_i17.p2_bounded_41-242|pseudodiploria_clivosa|SP_cnidaria	-	202	sp_MnFeSOD_algae_mature	-	197	2.8e-57	186.6	0.2	1	1	3.4e-57	3.4e-57	186.3	0.2	1	197	1	202	1	202	0.89	-
KAJ7371307.1_to_K04564_223_bounded_29-215|mT_cnidaria	-	187	sp_MnFeSOD_algae_mature	-	197	3.7e-57	186.2	0.4	1	1	4.7e-57	4.7e-57	185.8	0.4	1	197	1	187	1	187	0.92	-
XP_022799031.1_to_K04564_223_bounded_29-215|mT_cnidaria	-	187	sp_MnFeSOD_algae_mature	-	197	4.3e-57	186.0	0.4	1	1	5.3e-57	5.3e-57	185.7	0.4	1	197	1	187	1	187	0.92	-
XP_022799031.1_with_leader_u25_PF00081_M_to_K04564_223_bounded_28-214|mT_cnidaria	-	187	sp_MnFeSOD_algae_mature	-	197	4.3e-57	186.0	0.4	1	1	5.3e-57	5.3e-57	185.7	0.4	1	197	1	187	1	187	0.92	-
siderastrea_host_TRINITY_DN434783_c2_g2_i2.p1_bounded_35-221|siderastrea_radians|mT_cnidaria	-	187	sp_MnFeSOD_algae_mature	-	197	4.5e-57	185.9	0.2	1	1	5.7e-57	5.7e-57	185.6	0.2	1	197	1	187	1	187	0.92	-
siderastrea_host_TRINITY_DN434783_c2_g2_i2.p1_with_leader_u26_PF00081_M_bounded_29-215|siderastrea_radians|mT_cnidaria	-	187	sp_MnFeSOD_algae_mature	-	197	4.5e-57	185.9	0.2	1	1	5.7e-57	5.7e-57	185.6	0.2	1	197	1	187	1	187	0.92	-
XP_068741652.1_to_K04564_224_bounded_29-216|mT_cnidaria	-	188	sp_MnFeSOD_algae_mature	-	197	4.9e-57	185.8	0.1	1	1	6e-57	6e-57	185.5	0.1	1	197	1	188	1	188	0.92	-
KAK3736644.1_to_K04564_222_bounded_29-215|mT_cnidaria	-	187	sp_MnFeSOD_algae_mature	-	197	8.6e-57	185.0	0.9	1	1	1.1e-56	1.1e-56	184.7	0.9	1	196	1	186	1	187	0.90	-
pseudodiploria_host_TRINITY_DN196811_c4_g3_i7.p1_bounded_37-223|pseudodiploria_clivosa|mT_cnidaria	-	187	sp_MnFeSOD_algae_mature	-	197	9.3e-57	184.9	0.4	1	1	1.2e-56	1.2e-56	184.6	0.4	1	197	1	187	1	187	0.92	-
pseudodiploria_host_TRINITY_DN196811_c4_g3_i7.p1_with_leader_u26_PF00081_M_bounded_29-215|pseudodiploria_clivosa|mT_cnidaria	-	187	sp_MnFeSOD_algae_mature	-	197	9.3e-57	184.9	0.4	1	1	1.2e-56	1.2e-56	184.6	0.4	1	197	1	187	1	187	0.92	-
orbicella_host_TRINITY_DN215728_c1_g2_i1.p1_with_leader_u26_PF00081_M_bounded_29-215|orbicella_faveolata|mT_cnidaria	-	187	sp_MnFeSOD_algae_mature	-	197	1.5e-56	184.2	0.5	1	1	1.9e-56	1.9e-56	183.9	0.5	1	197	1	187	1	187	0.92	-
OZ116702.1_K04564_7a632fe8_with_leader_u26_PF00081_M_to_K04564_199_bounded_29-216|mT_cnidaria	-	188	sp_MnFeSOD_algae_mature	-	197	1.8e-56	183.9	0.3	1	1	2.3e-56	2.3e-56	183.6	0.3	1	197	1	188	1	188	0.95	-
XP_073230536.1_to_K04564_247_bounded_40-242|SP_cnidaria	-	203	sp_MnFeSOD_algae_mature	-	197	1.9e-56	183.8	0.3	1	1	3.2e-56	3.2e-56	183.1	0.3	1	197	1	203	1	203	0.83	-
JAJLRJ010000007.1_K04564_fcb962ee_with_leader_u25_PF00081_M_to_K04564_195_bounded_28-212|mT_cnidaria	-	185	sp_MnFeSOD_algae_mature	-	197	2.5e-56	183.5	0.3	1	1	3.1e-56	3.1e-56	183.1	0.3	1	197	1	185	1	185	0.91	-
CAH3121122.1_to_K04564_223_bounded_29-215|mT_cnidaria	-	187	sp_MnFeSOD_algae_mature	-	197	3.2e-56	183.1	0.3	1	1	3.9e-56	3.9e-56	182.8	0.3	1	197	1	187	1	187	0.91	-
CAH3121122.1_with_leader_u17_PF00081_M_to_K04564_223_bounded_20-206|mT_cnidaria	-	187	sp_MnFeSOD_algae_mature	-	197	3.2e-56	183.1	0.3	1	1	3.9e-56	3.9e-56	182.8	0.3	1	197	1	187	1	187	0.91	-
XP_073236307.1_to_K04564_223_bounded_29-215|mT_cnidaria	-	187	sp_MnFeSOD_algae_mature	-	197	3.5e-56	183.0	0.3	1	1	4.3e-56	4.3e-56	182.7	0.3	1	197	1	187	1	187	0.91	-
XP_073236307.1_with_leader_u17_PF00081_M_to_K04564_223_bounded_20-206|mT_cnidaria	-	187	sp_MnFeSOD_algae_mature	-	197	3.5e-56	183.0	0.3	1	1	4.3e-56	4.3e-56	182.7	0.3	1	197	1	187	1	187	0.91	-
CAH3167338.1_to_K04564_247_bounded_40-242|SP_cnidaria	-	203	sp_MnFeSOD_algae_mature	-	197	5.4e-56	182.4	0.4	1	1	8.8e-56	8.8e-56	181.7	0.4	1	197	1	203	1	203	0.83	-
XP_020624989.1_to_K04564_224_bounded_29-215|mT_cnidaria	-	187	sp_MnFeSOD_algae_mature	-	197	6.5e-56	182.1	0.7	1	1	8.3e-56	8.3e-56	181.8	0.7	1	197	1	187	1	187	0.92	-
CAH3015114.1_with_leader_u17_PF00081_M_to_K04564_259_bounded_20-206|mT_cnidaria	-	187	sp_MnFeSOD_algae_mature	-	197	8.6e-56	181.7	0.3	1	1	1.1e-55	1.1e-55	181.4	0.3	1	197	1	187	1	187	0.91	-
CAH3015114.1_with_leader_u26_PF00081_M_to_K04564_259_bounded_29-215|mT_cnidaria	-	187	sp_MnFeSOD_algae_mature	-	197	8.6e-56	181.7	0.3	1	1	1.1e-55	1.1e-55	181.4	0.3	1	197	1	187	1	187	0.91	-
XP_020623159.1_to_K04564_248_bounded_41-242|SP_cnidaria	-	202	sp_MnFeSOD_algae_mature	-	197	8.7e-56	181.7	0.0	1	1	1.1e-55	1.1e-55	181.4	0.0	1	197	1	202	1	202	0.88	-
XP_001641079.1_to_K04564_220_bounded_26-212|mT_cnidaria	-	187	sp_MnFeSOD_algae_mature	-	197	9.1e-56	181.6	0.1	1	1	1.2e-55	1.2e-55	181.3	0.1	1	197	1	187	1	187	0.90	-
MPSW01001707.1_K04564_7b9e297c_with_leader_u26_PF00081_M_to_K04564_199_bounded_29-216|mT_cnidaria	-	188	sp_MnFeSOD_algae_mature	-	197	1.5e-55	181.0	0.6	1	1	1.9e-55	1.9e-55	180.6	0.6	1	197	1	188	1	188	0.94	-
orbicella_host_TRINITY_DN199962_c6_g1_i3.p1_with_leader_u38_PF00081_M_bounded_41-242|orbicella_faveolata|SP_cnidaria	-	202	sp_MnFeSOD_algae_mature	-	197	1.5e-55	180.9	0.1	1	1	1.9e-55	1.9e-55	180.6	0.1	1	197	1	202	1	202	0.88	-
CAH3113625.1_to_K04564_245_bounded_38-240|SP_cnidaria	-	203	sp_MnFeSOD_algae_mature	-	197	2.4e-55	180.3	0.3	1	1	3.9e-55	3.9e-55	179.6	0.3	1	197	1	203	1	203	0.83	-
XP_020892835.1_to_K04564_222_bounded_29-215|mT_cnidaria	-	187	sp_MnFeSOD_algae_mature	-	197	3.7e-55	179.6	0.6	1	1	4.7e-55	4.7e-55	179.3	0.6	1	197	1	187	1	187	0.90	-
XP_031555730.1_to_K04564_223_bounded_29-215|mT_cnidaria	-	187	sp_MnFeSOD_algae_mature	-	197	4.3e-55	179.4	0.4	1	1	5.3e-55	5.3e-55	179.1	0.4	1	197	1	187	1	187	0.86	-
MU826849.1_K04564_291d850d_with_leader_u26_PF00081_M_to_K04564_196_bounded_29-213|mT_cnidaria	-	185	sp_MnFeSOD_algae_mature	-	197	6.2e-55	178.9	0.5	1	1	7.8e-55	7.8e-55	178.6	0.5	1	197	1	185	1	185	0.93	-
XP_028405302.1_with_leader_u28_PF00081_M_to_K04564_175_bounded_31-217|mT_cnidaria	-	187	sp_MnFeSOD_algae_mature	-	197	8.3e-55	178.5	0.2	1	1	1e-54	1e-54	178.2	0.2	1	197	1	187	1	187	0.91	-
siderastrea_host_TRINITY_DN422136_c0_g2_i3.p1_with_leader_u39_PF00081_M_bounded_42-244|siderastrea_radians|SP_cnidaria	-	203	sp_MnFeSOD_algae_mature	-	197	2.9e-54	176.7	0.9	1	1	7.7e-54	7.7e-54	175.4	0.9	2	197	2	203	1	203	0.86	-
NW_001834409.1_K04564_dd4ebe9b_with_leader_u23_PF00081_M_to_K04564_201_bounded_26-207|mT_cnidaria	-	182	sp_MnFeSOD_algae_mature	-	197	1.7e-53	174.2	0.2	1	1	2.5e-53	2.5e-53	173.7	0.2	1	197	1	182	1	182	0.90	-
NW_026709483.1_K04564_f6c44c1b_with_leader_u35_PF00081_M_to_K04564_198_bounded_38-228|SP_cnidaria	-	191	sp_MnFeSOD_algae_mature	-	197	2.1e-53	174.0	0.8	1	1	3e-53	3e-53	173.4	0.8	1	197	1	191	1	191	0.87	-
XP_046848022.1_to_K04564_223_bounded_29-215|mT_cnidaria	-	187	sp_MnFeSOD_algae_mature	-	197	2.3e-53	173.8	0.7	1	1	2.8e-53	2.8e-53	173.5	0.7	1	197	1	187	1	187	0.90	-
CM106374.1_K04564_529830d2_with_leader_u26_PF00081_M_to_K04564_196_bounded_29-213|mT_cnidaria	-	185	sp_MnFeSOD_algae_mature	-	197	2.6e-53	173.6	0.4	1	1	3.9e-53	3.9e-53	173.0	0.4	1	197	1	185	1	185	0.88	-
NW_026710474.1_K04564_6393b7b3_with_leader_u26_PF00081_M_to_K04564_192_bounded_29-209|mT_cnidaria	-	181	sp_MnFeSOD_algae_mature	-	197	3e-53	173.4	2.1	1	1	4.8e-53	4.8e-53	172.7	2.1	1	197	1	181	1	181	0.93	-
NC_089313.1_K04564_d4ce240d_with_leader_u35_PF00081_M_to_K04564_197_bounded_38-227|SP_cnidaria	-	190	sp_MnFeSOD_algae_mature	-	197	3.4e-53	173.2	0.8	1	1	5.5e-53	5.5e-53	172.6	0.8	1	197	1	190	1	190	0.88	-
XP_065052710.1_to_K04564_221_bounded_27-213|mT_cnidaria	-	187	sp_MnFeSOD_algae_mature	-	197	4.5e-53	172.8	0.3	1	1	5.6e-53	5.6e-53	172.5	0.3	1	197	1	187	1	187	0.91	-
CALNXK010000035.1_K04564_4c740ac6_with_leader_u17_PF00081_M_to_K04564_195_bounded_20-203|mT_cnidaria	-	184	sp_MnFeSOD_algae_mature	-	197	4.9e-53	172.7	0.2	1	1	6.2e-53	6.2e-53	172.4	0.2	1	197	1	184	1	184	0.90	-
CALNXK010000035.1_K04564_4c740ac6_with_leader_u26_PF00081_M_to_K04564_195_bounded_29-212|mT_cnidaria	-	184	sp_MnFeSOD_algae_mature	-	197	4.9e-53	172.7	0.2	1	1	6.2e-53	6.2e-53	172.4	0.2	1	197	1	184	1	184	0.90	-
JAUJYZ010000740.1_K04564_87e6c451_with_leader_u26_PF00081_anchor_M_to_K04564_199_bounded_29-209|mT_cnidaria	-	181	sp_MnFeSOD_algae_mature	-	197	5.7e-53	172.5	3.8	1	1	1.1e-52	1.1e-52	171.6	3.8	1	196	1	180	1	181	0.90	-
NC_133203.1_K04564_101605b8_with_leader_u17_PF00081_M_to_K04564_195_bounded_20-203|mT_cnidaria	-	184	sp_MnFeSOD_algae_mature	-	197	5.8e-53	172.5	0.2	1	1	7.2e-53	7.2e-53	172.2	0.2	1	197	1	184	1	184	0.90	-
NC_133203.1_K04564_101605b8_with_leader_u26_PF00081_M_to_K04564_195_bounded_29-212|mT_cnidaria	-	184	sp_MnFeSOD_algae_mature	-	197	5.8e-53	172.5	0.2	1	1	7.2e-53	7.2e-53	172.2	0.2	1	197	1	184	1	184	0.90	-
NP_001296665.1_to_K04564_219_bounded_25-211|mT_cnidaria	-	187	sp_MnFeSOD_algae_mature	-	197	6e-53	172.4	0.2	1	1	7.5e-53	7.5e-53	172.1	0.2	1	197	1	187	1	187	0.91	-
CALNXI010000019.1_K04564_9c58f698_with_leader_u17_PF00081_M_to_K04564_195_bounded_20-203|mT_cnidaria	-	184	sp_MnFeSOD_algae_mature	-	197	1.3e-52	171.3	0.2	1	1	1.7e-52	1.7e-52	171.0	0.2	1	197	1	184	1	184	0.90	-
CALNXI010000019.1_K04564_9c58f698_with_leader_u26_PF00081_M_to_K04564_195_bounded_29-212|mT_cnidaria	-	184	sp_MnFeSOD_algae_mature	-	197	1.3e-52	171.3	0.2	1	1	1.7e-52	1.7e-52	171.0	0.2	1	197	1	184	1	184	0.90	-
MU825420.1_K04564_3d91ab54_with_leader_u34_PF00081_M_to_K04564_198_bounded_37-227|SP_cnidaria	-	191	sp_MnFeSOD_algae_mature	-	197	1.8e-52	170.8	1.4	1	1	4.5e-52	4.5e-52	169.6	1.4	1	197	1	191	1	191	0.84	-
CALNXJ010000011.1_K04564_5e644e17_with_leader_u36_PF00081_M_to_K04564_197_bounded_39-228|SP_cnidaria	-	190	sp_MnFeSOD_algae_mature	-	197	5.5e-52	169.3	0.7	1	1	8.9e-52	8.9e-52	168.6	0.7	1	197	1	190	1	190	0.88	-
NW_020845403.1_K04564_b41b5453_with_leader_u26_PF00081_M_to_K04564_204_bounded_29-221|mT_cnidaria	-	193	sp_MnFeSOD_algae_mature	-	197	9e-52	168.6	0.5	1	1	1.3e-51	1.3e-51	168.0	0.5	1	197	1	193	1	193	0.86	-
NC_133214.1_K04564_27a93157_with_leader_u37_PF00081_anchor_M_to_K04564_205_bounded_40-226|SP_cnidaria	-	187	sp_MnFeSOD_algae_mature	-	197	1.5e-51	167.8	2.1	1	1	9.4e-51	9.4e-51	165.3	2.1	1	197	1	187	1	187	0.86	-
NC_090876.1_K04564_d2caed50_with_leader_u26_PF00081_M_to_K04564_193_bounded_29-211|mT_cnidaria	-	183	sp_MnFeSOD_algae_mature	-	197	1.7e-51	167.7	4.7	1	1	2.1e-50	2.1e-50	164.1	4.7	1	197	1	183	1	183	0.86	-
NW_019217915.1_K04564_8c7a1a6e_with_leader_u35_PF00081_M_to_K04564_193_bounded_38-225|SP_cnidaria	-	188	sp_MnFeSOD_algae_mature	-	197	3.6e-51	166.6	2.0	1	1	1.1e-50	1.1e-50	165.1	2.0	1	197	1	188	1	188	0.87	-
RDEB01000110.1_K04564_86e229fd_with_leader_u26_PF00081_M_to_K04564_193_bounded_29-211|mT_cnidaria	-	183	sp_MnFeSOD_algae_mature	-	197	4.7e-51	166.2	4.6	1	1	5.7e-50	5.7e-50	162.7	4.6	1	197	1	183	1	183	0.86	-
CALNXI010001387.1_K04564_b0e36d4a_with_leader_u37_PF00081_M_to_K04564_194_bounded_40-226|SP_cnidaria	-	187	sp_MnFeSOD_algae_mature	-	197	6.4e-51	165.8	2.1	1	1	3.6e-50	3.6e-50	163.4	2.1	1	197	1	187	1	187	0.86	-
XP_065051554.1_to_K04564_243_bounded_37-238|SP_cnidaria	-	202	sp_MnFeSOD_algae_mature	-	197	1.2e-50	165.0	0.3	1	1	1.4e-50	1.4e-50	164.7	0.3	2	197	2	202	1	202	0.87	-
CALNXK010000026.1_K04564_ed584393_with_leader_u35_PF00081_anchor_M_to_K04564_204_bounded_38-224|SP_cnidaria	-	187	sp_MnFeSOD_algae_mature	-	197	2e-50	164.2	1.5	1	1	1.2e-49	1.2e-49	161.6	1.5	1	197	1	187	1	187	0.86	-
CAB3989857.1_to_K04564_245_bounded_38-241|SP_cnidaria	-	204	sp_MnFeSOD_algae_mature	-	197	4.5e-50	163.1	0.3	1	1	5.4e-50	5.4e-50	162.8	0.3	1	197	1	204	1	204	0.89	-
NC_090883.1_K04564_15cd5c3b_with_leader_u26_PF00081_M_to_K04564_193_bounded_29-211|mT_cnidaria	-	183	sp_MnFeSOD_algae_mature	-	197	6e-50	162.7	4.4	1	1	7.2e-49	7.2e-49	159.1	4.4	1	197	1	183	1	183	0.86	-
CM106378.1_K04564_64fa28d1_with_leader_u33_PF00081_M_to_K04564_194_bounded_36-222|SP_cnidaria	-	187	sp_MnFeSOD_algae_mature	-	197	7.8e-50	162.3	2.3	1	1	6.2e-49	6.2e-49	159.3	2.3	1	197	1	187	1	187	0.86	-
MPSW01000651.1_K04564_015d9ebc_with_leader_u38_PF00081_M_to_K04564_193_bounded_41-226|SP_cnidaria	-	186	sp_MnFeSOD_algae_mature	-	197	1e-49	161.9	1.2	1	1	4.3e-49	4.3e-49	159.9	1.2	1	197	1	186	1	186	0.87	-
CALNXJ010000056.1_K04564_bcab822f_with_leader_u26_PF00081_M_to_K04564_194_bounded_29-211|mT_cnidaria	-	183	sp_MnFeSOD_algae_mature	-	197	1.8e-49	161.1	4.9	1	1	6.2e-49	6.2e-49	159.3	4.9	1	197	1	183	1	183	0.90	-
OZ116712.1_K04564_f67ada29_with_leader_u38_PF00081_M_to_K04564_193_bounded_41-226|SP_cnidaria	-	186	sp_MnFeSOD_algae_mature	-	197	2e-49	160.9	1.5	1	1	8.5e-49	8.5e-49	158.9	1.5	1	197	1	186	1	186	0.87	-
NW_022259326.1_K04564_c5c784a5_with_leader_u26_PF00081_M_to_K04564_204_bounded_29-214|mT_cnidaria	-	186	sp_MnFeSOD_algae_mature	-	197	2.3e-49	160.7	4.3	1	1	7.5e-49	7.5e-49	159.1	4.3	1	197	1	186	1	186	0.83	-
XP_044179376.1_to_K04564_223_bounded_30-216|mT_cnidaria	-	187	sp_MnFeSOD_algae_mature	-	197	2.5e-49	160.6	0.4	1	1	3.2e-49	3.2e-49	160.3	0.4	2	197	2	187	1	187	0.89	-
NW_018384609.1_K04564_9ada1ad3_with_leader_u26_PF00081_M_to_K04564_193_bounded_29-212|mT_cnidaria	-	184	sp_MnFeSOD_algae_mature	-	197	3.2e-49	160.3	4.1	1	1	7.9e-49	7.9e-49	159.0	4.1	1	197	1	184	1	184	0.87	-
NC_089321.1_K04564_80b85b49_with_leader_u26_PF00081_M_to_K04564_192_bounded_29-209|mT_cnidaria	-	181	sp_MnFeSOD_algae_mature	-	197	4.7e-49	159.7	5.7	1	1	5e-48	5e-48	156.4	5.7	1	197	1	181	1	181	0.89	-
XP_067022095.1_to_K04564_223_bounded_30-216|mT_cnidaria	-	187	sp_MnFeSOD_algae_mature	-	197	1e-48	158.6	0.3	1	1	1.4e-48	1.4e-48	158.2	0.3	2	197	2	187	1	187	0.88	-
NW_019218106.1_K04564_a8e289e7_with_leader_u25_PF00081_M_to_K04564_195_bounded_28-211|mT_cnidaria	-	184	sp_MnFeSOD_algae_mature	-	197	1.3e-48	158.3	4.9	1	1	5e-48	5e-48	156.4	4.9	1	197	1	184	1	184	0.89	-
NW_019218106.1_K04564_a8e289e7_with_leader_u26_PF00081_M_to_K04564_195_bounded_29-212|mT_cnidaria	-	184	sp_MnFeSOD_algae_mature	-	197	1.3e-48	158.3	4.9	1	1	5e-48	5e-48	156.4	4.9	1	197	1	184	1	184	0.89	-
XP_020896468.1_to_K04564_244_bounded_35-236|SP_cnidaria	-	202	sp_MnFeSOD_algae_mature	-	197	2.1e-48	157.6	0.4	1	1	2.6e-48	2.6e-48	157.3	0.4	1	197	1	202	1	202	0.85	-
XP_029200276.2_to_K04564_223_bounded_30-216|mT_cnidaria	-	187	sp_MnFeSOD_algae_mature	-	197	2.1e-48	157.6	0.4	1	1	2.7e-48	2.7e-48	157.3	0.4	2	197	2	187	1	187	0.89	-
KAK3736516.1_to_K04564_242_bounded_34-235|SP_cnidaria	-	202	sp_MnFeSOD_algae_mature	-	197	1e-47	155.3	0.9	1	1	1.3e-47	1.3e-47	155.0	0.9	1	196	1	201	1	202	0.84	-
NC_088930.1_K04564_c6107477_with_leader_u22_PF00081_M_to_K04564_203_bounded_25-208|mT_cnidaria	-	184	sp_MnFeSOD_algae_mature	-	197	1.1e-46	151.9	6.9	1	1	6.2e-46	6.2e-46	149.5	6.9	1	197	1	184	1	184	0.84	-
NW_021163057.1_K04564_58bba69c_with_leader_u28_PF00081_M_to_K04564_194_bounded_31-214|mT_cnidaria	-	184	sp_MnFeSOD_algae_mature	-	197	1.4e-45	148.4	6.3	1	1	7.9e-45	7.9e-45	145.9	6.3	1	197	1	184	1	184	0.85	-
XP_028402961.1_to_K04564_244_bounded_38-241|SP_cnidaria	-	204	sp_MnFeSOD_algae_mature	-	197	3.3e-45	147.2	0.0	1	1	4e-45	4e-45	146.9	0.0	1	197	1	204	1	204	0.88	-
NW_025813402.1_K04564_d3bead77_with_leader_u26_PF00081_M_to_K04564_194_bounded_29-212|mT_cnidaria	-	184	sp_MnFeSOD_algae_mature	-	197	3.6e-45	147.1	7.2	1	1	1.5e-44	1.5e-44	145.1	7.2	1	197	1	184	1	184	0.87	-
XP_032242609.1_to_K04564_248_bounded_38-239|SP_cnidaria	-	202	sp_MnFeSOD_algae_mature	-	197	3.6e-45	147.1	0.2	1	1	4.3e-45	4.3e-45	146.8	0.2	1	197	1	202	1	202	0.84	-
BLEZ01003184.1_K04564_dc8bf6ad_with_leader_u27_PF00081_M_to_K04564_194_bounded_30-213|mT_cnidaria	-	184	sp_MnFeSOD_algae_mature	-	197	2.6e-44	144.2	4.9	1	1	2.7e-43	2.7e-43	140.9	4.9	2	197	2	184	1	184	0.88	-
NC_058072.1_K04564_e7306cec_with_leader_u27_PF00081_M_to_K04564_194_bounded_30-213|mT_cnidaria	-	184	sp_MnFeSOD_algae_mature	-	197	2.3e-43	141.2	5.4	1	1	2.3e-42	2.3e-42	137.9	5.4	2	197	2	184	1	184	0.88	-
BLAZ01000169.1_K04564_9f65b912_with_leader_u27_PF00081_M_to_K04564_192_bounded_30-211|mT_cnidaria	-	182	sp_MnFeSOD_algae_mature	-	197	5.2e-43	140.0	6.6	1	1	6.3e-42	6.3e-42	136.5	6.6	2	197	2	182	1	182	0.85	-
JARQWQ010000030.1_K04564_a7361c5a_with_leader_u27_PF00081_M_to_K04564_192_bounded_30-211|mT_cnidaria	-	182	sp_MnFeSOD_algae_mature	-	197	1.1e-42	138.9	6.4	1	1	1.3e-41	1.3e-41	135.4	6.4	2	197	2	182	1	182	0.85	-
BLFE01002088.1_K04564_10e43317_with_leader_u27_PF00081_M_to_K04564_192_bounded_30-211|mT_cnidaria	-	182	sp_MnFeSOD_algae_mature	-	197	1.2e-42	138.8	6.2	1	1	1.5e-41	1.5e-41	135.2	6.2	2	197	2	182	1	182	0.85	-
CACRXK020001562.1_K04564_ba438d0e_with_leader_u35_PF00081_M_to_K04564_192_bounded_38-224|SP_cnidaria	-	187	sp_MnFeSOD_algae_mature	-	197	1.7e-42	138.3	3.1	1	1	9.6e-42	9.6e-42	135.9	3.1	1	197	1	187	1	187	0.88	-
NC_058072.1_K04564_d76f083e_with_leader_u27_PF00081_M_to_K04564_192_bounded_30-211|mT_cnidaria	-	182	sp_MnFeSOD_algae_mature	-	197	1.8e-42	138.2	6.4	1	1	2.2e-41	2.2e-41	134.7	6.4	2	197	2	182	1	182	0.85	-
NC_090047.1_K04564_9ff9e7e6_with_leader_u27_PF00081_M_to_K04564_192_bounded_30-211|mT_cnidaria	-	182	sp_MnFeSOD_algae_mature	-	197	6.5e-42	136.4	6.1	1	1	7.8e-41	7.8e-41	132.9	6.1	2	197	2	182	1	182	0.85	-
NW_018385051.1_K04564_bf905449_with_leader_u32_PF00081_M_to_K04564_193_bounded_35-219|SP_cnidaria	-	185	sp_MnFeSOD_algae_mature	-	197	2.4e-40	131.3	3.9	1	1	1.1e-39	1.1e-39	129.2	3.9	1	197	1	185	1	185	0.89	-
JAUJYZ010000745.1_K04564_47603ed6_with_leader_u31_PF00081_M_to_K04564_191_bounded_34-219|SP_cnidaria	-	186	sp_MnFeSOD_algae_mature	-	197	7e-40	129.8	5.7	1	1	4.5e-39	4.5e-39	127.1	5.7	1	196	1	185	1	186	0.86	-
NW_021126546.1_K04564_2e4adbc0_with_leader_u27_PF00081_M_to_K04564_194_bounded_30-213|mT_cnidaria	-	184	sp_MnFeSOD_algae_mature	-	197	1.2e-39	129.1	5.2	1	1	1.2e-38	1.2e-38	125.8	5.2	2	197	2	184	1	184	0.87	-
NW_021163045.1_K04564_93184bc0_with_leader_u35_PF00081_M_to_K04564_197_bounded_38-224|SP_cnidaria	-	187	sp_MnFeSOD_algae_mature	-	197	6.1e-39	126.7	0.5	1	1	5.3e-38	5.3e-38	123.6	0.5	1	197	1	187	1	187	0.86	-
NW_001834379.1_K04564_218b7627_with_leader_u35_PF00081_M_to_K04564_200_bounded_38-223|SP_cnidaria	-	186	sp_MnFeSOD_algae_mature	-	197	1.1e-38	125.9	3.6	1	1	7.4e-38	7.4e-38	123.2	3.6	1	197	1	186	1	186	0.87	-
XP_058945240.2_to_K04564_246_bounded_38-240|SP_cnidaria	-	203	sp_MnFeSOD_cnidaria_mature	-	202	1.5e-116	380.1	0.6	1	1	1.7e-116	1.7e-116	380.0	0.6	1	202	1	203	1	203	0.99	-
XP_027045969.1_to_K04564_246_bounded_38-240|SP_cnidaria	-	203	sp_MnFeSOD_cnidaria_mature	-	202	1.7e-116	379.9	0.5	1	1	1.9e-116	1.9e-116	379.8	0.5	1	202	1	203	1	203	0.99	-
XP_058945240.1_to_K04564_246_bounded_38-240|SP_cnidaria	-	203	sp_MnFeSOD_cnidaria_mature	-	202	2.4e-116	379.5	0.5	1	1	2.7e-116	2.7e-116	379.3	0.5	1	202	1	203	1	203	0.99	-
CAH3109050.1_to_K04564_247_bounded_39-241|SP_cnidaria	-	203	sp_MnFeSOD_cnidaria_mature	-	202	3.2e-116	379.1	0.7	1	1	3.6e-116	3.6e-116	378.9	0.7	1	202	1	203	1	203	0.99	-
pseudodiploria_host_TRINITY_DN177525_c0_g4_i17.p2_bounded_41-242|pseudodiploria_clivosa|SP_cnidaria	-	202	sp_MnFeSOD_cnidaria_mature	-	202	3.4e-113	369.2	0.1	1	1	3.7e-113	3.7e-113	369.1	0.1	1	202	1	202	1	202	1.00	-
XP_020623159.1_to_K04564_248_bounded_41-242|SP_cnidaria	-	202	sp_MnFeSOD_cnidaria_mature	-	202	7.6e-113	368.1	0.0	1	1	8.4e-113	8.4e-113	367.9	0.0	1	202	1	202	1	202	1.00	-
orbicella_host_TRINITY_DN199962_c6_g1_i3.p1_with_leader_u38_PF00081_M_bounded_41-242|orbicella_faveolata|SP_cnidaria	-	202	sp_MnFeSOD_cnidaria_mature	-	202	1.2e-112	367.4	0.0	1	1	1.3e-112	1.3e-112	367.3	0.0	1	202	1	202	1	202	1.00	-
XP_022789717.1_to_K04564_246_bounded_38-240|SP_cnidaria	-	203	sp_MnFeSOD_cnidaria_mature	-	202	1.3e-112	367.3	0.6	1	1	1.5e-112	1.5e-112	367.1	0.6	1	202	1	203	1	203	0.99	-
CAH3113625.1_to_K04564_245_bounded_38-240|SP_cnidaria	-	203	sp_MnFeSOD_cnidaria_mature	-	202	2.2e-112	366.6	0.2	1	1	2.4e-112	2.4e-112	366.4	0.2	1	202	1	203	1	203	0.99	-
CAH3167338.1_to_K04564_247_bounded_40-242|SP_cnidaria	-	203	sp_MnFeSOD_cnidaria_mature	-	202	3.4e-112	365.9	0.2	1	1	3.8e-112	3.8e-112	365.8	0.2	1	202	1	203	1	203	0.99	-
XP_073230536.1_to_K04564_247_bounded_40-242|SP_cnidaria	-	203	sp_MnFeSOD_cnidaria_mature	-	202	8.4e-112	364.7	0.2	1	1	9.3e-112	9.3e-112	364.5	0.2	1	202	1	203	1	203	0.99	-
KAJ7390115.1_to_K04564_248_bounded_37-242|SP_cnidaria	-	206	sp_MnFeSOD_cnidaria_mature	-	202	1.1e-111	364.3	0.1	1	1	1.2e-111	1.2e-111	364.1	0.1	1	202	1	206	1	206	0.99	-
siderastrea_host_TRINITY_DN422136_c0_g2_i3.p1_with_leader_u39_PF00081_M_bounded_42-244|siderastrea_radians|SP_cnidaria	-	203	sp_MnFeSOD_cnidaria_mature	-	202	2.5e-111	363.1	0.4	1	1	2.7e-111	2.7e-111	363.0	0.4	2	202	2	203	1	203	0.99	-
KAK3736516.1_to_K04564_242_bounded_34-235|SP_cnidaria	-	202	sp_MnFeSOD_cnidaria_mature	-	202	2.7e-109	356.5	0.5	1	1	3e-109	3e-109	356.3	0.5	1	202	1	202	1	202	0.99	-
XP_020896468.1_to_K04564_244_bounded_35-236|SP_cnidaria	-	202	sp_MnFeSOD_cnidaria_mature	-	202	9e-108	351.5	1.0	1	1	1e-107	1e-107	351.3	1.0	1	202	1	202	1	202	1.00	-
XP_032242609.1_to_K04564_248_bounded_38-239|SP_cnidaria	-	202	sp_MnFeSOD_cnidaria_mature	-	202	3.2e-106	346.4	0.9	1	1	3.6e-106	3.6e-106	346.3	0.9	1	202	1	202	1	202	1.00	-
NC_089313.1_K04564_d4ce240d_with_leader_u35_PF00081_M_to_K04564_197_bounded_38-227|SP_cnidaria	-	190	sp_MnFeSOD_cnidaria_mature	-	202	4.3e-103	336.2	2.2	1	1	8.4e-103	8.4e-103	335.3	2.2	1	202	1	190	1	190	0.97	-
NW_026709483.1_K04564_f6c44c1b_with_leader_u35_PF00081_M_to_K04564_198_bounded_38-228|SP_cnidaria	-	191	sp_MnFeSOD_cnidaria_mature	-	202	5.1e-103	336.0	2.2	1	1	8.9e-103	8.9e-103	335.2	2.2	1	202	1	191	1	191	0.96	-
CALNXJ010000011.1_K04564_5e644e17_with_leader_u36_PF00081_M_to_K04564_197_bounded_39-228|SP_cnidaria	-	190	sp_MnFeSOD_cnidaria_mature	-	202	1e-102	335.0	2.4	1	1	2e-102	2e-102	334.1	2.4	1	202	1	190	1	190	0.97	-
XP_065051554.1_to_K04564_243_bounded_37-238|SP_cnidaria	-	202	sp_MnFeSOD_cnidaria_mature	-	202	1.3e-100	328.1	1.4	1	1	1.4e-100	1.4e-100	328.0	1.4	2	202	2	202	1	202	0.99	-
OZ116712.1_K04564_f67ada29_with_leader_u38_PF00081_M_to_K04564_193_bounded_41-226|SP_cnidaria	-	186	sp_MnFeSOD_cnidaria_mature	-	202	1.3e-99	324.9	2.0	1	1	4e-98	4e-98	320.0	2.0	1	202	1	186	1	186	0.96	-
CM106378.1_K04564_64fa28d1_with_leader_u33_PF00081_M_to_K04564_194_bounded_36-222|SP_cnidaria	-	187	sp_MnFeSOD_cnidaria_mature	-	202	2e-99	324.3	4.3	1	1	4.4e-98	4.4e-98	319.9	4.3	1	202	1	187	1	187	0.96	-
MPSW01000651.1_K04564_015d9ebc_with_leader_u38_PF00081_M_to_K04564_193_bounded_41-226|SP_cnidaria	-	186	sp_MnFeSOD_cnidaria_mature	-	202	4.1e-99	323.2	1.8	1	1	1.3e-97	1.3e-97	318.4	1.8	1	202	1	186	1	186	0.96	-
NW_019217915.1_K04564_8c7a1a6e_with_leader_u35_PF00081_M_to_K04564_193_bounded_38-225|SP_cnidaria	-	188	sp_MnFeSOD_cnidaria_mature	-	202	2.1e-98	320.9	4.8	1	1	1.7e-97	1.7e-97	317.9	4.8	1	202	1	188	1	188	0.96	-
MU825420.1_K04564_3d91ab54_with_leader_u34_PF00081_M_to_K04564_198_bounded_37-227|SP_cnidaria	-	191	sp_MnFeSOD_cnidaria_mature	-	202	4.3e-98	319.9	2.3	1	1	2.8e-97	2.8e-97	317.3	2.3	1	202	1	191	1	191	0.95	-
XP_028402961.1_to_K04564_244_bounded_38-241|SP_cnidaria	-	204	sp_MnFeSOD_cnidaria_mature	-	202	5.2e-98	319.6	1.6	1	1	5.8e-98	5.8e-98	319.5	1.6	1	202	1	204	1	204	0.98	-
CALNXK010000026.1_K04564_ed584393_with_leader_u35_PF00081_anchor_M_to_K04564_204_bounded_38-224|SP_cnidaria	-	187	sp_MnFeSOD_cnidaria_mature	-	202	8.5e-98	318.9	5.9	1	1	3.1e-96	3.1e-96	313.8	5.9	1	202	1	187	1	187	0.96	-
CALNXI010001387.1_K04564_b0e36d4a_with_leader_u37_PF00081_M_to_K04564_194_bounded_40-226|SP_cnidaria	-	187	sp_MnFeSOD_cnidaria_mature	-	202	2.2e-97	317.6	6.6	1	1	7.9e-96	7.9e-96	312.5	6.6	1	202	1	187	1	187	0.96	-
CAB3989857.1_to_K04564_245_bounded_38-241|SP_cnidaria	-	204	sp_MnFeSOD_cnidaria_mature	-	202	2.9e-97	317.2	4.4	1	1	3.3e-97	3.3e-97	317.0	4.4	1	202	1	204	1	204	0.98	-
NC_133214.1_K04564_27a93157_with_leader_u37_PF00081_anchor_M_to_K04564_205_bounded_40-226|SP_cnidaria	-	187	sp_MnFeSOD_cnidaria_mature	-	202	8.2e-97	315.7	6.0	1	1	3e-95	3e-95	310.6	6.0	1	202	1	187	1	187	0.96	-
JAUJYZ010000745.1_K04564_47603ed6_with_leader_u31_PF00081_M_to_K04564_191_bounded_34-219|SP_cnidaria	-	186	sp_MnFeSOD_cnidaria_mature	-	202	5.9e-92	299.8	7.2	1	1	2.2e-90	2.2e-90	294.7	7.2	1	202	1	186	1	186	0.96	-
NW_001834379.1_K04564_218b7627_with_leader_u35_PF00081_M_to_K04564_200_bounded_38-223|SP_cnidaria	-	186	sp_MnFeSOD_cnidaria_mature	-	202	2.8e-89	291.1	8.5	1	1	1e-87	1e-87	286.0	8.5	1	202	1	186	1	186	0.96	-
NW_018385051.1_K04564_bf905449_with_leader_u32_PF00081_M_to_K04564_193_bounded_35-219|SP_cnidaria	-	185	sp_MnFeSOD_cnidaria_mature	-	202	4e-89	290.6	7.8	1	1	1.2e-87	1.2e-87	285.7	7.8	1	202	1	185	1	185	0.96	-
NW_021163045.1_K04564_93184bc0_with_leader_u35_PF00081_M_to_K04564_197_bounded_38-224|SP_cnidaria	-	187	sp_MnFeSOD_cnidaria_mature	-	202	1.5e-82	269.2	5.8	1	1	7e-81	7e-81	263.7	5.8	1	202	1	187	1	187	0.96	-
CACRXK020001562.1_K04564_ba438d0e_with_leader_u35_PF00081_M_to_K04564_192_bounded_38-224|SP_cnidaria	-	187	sp_MnFeSOD_cnidaria_mature	-	202	1.8e-80	262.4	10.2	1	1	1.2e-78	1.2e-78	256.4	10.2	1	202	1	187	1	187	0.95	-
OLP79028.1_with_leader_u20_PF00081_M_to_K04564_1017_bounded_23-219|SP_algae	-	197	sp_MnFeSOD_cnidaria_mature	-	202	1.8e-61	200.3	0.0	1	1	2.4e-61	2.4e-61	199.9	0.0	1	202	1	197	1	197	0.90	-
orbicella_symb_TRINITY_DN78611_c0_g2_i1.p1_to_K04564_236_bounded_30-226|breviolum_faviinorum|SP_algae	-	197	sp_MnFeSOD_cnidaria_mature	-	202	5.8e-61	198.7	0.0	1	1	7.9e-61	7.9e-61	198.2	0.0	1	202	1	197	1	197	0.90	-
orbicella_symb_TRINITY_DN78611_c0_g2_i1.p1_with_leader_u20_PF00081_M_to_K04564_236_bounded_23-219|breviolum_faviinorum|SP_algae	-	197	sp_MnFeSOD_cnidaria_mature	-	202	5.8e-61	198.7	0.0	1	1	7.9e-61	7.9e-61	198.2	0.0	1	202	1	197	1	197	0.90	-
siderastrea_symb_TRINITY_DN8493_c0_g1_i1.p1_to_K04564_227_bounded_19-217|breviolum_b5|SP_algae	-	199	sp_MnFeSOD_cnidaria_mature	-	202	1.7e-60	197.1	0.0	1	1	2e-60	2e-60	196.9	0.0	1	202	1	199	1	199	0.92	-
pseudodiploria_symb_TRINITY_DN348117_c0_g1_i1.p1_with_leader_u16_PF00081_M_to_K04564_250_bounded_19-217|symbiodinium_a3|SP_algae	-	199	sp_MnFeSOD_cnidaria_mature	-	202	2e-60	196.9	0.0	1	1	2.4e-60	2.4e-60	196.7	0.0	1	202	1	199	1	199	0.92	-
CAK9100252.1_to_K04564_230_bounded_24-220|SP_algae	-	197	sp_MnFeSOD_cnidaria_mature	-	202	2.2e-58	190.2	0.0	1	1	3e-58	3e-58	189.8	0.0	1	202	1	197	1	197	0.89	-
pseudodiploria_host_TRINITY_DN196811_c4_g3_i7.p1_bounded_37-223|pseudodiploria_clivosa|mT_cnidaria	-	187	sp_MnFeSOD_cnidaria_mature	-	202	2.5e-54	177.0	1.0	1	1	1.3e-53	1.3e-53	174.7	1.0	1	202	1	187	1	187	0.93	-
pseudodiploria_host_TRINITY_DN196811_c4_g3_i7.p1_with_leader_u26_PF00081_M_bounded_29-215|pseudodiploria_clivosa|mT_cnidaria	-	187	sp_MnFeSOD_cnidaria_mature	-	202	2.5e-54	177.0	1.0	1	1	1.3e-53	1.3e-53	174.7	1.0	1	202	1	187	1	187	0.93	-
KAJ7371307.1_to_K04564_223_bounded_29-215|mT_cnidaria	-	187	sp_MnFeSOD_cnidaria_mature	-	202	6.8e-54	175.6	1.2	1	1	3.5e-53	3.5e-53	173.3	1.2	1	202	1	187	1	187	0.93	-
NW_001834409.1_K04564_dd4ebe9b_with_leader_u23_PF00081_M_to_K04564_201_bounded_26-207|mT_cnidaria	-	182	sp_MnFeSOD_cnidaria_mature	-	202	9.8e-54	175.1	2.5	1	1	2.1e-52	2.1e-52	170.8	2.5	1	202	1	182	1	182	0.96	-
BGPT01004387.1_K04564_42ae3337_with_leader_u55_PF00081_M_to_K04564_204_bounded_58-251|SP_cTP_algae	-	194	sp_MnFeSOD_cnidaria_mature	-	202	1.6e-53	174.4	0.0	1	1	3.2e-53	3.2e-53	173.4	0.0	2	202	2	194	1	194	0.89	-
XP_001641079.1_to_K04564_220_bounded_26-212|mT_cnidaria	-	187	sp_MnFeSOD_cnidaria_mature	-	202	2.7e-53	173.7	0.7	1	1	1.8e-52	1.8e-52	170.9	0.7	1	202	1	187	1	187	0.92	-
MU826849.1_K04564_291d850d_with_leader_u26_PF00081_M_to_K04564_196_bounded_29-213|mT_cnidaria	-	185	sp_MnFeSOD_cnidaria_mature	-	202	4.8e-53	172.8	1.9	1	1	8.4e-52	8.4e-52	168.8	1.9	1	202	1	185	1	185	0.94	-
CAL1168149.1_to_K04564_258_bounded_58-250|SP_cTP_algae	-	193	sp_MnFeSOD_cnidaria_mature	-	202	5.6e-53	172.6	0.1	1	1	1.4e-52	1.4e-52	171.3	0.1	2	202	2	193	1	193	0.89	-
CAMXCT020006499.1_K04564_88d2492d_with_leader_u55_PF00081_M_to_K04564_203_bounded_58-250|SP_cTP_algae	-	193	sp_MnFeSOD_cnidaria_mature	-	202	5.6e-53	172.6	0.1	1	1	1.4e-52	1.4e-52	171.3	0.1	2	202	2	193	1	193	0.89	-
c_goreaui_TRINITY_DN626_c0_g1_i2.p1_to_K04564_256_bounded_56-248|cladocopium_goreaui|SP_cTP_algae	-	193	sp_MnFeSOD_cnidaria_mature	-	202	5.7e-53	172.6	0.1	1	1	1.7e-52	1.7e-52	171.0	0.1	2	202	2	193	1	193	0.89	-
c_goreaui_TRINITY_DN626_c0_g1_i4.p1_to_K04564_258_bounded_56-248|cladocopium_goreaui|SP_cTP_algae	-	193	sp_MnFeSOD_cnidaria_mature	-	202	5.7e-53	172.6	0.1	1	1	1.7e-52	1.7e-52	171.0	0.1	2	202	2	193	1	193	0.89	-
orbicella_symb_TRINITY_DN188752_c0_g3_i1.p1_to_K04564_260_bounded_58-250|breviolum_faviinorum|SP_cTP_algae	-	193	sp_MnFeSOD_cnidaria_mature	-	202	6.5e-53	172.4	0.1	1	1	1.7e-52	1.7e-52	171.0	0.1	2	202	2	193	1	193	0.89	-
CAL1168155.1_to_K04564_293_bounded_58-250|SP_cTP_algae	-	193	sp_MnFeSOD_cnidaria_mature	-	202	9.9e-53	171.8	0.1	1	1	3e-52	3e-52	170.2	0.1	2	202	2	193	1	193	0.89	-
CAMXCT020000624.1_K04564_b4735730_with_leader_u53_PF00081_M_to_K04564_203_bounded_56-248|SP_cTP_algae	-	193	sp_MnFeSOD_cnidaria_mature	-	202	9.9e-53	171.8	0.1	1	1	3e-52	3e-52	170.2	0.1	2	202	2	193	1	193	0.89	-
CAMXCT020006499.1_K04564_c81ee4b4_with_leader_u55_PF00081_M_to_K04564_203_bounded_58-250|SP_cTP_algae	-	193	sp_MnFeSOD_cnidaria_mature	-	202	9.9e-53	171.8	0.1	1	1	3e-52	3e-52	170.2	0.1	2	202	2	193	1	193	0.89	-
XP_031555730.1_to_K04564_223_bounded_29-215|mT_cnidaria	-	187	sp_MnFeSOD_cnidaria_mature	-	202	1.6e-52	171.1	1.8	1	1	1.3e-51	1.3e-51	168.1	1.8	1	202	1	187	1	187	0.93	-
siderastrea_host_TRINITY_DN434783_c2_g2_i2.p1_bounded_35-221|siderastrea_radians|mT_cnidaria	-	187	sp_MnFeSOD_cnidaria_mature	-	202	1.6e-52	171.1	1.5	1	1	1.1e-51	1.1e-51	168.3	1.5	1	202	1	187	1	187	0.93	-
siderastrea_host_TRINITY_DN434783_c2_g2_i2.p1_with_leader_u26_PF00081_M_bounded_29-215|siderastrea_radians|mT_cnidaria	-	187	sp_MnFeSOD_cnidaria_mature	-	202	1.6e-52	171.1	1.5	1	1	1.1e-51	1.1e-51	168.3	1.5	1	202	1	187	1	187	0.93	-
OLP88777.1_with_leader_u60_PF00081_M_to_K04564_1935_bounded_63-255|SP_cTP_algae	-	193	sp_MnFeSOD_cnidaria_mature	-	202	1.7e-52	171.0	0.1	1	1	3.7e-52	3.7e-52	169.9	0.1	2	202	2	193	1	193	0.89	-
XP_068715352.1_to_K04564_224_bounded_29-216|mT_cnidaria	-	188	sp_MnFeSOD_cnidaria_mature	-	202	2.1e-52	170.8	1.9	1	1	1.9e-51	1.9e-51	167.6	1.9	1	202	1	188	1	188	0.93	-
orbicella_host_TRINITY_DN215728_c1_g2_i1.p1_with_leader_u26_PF00081_M_bounded_29-215|orbicella_faveolata|mT_cnidaria	-	187	sp_MnFeSOD_cnidaria_mature	-	202	2.3e-52	170.6	0.8	1	1	1.2e-51	1.2e-51	168.3	0.8	1	202	1	187	1	187	0.93	-
CM106374.1_K04564_529830d2_with_leader_u26_PF00081_M_to_K04564_196_bounded_29-213|mT_cnidaria	-	185	sp_MnFeSOD_cnidaria_mature	-	202	3.2e-52	170.2	2.4	1	1	2.9e-51	2.9e-51	167.0	2.4	1	202	1	185	1	185	0.93	-
orbicella_symb_TRINITY_DN393612_c0_g1_i1.p1_with_leader_u60_PF00081_M_to_K04564_278_bounded_63-255|breviolum_faviinorum|SP_cTP_algae	-	193	sp_MnFeSOD_cnidaria_mature	-	202	4.9e-52	169.5	0.1	1	1	1.1e-51	1.1e-51	168.4	0.1	2	202	2	193	1	193	0.90	-
CAH3154858.1_to_K04564_223_bounded_29-215|mT_cnidaria	-	187	sp_MnFeSOD_cnidaria_mature	-	202	5.7e-52	169.3	0.5	1	1	2.8e-51	2.8e-51	167.0	0.5	1	202	1	187	1	187	0.93	-
XP_058961470.1_to_K04564_223_bounded_29-215|mT_cnidaria	-	187	sp_MnFeSOD_cnidaria_mature	-	202	5.7e-52	169.3	0.5	1	1	2.8e-51	2.8e-51	167.0	0.5	1	202	1	187	1	187	0.93	-
OLP99006.1_with_leader_u58_PF00081_M_to_K04564_1204_bounded_61-253|SP_cTP_algae	-	193	sp_MnFeSOD_cnidaria_mature	-	202	8.7e-52	168.7	0.1	1	1	2.6e-51	2.6e-51	167.2	0.1	2	202	2	193	1	193	0.89	-
orbicella_symb_TRINITY_DN78611_c0_g1_i1.p1_with_leader_u58_PF00081_M_to_K04564_282_bounded_61-253|breviolum_faviinorum|SP_cTP_algae	-	193	sp_MnFeSOD_cnidaria_mature	-	202	1.1e-51	168.4	0.1	1	1	3.2e-51	3.2e-51	166.9	0.1	2	202	2	193	1	193	0.89	-
XP_020892835.1_to_K04564_222_bounded_29-215|mT_cnidaria	-	187	sp_MnFeSOD_cnidaria_mature	-	202	1.2e-51	168.2	1.1	1	1	4.2e-51	4.2e-51	166.5	1.1	1	202	1	187	1	187	0.94	-
KAK3736644.1_to_K04564_222_bounded_29-215|mT_cnidaria	-	187	sp_MnFeSOD_cnidaria_mature	-	202	1.2e-51	168.2	0.9	1	1	3.3e-51	3.3e-51	166.8	0.9	1	201	1	186	1	187	0.95	-
CAK9113181.1_to_K04564_257_bounded_55-247|SP_cTP_algae	-	193	sp_MnFeSOD_cnidaria_mature	-	202	1.3e-51	168.2	0.1	1	1	3.7e-51	3.7e-51	166.7	0.1	2	202	2	193	1	193	0.88	-
CAXAMM010040162.1_K04564_a70eaf5e_with_leader_u52_PF00081_M_to_K04564_203_bounded_55-247|SP_cTP_algae	-	193	sp_MnFeSOD_cnidaria_mature	-	202	1.3e-51	168.2	0.1	1	1	3.7e-51	3.7e-51	166.7	0.1	2	202	2	193	1	193	0.88	-
TRINITY_DN30502_c0_g1_i1.p1_to_K04564_270_bounded_68-260|durusdinium_trenchii|SP_cTP_algae	-	193	sp_MnFeSOD_cnidaria_mature	-	202	1.3e-51	168.2	0.1	1	1	3.7e-51	3.7e-51	166.7	0.1	2	202	2	193	1	193	0.88	-
XP_020624989.1_to_K04564_224_bounded_29-215|mT_cnidaria	-	187	sp_MnFeSOD_cnidaria_mature	-	202	1.9e-51	167.6	1.5	1	1	9.8e-51	9.8e-51	165.3	1.5	1	202	1	187	1	187	0.93	-
XP_068741652.1_to_K04564_224_bounded_29-216|mT_cnidaria	-	188	sp_MnFeSOD_cnidaria_mature	-	202	3.8e-51	166.6	1.7	1	1	3.5e-50	3.5e-50	163.5	1.7	1	202	1	188	1	188	0.93	-
BGPT01000358.1_K04564_070be8c8_with_leader_u54_PF00081_M_to_K04564_203_bounded_57-255|SP_cTP_algae	-	199	sp_MnFeSOD_cnidaria_mature	-	202	6.5e-51	165.9	0.8	1	1	3.2e-50	3.2e-50	163.6	0.8	2	202	2	199	1	199	0.86	-
NW_026710474.1_K04564_6393b7b3_with_leader_u26_PF00081_M_to_K04564_192_bounded_29-209|mT_cnidaria	-	181	sp_MnFeSOD_cnidaria_mature	-	202	9.7e-51	165.3	1.5	1	1	1.8e-49	1.8e-49	161.1	1.5	1	202	1	181	1	181	0.95	-
XP_022799031.1_to_K04564_223_bounded_29-215|mT_cnidaria	-	187	sp_MnFeSOD_cnidaria_mature	-	202	1.1e-50	165.1	0.3	1	1	5.5e-50	5.5e-50	162.8	0.3	1	202	1	187	1	187	0.93	-
XP_022799031.1_with_leader_u25_PF00081_M_to_K04564_223_bounded_28-214|mT_cnidaria	-	187	sp_MnFeSOD_cnidaria_mature	-	202	1.1e-50	165.1	0.3	1	1	5.5e-50	5.5e-50	162.8	0.3	1	202	1	187	1	187	0.93	-
CAH3121122.1_to_K04564_223_bounded_29-215|mT_cnidaria	-	187	sp_MnFeSOD_cnidaria_mature	-	202	1.3e-50	164.9	1.1	1	1	7.6e-50	7.6e-50	162.4	1.1	1	202	1	187	1	187	0.92	-
CAH3121122.1_with_leader_u17_PF00081_M_to_K04564_223_bounded_20-206|mT_cnidaria	-	187	sp_MnFeSOD_cnidaria_mature	-	202	1.3e-50	164.9	1.1	1	1	7.6e-50	7.6e-50	162.4	1.1	1	202	1	187	1	187	0.92	-
XP_065052710.1_to_K04564_221_bounded_27-213|mT_cnidaria	-	187	sp_MnFeSOD_cnidaria_mature	-	202	1.3e-50	164.9	0.6	1	1	7.4e-50	7.4e-50	162.4	0.6	1	202	1	187	1	187	0.92	-
JAJLRJ010000007.1_K04564_fcb962ee_with_leader_u25_PF00081_M_to_K04564_195_bounded_28-212|mT_cnidaria	-	185	sp_MnFeSOD_cnidaria_mature	-	202	2.2e-50	164.1	1.4	1	1	3.9e-49	3.9e-49	160.1	1.4	1	202	1	185	1	185	0.94	-
CAH3015114.1_with_leader_u17_PF00081_M_to_K04564_259_bounded_20-206|mT_cnidaria	-	187	sp_MnFeSOD_cnidaria_mature	-	202	2.7e-50	163.8	1.0	1	1	1.6e-49	1.6e-49	161.3	1.0	1	202	1	187	1	187	0.92	-
CAH3015114.1_with_leader_u26_PF00081_M_to_K04564_259_bounded_29-215|mT_cnidaria	-	187	sp_MnFeSOD_cnidaria_mature	-	202	2.7e-50	163.8	1.0	1	1	1.6e-49	1.6e-49	161.3	1.0	1	202	1	187	1	187	0.92	-
XP_073236307.1_to_K04564_223_bounded_29-215|mT_cnidaria	-	187	sp_MnFeSOD_cnidaria_mature	-	202	3.2e-50	163.6	1.0	1	1	2.4e-49	2.4e-49	160.8	1.0	1	202	1	187	1	187	0.93	-
XP_073236307.1_with_leader_u17_PF00081_M_to_K04564_223_bounded_20-206|mT_cnidaria	-	187	sp_MnFeSOD_cnidaria_mature	-	202	3.2e-50	163.6	1.0	1	1	2.4e-49	2.4e-49	160.8	1.0	1	202	1	187	1	187	0.93	-
JAUJYZ010000740.1_K04564_87e6c451_with_leader_u26_PF00081_anchor_M_to_K04564_199_bounded_29-209|mT_cnidaria	-	181	sp_MnFeSOD_cnidaria_mature	-	202	5.6e-50	162.8	3.3	1	1	6.1e-49	6.1e-49	159.4	3.3	1	201	1	180	1	181	0.94	-
NP_001296665.1_to_K04564_219_bounded_25-211|mT_cnidaria	-	187	sp_MnFeSOD_cnidaria_mature	-	202	1.2e-49	161.8	0.4	1	1	9.1e-49	9.1e-49	158.9	0.4	1	202	1	187	1	187	0.92	-
OZ116702.1_K04564_7a632fe8_with_leader_u26_PF00081_M_to_K04564_199_bounded_29-216|mT_cnidaria	-	188	sp_MnFeSOD_cnidaria_mature	-	202	1.5e-49	161.4	0.9	1	1	2.9e-48	2.9e-48	157.2	0.9	1	202	1	188	1	188	0.91	-
CALNXK010000035.1_K04564_4c740ac6_with_leader_u17_PF00081_M_to_K04564_195_bounded_20-203|mT_cnidaria	-	184	sp_MnFeSOD_cnidaria_mature	-	202	1.1e-48	158.6	1.0	1	1	5.2e-48	5.2e-48	156.4	1.0	1	202	1	184	1	184	0.90	-
CALNXK010000035.1_K04564_4c740ac6_with_leader_u26_PF00081_M_to_K04564_195_bounded_29-212|mT_cnidaria	-	184	sp_MnFeSOD_cnidaria_mature	-	202	1.1e-48	158.6	1.0	1	1	5.2e-48	5.2e-48	156.4	1.0	1	202	1	184	1	184	0.90	-
MPSW01001707.1_K04564_7b9e297c_with_leader_u26_PF00081_M_to_K04564_199_bounded_29-216|mT_cnidaria	-	188	sp_MnFeSOD_cnidaria_mature	-	202	1.4e-48	158.2	1.9	1	1	2.6e-47	2.6e-47	154.1	1.9	1	202	1	188	1	188	0.91	-
CALNXI010000019.1_K04564_9c58f698_with_leader_u17_PF00081_M_to_K04564_195_bounded_20-203|mT_cnidaria	-	184	sp_MnFeSOD_cnidaria_mature	-	202	2.5e-48	157.4	0.9	1	1	1.1e-47	1.1e-47	155.3	0.9	1	202	1	184	1	184	0.90	-
CALNXI010000019.1_K04564_9c58f698_with_leader_u26_PF00081_M_to_K04564_195_bounded_29-212|mT_cnidaria	-	184	sp_MnFeSOD_cnidaria_mature	-	202	2.5e-48	157.4	0.9	1	1	1.1e-47	1.1e-47	155.3	0.9	1	202	1	184	1	184	0.90	-
NC_133203.1_K04564_101605b8_with_leader_u17_PF00081_M_to_K04564_195_bounded_20-203|mT_cnidaria	-	184	sp_MnFeSOD_cnidaria_mature	-	202	3.3e-48	157.0	1.1	1	1	2e-47	2e-47	154.5	1.1	1	202	1	184	1	184	0.90	-
NC_133203.1_K04564_101605b8_with_leader_u26_PF00081_M_to_K04564_195_bounded_29-212|mT_cnidaria	-	184	sp_MnFeSOD_cnidaria_mature	-	202	3.3e-48	157.0	1.1	1	1	2e-47	2e-47	154.5	1.1	1	202	1	184	1	184	0.90	-
XP_028405302.1_with_leader_u28_PF00081_M_to_K04564_175_bounded_31-217|mT_cnidaria	-	187	sp_MnFeSOD_cnidaria_mature	-	202	8.4e-48	155.7	1.5	1	1	7.5e-47	7.5e-47	152.6	1.5	1	202	1	187	1	187	0.93	-
XP_044179376.1_to_K04564_223_bounded_30-216|mT_cnidaria	-	187	sp_MnFeSOD_cnidaria_mature	-	202	2.7e-47	154.0	0.9	1	1	2.1e-46	2.1e-46	151.1	0.9	2	202	2	187	1	187	0.92	-
XP_067022095.1_to_K04564_223_bounded_30-216|mT_cnidaria	-	187	sp_MnFeSOD_cnidaria_mature	-	202	7.3e-47	152.6	0.8	1	1	5.8e-46	5.8e-46	149.7	0.8	2	202	2	187	1	187	0.92	-
XP_029200276.2_to_K04564_223_bounded_30-216|mT_cnidaria	-	187	sp_MnFeSOD_cnidaria_mature	-	202	9.6e-47	152.2	1.0	1	1	7.5e-46	7.5e-46	149.3	1.0	2	202	2	187	1	187	0.92	-
XP_046848022.1_to_K04564_223_bounded_29-215|mT_cnidaria	-	187	sp_MnFeSOD_cnidaria_mature	-	202	1.3e-46	151.8	1.0	1	1	9.8e-46	9.8e-46	149.0	1.0	1	202	1	187	1	187	0.93	-
CALNXJ010000056.1_K04564_bcab822f_with_leader_u26_PF00081_M_to_K04564_194_bounded_29-211|mT_cnidaria	-	183	sp_MnFeSOD_cnidaria_mature	-	202	9.2e-46	149.0	3.4	1	1	1.7e-44	1.7e-44	144.9	3.4	1	202	1	183	1	183	0.94	-
NC_090876.1_K04564_d2caed50_with_leader_u26_PF00081_M_to_K04564_193_bounded_29-211|mT_cnidaria	-	183	sp_MnFeSOD_cnidaria_mature	-	202	1.3e-45	148.6	3.7	1	1	1.3e-44	1.3e-44	145.3	3.7	1	202	1	183	1	183	0.91	-
NW_020845403.1_K04564_b41b5453_with_leader_u26_PF00081_M_to_K04564_204_bounded_29-221|mT_cnidaria	-	193	sp_MnFeSOD_cnidaria_mature	-	202	1.5e-45	148.3	4.0	1	1	6.2e-44	6.2e-44	143.1	4.0	1	202	1	193	1	193	0.89	-
NW_022259326.1_K04564_c5c784a5_with_leader_u26_PF00081_M_to_K04564_204_bounded_29-214|mT_cnidaria	-	186	sp_MnFeSOD_cnidaria_mature	-	202	1.9e-45	148.0	4.7	1	1	2.7e-44	2.7e-44	144.3	4.7	1	202	1	186	1	186	0.89	-
NC_089321.1_K04564_80b85b49_with_leader_u26_PF00081_M_to_K04564_192_bounded_29-209|mT_cnidaria	-	181	sp_MnFeSOD_cnidaria_mature	-	202	4.3e-45	146.8	4.1	1	1	8.2e-44	8.2e-44	142.7	4.1	1	202	1	181	1	181	0.92	-
RDEB01000110.1_K04564_86e229fd_with_leader_u26_PF00081_M_to_K04564_193_bounded_29-211|mT_cnidaria	-	183	sp_MnFeSOD_cnidaria_mature	-	202	5e-45	146.7	3.7	1	1	5.1e-44	5.1e-44	143.4	3.7	1	202	1	183	1	183	0.91	-
NW_019218106.1_K04564_a8e289e7_with_leader_u25_PF00081_M_to_K04564_195_bounded_28-211|mT_cnidaria	-	184	sp_MnFeSOD_cnidaria_mature	-	202	1.1e-44	145.5	2.9	1	1	2e-43	2e-43	141.4	2.9	1	202	1	184	1	184	0.91	-
NW_019218106.1_K04564_a8e289e7_with_leader_u26_PF00081_M_to_K04564_195_bounded_29-212|mT_cnidaria	-	184	sp_MnFeSOD_cnidaria_mature	-	202	1.1e-44	145.5	2.9	1	1	2e-43	2e-43	141.4	2.9	1	202	1	184	1	184	0.91	-
NW_018384609.1_K04564_9ada1ad3_with_leader_u26_PF00081_M_to_K04564_193_bounded_29-212|mT_cnidaria	-	184	sp_MnFeSOD_cnidaria_mature	-	202	2e-44	144.7	5.2	1	1	2.4e-43	2.4e-43	141.1	5.2	1	202	1	184	1	184	0.91	-
NC_090883.1_K04564_15cd5c3b_with_leader_u26_PF00081_M_to_K04564_193_bounded_29-211|mT_cnidaria	-	183	sp_MnFeSOD_cnidaria_mature	-	202	3e-44	144.1	3.8	1	1	3e-43	3e-43	140.8	3.8	1	202	1	183	1	183	0.91	-
NC_088930.1_K04564_c6107477_with_leader_u22_PF00081_M_to_K04564_203_bounded_25-208|mT_cnidaria	-	184	sp_MnFeSOD_cnidaria_mature	-	202	2.9e-43	140.9	2.4	1	1	1.6e-42	1.6e-42	138.5	2.4	1	202	1	184	1	184	0.90	-
NW_021163057.1_K04564_58bba69c_with_leader_u28_PF00081_M_to_K04564_194_bounded_31-214|mT_cnidaria	-	184	sp_MnFeSOD_cnidaria_mature	-	202	1.5e-42	138.5	3.5	1	1	2.9e-41	2.9e-41	134.4	3.5	1	202	1	184	1	184	0.93	-
NW_025813402.1_K04564_d3bead77_with_leader_u26_PF00081_M_to_K04564_194_bounded_29-212|mT_cnidaria	-	184	sp_MnFeSOD_cnidaria_mature	-	202	7.8e-41	133.0	4.8	1	1	1.5e-39	1.5e-39	128.7	4.8	1	202	1	184	1	184	0.94	-
BLEZ01003184.1_K04564_dc8bf6ad_with_leader_u27_PF00081_M_to_K04564_194_bounded_30-213|mT_cnidaria	-	184	sp_MnFeSOD_cnidaria_mature	-	202	1.3e-40	132.2	2.9	1	1	1.4e-39	1.4e-39	128.9	2.9	2	202	2	184	1	184	0.90	-
BLFE01002088.1_K04564_10e43317_with_leader_u27_PF00081_M_to_K04564_192_bounded_30-211|mT_cnidaria	-	182	sp_MnFeSOD_cnidaria_mature	-	202	1.5e-40	132.0	3.7	1	1	2.1e-39	2.1e-39	128.3	3.7	2	202	2	182	1	182	0.91	-
JARQWQ010000030.1_K04564_a7361c5a_with_leader_u27_PF00081_M_to_K04564_192_bounded_30-211|mT_cnidaria	-	182	sp_MnFeSOD_cnidaria_mature	-	202	2.1e-40	131.6	3.6	1	1	2.9e-39	2.9e-39	127.8	3.6	2	202	2	182	1	182	0.91	-
NC_058072.1_K04564_d76f083e_with_leader_u27_PF00081_M_to_K04564_192_bounded_30-211|mT_cnidaria	-	182	sp_MnFeSOD_cnidaria_mature	-	202	3.8e-40	130.7	3.7	1	1	5.4e-39	5.4e-39	127.0	3.7	2	202	2	182	1	182	0.91	-
NC_058072.1_K04564_e7306cec_with_leader_u27_PF00081_M_to_K04564_194_bounded_30-213|mT_cnidaria	-	184	sp_MnFeSOD_cnidaria_mature	-	202	6.1e-40	130.0	3.2	1	1	5.9e-39	5.9e-39	126.8	3.2	2	202	2	184	1	184	0.90	-
NC_090047.1_K04564_9ff9e7e6_with_leader_u27_PF00081_M_to_K04564_192_bounded_30-211|mT_cnidaria	-	182	sp_MnFeSOD_cnidaria_mature	-	202	9.8e-40	129.4	3.6	1	1	1.4e-38	1.4e-38	125.6	3.6	2	202	2	182	1	182	0.91	-
BLAZ01000169.1_K04564_9f65b912_with_leader_u27_PF00081_M_to_K04564_192_bounded_30-211|mT_cnidaria	-	182	sp_MnFeSOD_cnidaria_mature	-	202	3.6e-39	127.5	3.6	1	1	5e-38	5e-38	123.8	3.6	2	202	2	182	1	182	0.91	-
NW_021126546.1_K04564_2e4adbc0_with_leader_u27_PF00081_M_to_K04564_194_bounded_30-213|mT_cnidaria	-	184	sp_MnFeSOD_cnidaria_mature	-	202	2.4e-35	115.0	4.4	1	1	2.5e-34	2.5e-34	111.7	4.4	2	202	2	184	1	184	0.89	-

