protein accession	sequence accession	genome accession	contig accession	pass all	category	hmm model	highest domain score	genome description
MPSW01001707.1_K04564_7b9e297c	MPSW01001707.1_K04564_7b9e297c_with_leader_u26_PF00081_M_to_K04564_199	GCA_001896105.1	MPSW01001707.1	TRUE	mt_cnidaria	mt_MnSOD_cnidaria_mature.hmm	353.4	
RDEB01000110.1_K04564_86e229fd	RDEB01000110.1_K04564_86e229fd_with_leader_u26_PF00081_M_to_K04564_193	GCA_006542545.1	RDEB01000110.1	TRUE	mt_cnidaria	mt_MnSOD_cnidaria_mature.hmm	328.9	
BLAZ01000169.1_K04564_9f65b912	BLAZ01000169.1_K04564_9f65b912_with_leader_u27_PF00081_M_to_K04564_192	GCA_014633955.1	BLAZ01000169.1	TRUE	mt_cnidaria	mt_MnSOD_cnidaria_mature.hmm	321.4	
BLEZ01003184.1_K04564_dc8bf6ad	BLEZ01003184.1_K04564_dc8bf6ad_with_leader_u27_PF00081_M_to_K04564_194	GCA_014633975.1	BLEZ01003184.1	TRUE	mt_cnidaria	mt_MnSOD_cnidaria_mature.hmm	328.5	
BLFE01002088.1_K04564_10e43317	BLFE01002088.1_K04564_10e43317_with_leader_u27_PF00081_M_to_K04564_192	GCA_014634605.1	BLFE01002088.1	TRUE	mt_cnidaria	mt_MnSOD_cnidaria_mature.hmm	323.9	
JAJLRJ010000007.1_K04564_fcb962ee	JAJLRJ010000007.1_K04564_fcb962ee_with_leader_u25_PF00081_M_to_K04564_195	GCA_024195265.1	JAJLRJ010000007.1	TRUE	mt_cnidaria	mt_MnSOD_cnidaria_mature.hmm	364.1	
KAJ7371307.1	KAJ7371307.1_to_K04564_223	GCA_029204205.1	MU826849.1	TRUE	mt_cnidaria	mt_MnSOD_cnidaria_mature.hmm	382.1	
MU826849.1_K04564_291d850d	MU826849.1_K04564_291d850d_with_leader_u26_PF00081_M_to_K04564_196	GCA_029204205.1	MU826849.1	TRUE	mt_cnidaria	mt_MnSOD_cnidaria_mature.hmm	365.2	
JARQWQ010000030.1_K04564_a7361c5a	JARQWQ010000030.1_K04564_a7361c5a_with_leader_u27_PF00081_M_to_K04564_192	GCA_032359415.1	JARQWQ010000030.1	TRUE	mt_cnidaria	mt_MnSOD_cnidaria_mature.hmm	324.5	
JAUJYZ010000740.1_K04564_87e6c451	JAUJYZ010000740.1_K04564_87e6c451_with_leader_u26_PF00081_anchor_M_to_K04564_199	GCA_033675265.1	JAUJYZ010000740.1	TRUE	mt_cnidaria	mt_MnSOD_cnidaria_mature.hmm	349.2	
KAK3736644.1	KAK3736644.1_to_K04564_222	GCA_033675265.1	JAUJYZ010000740.1	TRUE	mt_cnidaria	mt_MnSOD_cnidaria_mature.hmm	371.3	
CM106374.1_K04564_529830d2	CM106374.1_K04564_529830d2_with_leader_u26_PF00081_M_to_K04564_196	GCA_047906015.2	CM106374.1	TRUE	mt_cnidaria	mt_MnSOD_cnidaria_mature.hmm	371.2	
CAH3015114.1	CAH3015114.1_with_leader_u26_PF00081_M_to_K04564_259	GCA_942486025.1	CALNXI010000019.1	TRUE	mt_cnidaria	mt_MnSOD_cnidaria_mature.hmm	381.7	
CAH3015114.1	CAH3015114.1_with_leader_u17_PF00081_M_to_K04564_259	GCA_942486025.1	CALNXI010000019.1	TRUE	mt_cnidaria	mt_MnSOD_cnidaria_mature.hmm	382	
CALNXI010000019.1_K04564_9c58f698	CALNXI010000019.1_K04564_9c58f698_with_leader_u26_PF00081_M_to_K04564_195	GCA_942486025.1	CALNXI010000019.1	TRUE	mt_cnidaria	mt_MnSOD_cnidaria_mature.hmm	362	
CALNXI010000019.1_K04564_9c58f698	CALNXI010000019.1_K04564_9c58f698_with_leader_u17_PF00081_M_to_K04564_195	GCA_942486025.1	CALNXI010000019.1	TRUE	mt_cnidaria	mt_MnSOD_cnidaria_mature.hmm	362.3	
CAH3121122.1	CAH3121122.1_to_K04564_223	GCA_942486035.1	CALNXK010000035.1	TRUE	mt_cnidaria	mt_MnSOD_cnidaria_mature.hmm	382.2	
CAH3121122.1	CAH3121122.1_with_leader_u17_PF00081_M_to_K04564_223	GCA_942486035.1	CALNXK010000035.1	TRUE	mt_cnidaria	mt_MnSOD_cnidaria_mature.hmm	382.5	
CALNXK010000035.1_K04564_4c740ac6	CALNXK010000035.1_K04564_4c740ac6_with_leader_u26_PF00081_M_to_K04564_195	GCA_942486035.1	CALNXK010000035.1	TRUE	mt_cnidaria	mt_MnSOD_cnidaria_mature.hmm	362.6	
CALNXK010000035.1_K04564_4c740ac6	CALNXK010000035.1_K04564_4c740ac6_with_leader_u17_PF00081_M_to_K04564_195	GCA_942486035.1	CALNXK010000035.1	TRUE	mt_cnidaria	mt_MnSOD_cnidaria_mature.hmm	362.8	
CAH3154858.1	CAH3154858.1_to_K04564_223	GCA_942486045.1	CALNXJ010000056.1	TRUE	mt_cnidaria	mt_MnSOD_cnidaria_mature.hmm	383.2	
CALNXJ010000056.1_K04564_bcab822f	CALNXJ010000056.1_K04564_bcab822f_with_leader_u26_PF00081_M_to_K04564_194	GCA_942486045.1	CALNXJ010000056.1	TRUE	mt_cnidaria	mt_MnSOD_cnidaria_mature.hmm	344.4	
OZ116702.1_K04564_7a632fe8	OZ116702.1_K04564_7a632fe8_with_leader_u26_PF00081_M_to_K04564_199	GCA_964199315.1	OZ116702.1	TRUE	mt_cnidaria	mt_MnSOD_cnidaria_mature.hmm	354.8	
NW_001834409.1_K04564_dd4ebe9b	NW_001834409.1_K04564_dd4ebe9b_with_leader_u23_PF00081_M_to_K04564_201	GCF_000209225.1	NW_001834409.1	TRUE	mt_cnidaria	mt_MnSOD_cnidaria_mature.hmm	356	
XP_001641079.1	XP_001641079.1_to_K04564_220	GCF_000209225.1	NW_001834409.1	TRUE	mt_cnidaria	mt_MnSOD_cnidaria_mature.hmm	374.3	
NW_018384609.1_K04564_9ada1ad3	NW_018384609.1_K04564_9ada1ad3_with_leader_u26_PF00081_M_to_K04564_193	GCF_001417965.1	NW_018384609.1	TRUE	mt_cnidaria	mt_MnSOD_cnidaria_mature.hmm	338.8	
XP_020892835.1	XP_020892835.1_to_K04564_222	GCF_001417965.1	NW_018384609.1	TRUE	mt_cnidaria	mt_MnSOD_cnidaria_mature.hmm	372.3	
NW_018149988.1_K04564_d6a2d83a	NW_018149988.1_K04564_d6a2d83a_with_leader_u26_PF00081_M_to_K04564_199	GCF_002042975.1	NW_018149988.1	TRUE	mt_cnidaria	mt_MnSOD_cnidaria_mature.hmm	353.4	
XP_020624989.1	XP_020624989.1_to_K04564_224	GCF_002042975.1	NW_018149988.1	TRUE	mt_cnidaria	mt_MnSOD_cnidaria_mature.hmm	380.9	
NW_019218106.1_K04564_a8e289e7	NW_019218106.1_K04564_a8e289e7_with_leader_u26_PF00081_M_to_K04564_195	GCF_002571385.2	NW_019218106.1	TRUE	mt_cnidaria	mt_MnSOD_cnidaria_mature.hmm	342	
NW_019218106.1_K04564_a8e289e7	NW_019218106.1_K04564_a8e289e7_with_leader_u25_PF00081_M_to_K04564_195	GCF_002571385.2	NW_019218106.1	TRUE	mt_cnidaria	mt_MnSOD_cnidaria_mature.hmm	342.1	
XP_022799031.1	XP_022799031.1_to_K04564_223	GCF_002571385.2	NW_019218106.1	TRUE	mt_cnidaria	mt_MnSOD_cnidaria_mature.hmm	379.1	
XP_022799031.1	XP_022799031.1_with_leader_u25_PF00081_M_to_K04564_223	GCF_002571385.2	NW_019218106.1	TRUE	mt_cnidaria	mt_MnSOD_cnidaria_mature.hmm	379.2	
NW_020845403.1_K04564_b41b5453	NW_020845403.1_K04564_b41b5453_with_leader_u26_PF00081_M_to_K04564_204	GCF_003704095.1	NW_020845403.1	TRUE	mt_cnidaria	mt_MnSOD_cnidaria_mature.hmm	342.9	
NW_021126546.1_K04564_2e4adbc0	NW_021126546.1_K04564_2e4adbc0_with_leader_u27_PF00081_M_to_K04564_194	GCF_004143615.1	NW_021126546.1	TRUE	mt_cnidaria	mt_MnSOD_cnidaria_mature.hmm	301.5	
NW_021163057.1_K04564_58bba69c	NW_021163057.1_K04564_58bba69c_with_leader_u28_PF00081_M_to_K04564_194	GCF_004324835.1	NW_021163057.1	TRUE	mt_cnidaria	mt_MnSOD_cnidaria_mature.hmm	320.1	
XP_028405302.1	XP_028405302.1_with_leader_u28_PF00081_M_to_K04564_175	GCF_004324835.1	NW_021163057.1	TRUE	mt_cnidaria	mt_MnSOD_cnidaria_mature.hmm	356.1	
NW_022259326.1_K04564_c5c784a5	NW_022259326.1_K04564_c5c784a5_with_leader_u26_PF00081_M_to_K04564_204	GCF_009602425.1	NW_022259326.1	TRUE	mt_cnidaria	mt_MnSOD_cnidaria_mature.hmm	344.5	
XP_031555730.1	XP_031555730.1_to_K04564_223	GCF_009602425.1	NW_022259326.1	TRUE	mt_cnidaria	mt_MnSOD_cnidaria_mature.hmm	377	
XP_065052710.1	XP_065052710.1_to_K04564_221	GCF_013076305.1	NW_027019306.1	TRUE	mt_cnidaria	mt_MnSOD_cnidaria_mature.hmm	363.7	
NC_058072.1_K04564_d76f083e	NC_058072.1_K04564_d76f083e_with_leader_u27_PF00081_M_to_K04564_192	GCF_013753865.1	NC_058072.1	TRUE	mt_cnidaria	mt_MnSOD_cnidaria_mature.hmm	324	
NC_058072.1_K04564_e7306cec	NC_058072.1_K04564_e7306cec_with_leader_u27_PF00081_M_to_K04564_194	GCF_013753865.1	NC_058072.1	TRUE	mt_cnidaria	mt_MnSOD_cnidaria_mature.hmm	328.2	
XP_029200276.2	XP_029200276.2_to_K04564_223	GCF_013753865.1	NC_058072.1	TRUE	mt_cnidaria	mt_MnSOD_cnidaria_mature.hmm	351.3	
XP_044179376.1	XP_044179376.1_to_K04564_223	GCF_013753865.1	NC_058072.1	TRUE	mt_cnidaria	mt_MnSOD_cnidaria_mature.hmm	351.9	
NW_025813402.1_K04564_d3bead77	NW_025813402.1_K04564_d3bead77_with_leader_u26_PF00081_M_to_K04564_194	GCF_021976095.1	NW_025813402.1	TRUE	mt_cnidaria	mt_MnSOD_cnidaria_mature.hmm	315.4	
XP_046848022.1	XP_046848022.1_to_K04564_223	GCF_021976095.1	NW_025813402.1	TRUE	mt_cnidaria	mt_MnSOD_cnidaria_mature.hmm	349.6	
NW_026710474.1_K04564_6393b7b3	NW_026710474.1_K04564_6393b7b3_with_leader_u26_PF00081_M_to_K04564_192	GCF_030620025.1	NW_026710474.1	TRUE	mt_cnidaria	mt_MnSOD_cnidaria_mature.hmm	359.4	
XP_058961470.1	XP_058961470.1_to_K04564_223	GCF_030620025.1	NW_026710474.1	TRUE	mt_cnidaria	mt_MnSOD_cnidaria_mature.hmm	383.2	
NC_090047.1_K04564_9ff9e7e6	NC_090047.1_K04564_9ff9e7e6_with_leader_u27_PF00081_M_to_K04564_192	GCF_036669905.1	NC_090047.1	TRUE	mt_cnidaria	mt_MnSOD_cnidaria_mature.hmm	325.9	
XP_067022095.1	XP_067022095.1_to_K04564_223	GCF_036669905.1	NC_090047.1	TRUE	mt_cnidaria	mt_MnSOD_cnidaria_mature.hmm	353.8	
NC_089321.1_K04564_80b85b49	NC_089321.1_K04564_80b85b49_with_leader_u26_PF00081_M_to_K04564_192	GCF_036669915.1	NC_089321.1	TRUE	mt_cnidaria	mt_MnSOD_cnidaria_mature.hmm	342.6	
NC_090883.1_K04564_15cd5c3b	NC_090883.1_K04564_15cd5c3b_with_leader_u26_PF00081_M_to_K04564_193	GCF_036669925.1	NC_090883.1	TRUE	mt_cnidaria	mt_MnSOD_cnidaria_mature.hmm	328.6	
XP_068741652.1	XP_068741652.1_to_K04564_224	GCF_036669925.1	NC_090883.1	TRUE	mt_cnidaria	mt_MnSOD_cnidaria_mature.hmm	364.2	
NC_090876.1_K04564_d2caed50	NC_090876.1_K04564_d2caed50_with_leader_u26_PF00081_M_to_K04564_193	GCF_036669935.1	NC_090876.1	TRUE	mt_cnidaria	mt_MnSOD_cnidaria_mature.hmm	330.3	
XP_068715352.1	XP_068715352.1_to_K04564_224	GCF_036669935.1	NC_090876.1	TRUE	mt_cnidaria	mt_MnSOD_cnidaria_mature.hmm	366	
NC_088930.1_K04564_c6107477	NC_088930.1_K04564_c6107477_with_leader_u22_PF00081_M_to_K04564_203	GCF_038396675.1	NC_088930.1	TRUE	mt_cnidaria	mt_MnSOD_cnidaria_mature.hmm	316.3	
NP_001296665.1	NP_001296665.1_to_K04564_219	GCF_038396675.1	NC_088930.1	TRUE	mt_cnidaria	mt_MnSOD_cnidaria_mature.hmm	345.6	
NC_064035.1_K04564_e2e0e4b8	NC_064035.1_K04564_e2e0e4b8_with_leader_u23_PF00081_M_to_K04564_201	GCF_932526225.1	NC_064035.1	TRUE	mt_cnidaria	mt_MnSOD_cnidaria_mature.hmm	356	
NC_133203.1_K04564_101605b8	NC_133203.1_K04564_101605b8_with_leader_u26_PF00081_M_to_K04564_195	GCF_958299795.1	NC_133203.1	TRUE	mt_cnidaria	mt_MnSOD_cnidaria_mature.hmm	361.4	
NC_133203.1_K04564_101605b8	NC_133203.1_K04564_101605b8_with_leader_u17_PF00081_M_to_K04564_195	GCF_958299795.1	NC_133203.1	TRUE	mt_cnidaria	mt_MnSOD_cnidaria_mature.hmm	361.6	
XP_073236307.1	XP_073236307.1_to_K04564_223	GCF_958299795.1	NC_133203.1	TRUE	mt_cnidaria	mt_MnSOD_cnidaria_mature.hmm	381.1	
XP_073236307.1	XP_073236307.1_with_leader_u17_PF00081_M_to_K04564_223	GCF_958299795.1	NC_133203.1	TRUE	mt_cnidaria	mt_MnSOD_cnidaria_mature.hmm	381.3	
orbicella_host_TRINITY_DN215728_c1_g2_i1.p1|orbicella_faveolata	orbicella_host_TRINITY_DN215728_c1_g2_i1.p1_with_leader_u26_PF00081_M|orbicella_faveolata			TRUE	mt_cnidaria	mt_MnSOD_cnidaria_mature.hmm	382	orbicella_faveolata
pseudodiploria_host_TRINITY_DN196811_c4_g3_i7.p1|pseudodiploria_clivosa	pseudodiploria_host_TRINITY_DN196811_c4_g3_i7.p1|pseudodiploria_clivosa			TRUE	mt_cnidaria	mt_MnSOD_cnidaria_mature.hmm	384.2	pseudodiploria_clivosa
pseudodiploria_host_TRINITY_DN196811_c4_g3_i7.p1|pseudodiploria_clivosa	pseudodiploria_host_TRINITY_DN196811_c4_g3_i7.p1_with_leader_u26_PF00081_M|pseudodiploria_clivosa			TRUE	mt_cnidaria	mt_MnSOD_cnidaria_mature.hmm	384.4	pseudodiploria_clivosa
siderastrea_host_TRINITY_DN434783_c2_g2_i2.p1|siderastrea_radians	siderastrea_host_TRINITY_DN434783_c2_g2_i2.p1|siderastrea_radians			TRUE	mt_cnidaria	mt_MnSOD_cnidaria_mature.hmm	380.6	siderastrea_radians
siderastrea_host_TRINITY_DN434783_c2_g2_i2.p1|siderastrea_radians	siderastrea_host_TRINITY_DN434783_c2_g2_i2.p1_with_leader_u26_PF00081_M|siderastrea_radians			TRUE	mt_cnidaria	mt_MnSOD_cnidaria_mature.hmm	380.7	siderastrea_radians
MPSW01000651.1_K04564_015d9ebc	MPSW01000651.1_K04564_015d9ebc_with_leader_u38_PF00081_M_to_K04564_193	GCA_001896105.1	MPSW01000651.1	TRUE	sp_cnidaria	sp_MnFeSOD_cnidaria_mature.hmm	317.3	
KAJ7390115.1	KAJ7390115.1_to_K04564_248	GCA_029204205.1	MU825420.1	TRUE	sp_cnidaria	sp_MnFeSOD_cnidaria_mature.hmm	363.1	
MU825420.1_K04564_3d91ab54	MU825420.1_K04564_3d91ab54_with_leader_u34_PF00081_M_to_K04564_198	GCA_029204205.1	MU825420.1	TRUE	sp_cnidaria	sp_MnFeSOD_cnidaria_mature.hmm	316.5	
JAUJYZ010000745.1_K04564_47603ed6	JAUJYZ010000745.1_K04564_47603ed6_with_leader_u31_PF00081_M_to_K04564_191	GCA_033675265.1	JAUJYZ010000745.1	TRUE	sp_cnidaria	sp_MnFeSOD_cnidaria_mature.hmm	293.8	
KAK3736516.1	KAK3736516.1_to_K04564_242	GCA_033675265.1	JAUJYZ010000745.1	TRUE	sp_cnidaria	sp_MnFeSOD_cnidaria_mature.hmm	355.4	
CM106378.1_K04564_64fa28d1	CM106378.1_K04564_64fa28d1_with_leader_u33_PF00081_M_to_K04564_194	GCA_047906015.2	CM106378.1	TRUE	sp_cnidaria	sp_MnFeSOD_cnidaria_mature.hmm	318.9	
CAB3989857.1	CAB3989857.1_to_K04564_245	GCA_902702795.2	CACRXK020001562.1	TRUE	sp_cnidaria	sp_MnFeSOD_cnidaria_mature.hmm	316	
CACRXK020001562.1_K04564_ba438d0e	CACRXK020001562.1_K04564_ba438d0e_with_leader_u35_PF00081_M_to_K04564_192	GCA_902702795.2	CACRXK020001562.1	TRUE	sp_cnidaria	sp_MnFeSOD_cnidaria_mature.hmm	255.4	
CAH3167338.1	CAH3167338.1_to_K04564_247	GCA_942486025.1	CALNXI010001387.1	TRUE	sp_cnidaria	sp_MnFeSOD_cnidaria_mature.hmm	364.7	
CALNXI010001387.1_K04564_b0e36d4a	CALNXI010001387.1_K04564_b0e36d4a_with_leader_u37_PF00081_M_to_K04564_194	GCA_942486025.1	CALNXI010001387.1	TRUE	sp_cnidaria	sp_MnFeSOD_cnidaria_mature.hmm	311.5	
CAH3113625.1	CAH3113625.1_to_K04564_245	GCA_942486035.1	CALNXK010000026.1	TRUE	sp_cnidaria	sp_MnFeSOD_cnidaria_mature.hmm	365.4	
CALNXK010000026.1_K04564_ed584393	CALNXK010000026.1_K04564_ed584393_with_leader_u35_PF00081_anchor_M_to_K04564_204	GCA_942486035.1	CALNXK010000026.1	TRUE	sp_cnidaria	sp_MnFeSOD_cnidaria_mature.hmm	312.9	
CAH3109050.1	CAH3109050.1_to_K04564_247	GCA_942486045.1	CALNXJ010000011.1	TRUE	sp_cnidaria	sp_MnFeSOD_cnidaria_mature.hmm	377.9	
CALNXJ010000011.1_K04564_5e644e17	CALNXJ010000011.1_K04564_5e644e17_with_leader_u36_PF00081_M_to_K04564_197	GCA_942486045.1	CALNXJ010000011.1	TRUE	sp_cnidaria	sp_MnFeSOD_cnidaria_mature.hmm	333.2	
OZ116712.1_K04564_f67ada29	OZ116712.1_K04564_f67ada29_with_leader_u38_PF00081_M_to_K04564_193	GCA_964199315.1	OZ116712.1	TRUE	sp_cnidaria	sp_MnFeSOD_cnidaria_mature.hmm	318.9	
NW_001834379.1_K04564_218b7627	NW_001834379.1_K04564_218b7627_with_leader_u35_PF00081_M_to_K04564_200	GCF_000209225.1	NW_001834379.1	TRUE	sp_cnidaria	sp_MnFeSOD_cnidaria_mature.hmm	285	
XP_032242609.1	XP_032242609.1_to_K04564_248	GCF_000209225.1	NW_001834379.1	TRUE	sp_cnidaria	sp_MnFeSOD_cnidaria_mature.hmm	345.2	
NW_018385051.1_K04564_bf905449	NW_018385051.1_K04564_bf905449_with_leader_u32_PF00081_M_to_K04564_193	GCF_001417965.1	NW_018385051.1	TRUE	sp_cnidaria	sp_MnFeSOD_cnidaria_mature.hmm	284.8	
XP_020896468.1	XP_020896468.1_to_K04564_244	GCF_001417965.1	NW_018385051.1	TRUE	sp_cnidaria	sp_MnFeSOD_cnidaria_mature.hmm	350.3	
NW_018149874.1_K04564_116bcf4d	NW_018149874.1_K04564_116bcf4d_with_leader_u38_PF00081_M_to_K04564_193	GCF_002042975.1	NW_018149874.1	TRUE	sp_cnidaria	sp_MnFeSOD_cnidaria_mature.hmm	317.3	
XP_020623159.1	XP_020623159.1_to_K04564_248	GCF_002042975.1	NW_018149874.1	TRUE	sp_cnidaria	sp_MnFeSOD_cnidaria_mature.hmm	366.8	
NW_019217915.1_K04564_8c7a1a6e	NW_019217915.1_K04564_8c7a1a6e_with_leader_u35_PF00081_M_to_K04564_193	GCF_002571385.2	NW_019217915.1	TRUE	sp_cnidaria	sp_MnFeSOD_cnidaria_mature.hmm	316.8	
XP_022789717.1	XP_022789717.1_to_K04564_246	GCF_002571385.2	NW_019217915.1	TRUE	sp_cnidaria	sp_MnFeSOD_cnidaria_mature.hmm	366.1	
XP_027045969.1	XP_027045969.1_to_K04564_246	GCF_003704095.1	NW_020845583.1	TRUE	sp_cnidaria	sp_MnFeSOD_cnidaria_mature.hmm	378.8	
NW_021163045.1_K04564_93184bc0	NW_021163045.1_K04564_93184bc0_with_leader_u35_PF00081_M_to_K04564_197	GCF_004324835.1	NW_021163045.1	TRUE	sp_cnidaria	sp_MnFeSOD_cnidaria_mature.hmm	262.7	
XP_028402961.1	XP_028402961.1_to_K04564_244	GCF_004324835.1	NW_021163045.1	TRUE	sp_cnidaria	sp_MnFeSOD_cnidaria_mature.hmm	318.5	
XP_065051554.1	XP_065051554.1_to_K04564_243	GCF_013076305.1	NW_027019302.1	TRUE	sp_cnidaria	sp_MnFeSOD_cnidaria_mature.hmm	327	
NW_026709483.1_K04564_f6c44c1b	NW_026709483.1_K04564_f6c44c1b_with_leader_u35_PF00081_M_to_K04564_198	GCF_030620025.1	NW_026709483.1	TRUE	sp_cnidaria	sp_MnFeSOD_cnidaria_mature.hmm	334.2	
XP_058945240.1	XP_058945240.1_to_K04564_246	GCF_030620025.1	NW_026709483.1	TRUE	sp_cnidaria	sp_MnFeSOD_cnidaria_mature.hmm	378.3	
NC_089313.1_K04564_d4ce240d	NC_089313.1_K04564_d4ce240d_with_leader_u35_PF00081_M_to_K04564_197	GCF_036669915.1	NC_089313.1	TRUE	sp_cnidaria	sp_MnFeSOD_cnidaria_mature.hmm	334.4	
XP_058945240.2	XP_058945240.2_to_K04564_246	GCF_036669915.1	NC_089313.1	TRUE	sp_cnidaria	sp_MnFeSOD_cnidaria_mature.hmm	379	
NC_064035.1_K04564_8bf6ddb6	NC_064035.1_K04564_8bf6ddb6_with_leader_u35_PF00081_M_to_K04564_200	GCF_932526225.1	NC_064035.1	TRUE	sp_cnidaria	sp_MnFeSOD_cnidaria_mature.hmm	285	
XP_048580243.1	XP_048580243.1_to_K04564_248	GCF_932526225.1	NC_064035.1	TRUE	sp_cnidaria	sp_MnFeSOD_cnidaria_mature.hmm	345.2	
NC_133214.1_K04564_27a93157	NC_133214.1_K04564_27a93157_with_leader_u37_PF00081_anchor_M_to_K04564_205	GCF_958299795.1	NC_133214.1	TRUE	sp_cnidaria	sp_MnFeSOD_cnidaria_mature.hmm	309.6	
XP_073230536.1	XP_073230536.1_to_K04564_247	GCF_958299795.1	NC_133214.1	TRUE	sp_cnidaria	sp_MnFeSOD_cnidaria_mature.hmm	363.5	
orbicella_host_TRINITY_DN199962_c6_g1_i3.p1|orbicella_faveolata	orbicella_host_TRINITY_DN199962_c6_g1_i3.p1_with_leader_u38_PF00081_M|orbicella_faveolata			TRUE	sp_cnidaria	sp_MnFeSOD_cnidaria_mature.hmm	366	orbicella_faveolata
pseudodiploria_host_TRINITY_DN177525_c0_g4_i17.p2|pseudodiploria_clivosa	pseudodiploria_host_TRINITY_DN177525_c0_g4_i17.p2|pseudodiploria_clivosa			TRUE	sp_cnidaria	sp_MnFeSOD_cnidaria_mature.hmm	367.8	pseudodiploria_clivosa
pseudodiploria_host_TRINITY_DN177525_c0_g4_i7.p1|pseudodiploria_clivosa	pseudodiploria_host_TRINITY_DN177525_c0_g4_i7.p1|pseudodiploria_clivosa			TRUE	sp_cnidaria	sp_MnFeSOD_cnidaria_mature.hmm	367.8	pseudodiploria_clivosa
siderastrea_host_TRINITY_DN422136_c0_g2_i3.p1|siderastrea_radians	siderastrea_host_TRINITY_DN422136_c0_g2_i3.p1_with_leader_u39_PF00081_M|siderastrea_radians			TRUE	sp_cnidaria	sp_MnFeSOD_cnidaria_mature.hmm	361.7	siderastrea_radians
OLP88777.1	OLP88777.1_with_leader_u60_PF00081_M_to_K04564_1935	GCA_001939145.1	LSRX01000795.1	TRUE	sp_ctp_algae	sp_ctp_MnFeSOD_algae_mature.hmm	443.5	
OLP99006.1	OLP99006.1_with_leader_u58_PF00081_M_to_K04564_1204	GCA_001939145.1	LSRX01000377.1	TRUE	sp_ctp_algae	sp_ctp_MnFeSOD_algae_mature.hmm	447.8	
BGPT01000358.1_K04564_070be8c8	BGPT01000358.1_K04564_070be8c8_with_leader_u54_PF00081_M_to_K04564_203	GCA_003297045.1	BGPT01000358.1	TRUE	sp_ctp_algae	sp_ctp_MnFeSOD_algae_mature.hmm	439.4	
BGPT01004387.1_K04564_42ae3337	BGPT01004387.1_K04564_42ae3337_with_leader_u55_PF00081_M_to_K04564_204	GCA_003297045.1	BGPT01004387.1	TRUE	sp_ctp_algae	sp_ctp_MnFeSOD_algae_mature.hmm	452	
CAE7848606.1	CAE7848606.1_with_leader_u60_PF00081_M_to_K04564_997	GCA_905231915.1	CAJNJA010052942.1	TRUE	sp_ctp_algae	sp_ctp_MnFeSOD_algae_mature.hmm	443.5	
CAL1168149.1	CAL1168149.1_to_K04564_258	GCA_947184155.2	CAMXCT020006499.1	TRUE	sp_ctp_algae	sp_ctp_MnFeSOD_algae_mature.hmm	456.3	
CAL1168155.1	CAL1168155.1_to_K04564_293	GCA_947184155.2	CAMXCT020006499.1	TRUE	sp_ctp_algae	sp_ctp_MnFeSOD_algae_mature.hmm	456.9	
CAMXCT020000624.1_K04564_b4735730	CAMXCT020000624.1_K04564_b4735730_with_leader_u53_PF00081_M_to_K04564_203	GCA_947184155.2	CAMXCT020000624.1	TRUE	sp_ctp_algae	sp_ctp_MnFeSOD_algae_mature.hmm	457.5	
CAMXCT020006499.1_K04564_88d2492d	CAMXCT020006499.1_K04564_88d2492d_with_leader_u55_PF00081_M_to_K04564_203	GCA_947184155.2	CAMXCT020006499.1	TRUE	sp_ctp_algae	sp_ctp_MnFeSOD_algae_mature.hmm	456.4	
CAMXCT020006499.1_K04564_c81ee4b4	CAMXCT020006499.1_K04564_c81ee4b4_with_leader_u55_PF00081_M_to_K04564_203	GCA_947184155.2	CAMXCT020006499.1	TRUE	sp_ctp_algae	sp_ctp_MnFeSOD_algae_mature.hmm	457.5	
CAXAMM010040162.1_K04564_a70eaf5e	CAXAMM010040162.1_K04564_a70eaf5e_with_leader_u52_PF00081_M_to_K04564_203	GCA_963969995.1	CAXAMM010040162.1	TRUE	sp_ctp_algae	sp_ctp_MnFeSOD_algae_mature.hmm	455.2	
CAXAMM010040162.1_K04564_f9608fa6	CAXAMM010040162.1_K04564_f9608fa6_with_leader_u52_PF00081_M_to_K04564_203	GCA_963969995.1	CAXAMM010040162.1	TRUE	sp_ctp_algae	sp_ctp_MnFeSOD_algae_mature.hmm	455.2	
CAXAMM010040173.1_K04564_1d3f7085	CAXAMM010040173.1_K04564_1d3f7085_with_leader_u52_PF00081_M_to_K04564_203	GCA_963969995.1	CAXAMM010040173.1	TRUE	sp_ctp_algae	sp_ctp_MnFeSOD_algae_mature.hmm	455.2	
CAXAMM010040173.1_K04564_b38f776c	CAXAMM010040173.1_K04564_b38f776c_with_leader_u52_PF00081_M_to_K04564_203	GCA_963969995.1	CAXAMM010040173.1	TRUE	sp_ctp_algae	sp_ctp_MnFeSOD_algae_mature.hmm	455.2	
CAK9113181.1	CAK9113181.1_to_K04564_257	GCA_963970005.1	CAXAMN010027806.1	TRUE	sp_ctp_algae	sp_ctp_MnFeSOD_algae_mature.hmm	455.1	
CAXAMN010027783.1_K04564_0f8290bd	CAXAMN010027783.1_K04564_0f8290bd_with_leader_u52_PF00081_M_to_K04564_203	GCA_963970005.1	CAXAMN010027783.1	TRUE	sp_ctp_algae	sp_ctp_MnFeSOD_algae_mature.hmm	455.2	
CAXAMN010027783.1_K04564_a5ab1868	CAXAMN010027783.1_K04564_a5ab1868_with_leader_u52_PF00081_M_to_K04564_203	GCA_963970005.1	CAXAMN010027783.1	TRUE	sp_ctp_algae	sp_ctp_MnFeSOD_algae_mature.hmm	455.2	
CAXAMN010027806.1_K04564_b422a675	CAXAMN010027806.1_K04564_b422a675_with_leader_u52_PF00081_M_to_K04564_203	GCA_963970005.1	CAXAMN010027806.1	TRUE	sp_ctp_algae	sp_ctp_MnFeSOD_algae_mature.hmm	455.2	
TRINITY_DN30502_c0_g1_i4.p1|durusdinium_trenchii	TRINITY_DN30502_c0_g1_i4.p1_with_leader_u52_PF00081_M_to_K04564_273|durusdinium_trenchii			TRUE	sp_ctp_algae	sp_ctp_MnFeSOD_algae_mature.hmm	455.1	durusdinium_trenchii
TRINITY_DN30502_c0_g1_i1.p1|durusdinium_trenchii	TRINITY_DN30502_c0_g1_i1.p1_to_K04564_270|durusdinium_trenchii			TRUE	sp_ctp_algae	sp_ctp_MnFeSOD_algae_mature.hmm	454.9	durusdinium_trenchii
TRINITY_DN30502_c0_g1_i1.p1|durusdinium_trenchii	TRINITY_DN30502_c0_g1_i1.p1_with_leader_u52_PF00081_M_to_K04564_270|durusdinium_trenchii			TRUE	sp_ctp_algae	sp_ctp_MnFeSOD_algae_mature.hmm	455.1	durusdinium_trenchii
TRINITY_DN30502_c0_g1_i3.p1|durusdinium_trenchii	TRINITY_DN30502_c0_g1_i3.p1_with_leader_u52_PF00081_M_to_K04564_273|durusdinium_trenchii			TRUE	sp_ctp_algae	sp_ctp_MnFeSOD_algae_mature.hmm	455.1	durusdinium_trenchii
TRINITY_DN30502_c0_g1_i2.p1|durusdinium_trenchii	TRINITY_DN30502_c0_g1_i2.p1_to_K04564_270|durusdinium_trenchii			TRUE	sp_ctp_algae	sp_ctp_MnFeSOD_algae_mature.hmm	454.9	durusdinium_trenchii
TRINITY_DN30502_c0_g1_i2.p1|durusdinium_trenchii	TRINITY_DN30502_c0_g1_i2.p1_with_leader_u52_PF00081_M_to_K04564_270|durusdinium_trenchii			TRUE	sp_ctp_algae	sp_ctp_MnFeSOD_algae_mature.hmm	455.1	durusdinium_trenchii
c_goreaui_TRINITY_DN626_c0_g1_i2.p1|cladocopium_goreaui	c_goreaui_TRINITY_DN626_c0_g1_i2.p1_to_K04564_256|cladocopium_goreaui			TRUE	sp_ctp_algae	sp_ctp_MnFeSOD_algae_mature.hmm	457.2	cladocopium_goreaui
c_goreaui_TRINITY_DN626_c0_g1_i4.p1|cladocopium_goreaui	c_goreaui_TRINITY_DN626_c0_g1_i4.p1_to_K04564_258|cladocopium_goreaui			TRUE	sp_ctp_algae	sp_ctp_MnFeSOD_algae_mature.hmm	457.2	cladocopium_goreaui
orbicella_symb_TRINITY_DN78611_c0_g1_i1.p1|breviolum_faviinorum	orbicella_symb_TRINITY_DN78611_c0_g1_i1.p1_with_leader_u58_PF00081_M_to_K04564_282|breviolum_faviinorum			TRUE	sp_ctp_algae	sp_ctp_MnFeSOD_algae_mature.hmm	448.8	breviolum_faviinorum
orbicella_symb_TRINITY_DN188752_c0_g3_i1.p1|breviolum_faviinorum	orbicella_symb_TRINITY_DN188752_c0_g3_i1.p1_to_K04564_260|breviolum_faviinorum			TRUE	sp_ctp_algae	sp_ctp_MnFeSOD_algae_mature.hmm	457.4	breviolum_faviinorum
orbicella_symb_TRINITY_DN188752_c0_g3_i4.p1|breviolum_faviinorum	orbicella_symb_TRINITY_DN188752_c0_g3_i4.p1_to_K04564_258|breviolum_faviinorum			TRUE	sp_ctp_algae	sp_ctp_MnFeSOD_algae_mature.hmm	456.3	breviolum_faviinorum
orbicella_symb_TRINITY_DN393612_c0_g1_i1.p1|breviolum_faviinorum	orbicella_symb_TRINITY_DN393612_c0_g1_i1.p1_with_leader_u60_PF00081_M_to_K04564_278|breviolum_faviinorum			TRUE	sp_ctp_algae	sp_ctp_MnFeSOD_algae_mature.hmm	440	breviolum_faviinorum
d_trenchii_TRINITY_DN533_c0_g1_i4.p1|durusdinium_trenchii	d_trenchii_TRINITY_DN533_c0_g1_i4.p1_to_K04564_257|durusdinium_trenchii			TRUE	sp_ctp_algae	sp_ctp_MnFeSOD_algae_mature.hmm	455.1	durusdinium_trenchii
evm.model.scf7180000353951.10|cladocopium_goreaui	evm.model.scf7180000353951.10_to_K04564_258|cladocopium_goreaui			TRUE	sp_ctp_algae	sp_ctp_MnFeSOD_algae_mature.hmm	456.3	cladocopium_goreaui
OLP79028.1	OLP79028.1_with_leader_u20_PF00081_M_to_K04564_1017	GCA_001939145.1	LSRX01001534.1	TRUE	sp_algae	sp_MnFeSOD_algae_mature.hmm	431.5	
CAE7445615.1	CAE7445615.1_to_K04564_242	GCA_905221605.1	CAJNDS010002352.1	TRUE	sp_algae	sp_MnFeSOD_algae_mature.hmm	392.3	
CAK9100252.1	CAK9100252.1_to_K04564_230	GCA_963969995.1	CAXAMM010041596.1	TRUE	sp_algae	sp_MnFeSOD_algae_mature.hmm	425.2	
CAK9032107.1	CAK9032107.1_to_K04564_230	GCA_963970005.1	CAXAMN010010569.1	TRUE	sp_algae	sp_MnFeSOD_algae_mature.hmm	425.2	
siderastrea_symb_TRINITY_DN8493_c0_g1_i1.p1|breviolum_b5	siderastrea_symb_TRINITY_DN8493_c0_g1_i1.p1_to_K04564_227|breviolum_b5			TRUE	sp_algae	sp_MnFeSOD_algae_mature.hmm	421.3	breviolum_b5
pseudodiploria_symb_TRINITY_DN348117_c0_g1_i1.p1|symbiodinium_a3	pseudodiploria_symb_TRINITY_DN348117_c0_g1_i1.p1_with_leader_u16_PF00081_M_to_K04564_250|symbiodinium_a3			TRUE	sp_algae	sp_MnFeSOD_algae_mature.hmm	420.5	symbiodinium_a3
orbicella_symb_TRINITY_DN78611_c0_g2_i1.p1|breviolum_faviinorum	orbicella_symb_TRINITY_DN78611_c0_g2_i1.p1_to_K04564_236|breviolum_faviinorum			TRUE	sp_algae	sp_MnFeSOD_algae_mature.hmm	432.5	breviolum_faviinorum
orbicella_symb_TRINITY_DN78611_c0_g2_i1.p1|breviolum_faviinorum	orbicella_symb_TRINITY_DN78611_c0_g2_i1.p1_with_leader_u20_PF00081_M_to_K04564_236|breviolum_faviinorum			TRUE	sp_algae	sp_MnFeSOD_algae_mature.hmm	432.6	breviolum_faviinorum
d_trenchii_TRINITY_DN32906_c0_g1_i1.p1|durusdinium_trenchii	d_trenchii_TRINITY_DN32906_c0_g1_i1.p1_with_leader_u21_PF00081_M_to_K04564_249|durusdinium_trenchii			TRUE	sp_algae	sp_MnFeSOD_algae_mature.hmm	425.2	durusdinium_trenchii