detection_type	detection_method	batch	query_accession	query_database	query_type	target_accession	target_database	target_type	target_model	query_start	query_end	target_start	target_end	evalue	bitscore	bitscore_threshold	custom_metric_name	custom_metric_value
sequence	other	20261004_47ed47a1	CAH3140156.1	_		traf6_binding_permissive	Motif		PEQPSV	285	291	1	6					
sequence	other	20261004_47ed47a1	CAH3140156.1	_		traf2_binding_strict	Motif		PEQPS	285	290	1	5					
sequence	other	20261004_47ed47a1	CAH3140156.1	_		traf2_binding_variant	Motif		PEQPS	285	290	1	5					
sequence	other	20261004_47ed47a1	CAH3140156.1	_		traf2_binding_permissive	Motif		PPPNLPA	46	53	1	7					
sequence	other	20261004_47ed47a1	CAH3140156.1	_		traf2_binding_permissive	Motif		PSKNDET	273	280	1	7					
sequence	other	20261004_47ed47a1	CAH3140156.1	_		traf2_binding_permissive	Motif		PEQPS	285	290	1	5					
sequence	other	20261004_47ed47a1	CAH3162589.1	_		traf6_binding_permissive	Motif		PEQQQI	258	264	1	6					
sequence	other	20261004_47ed47a1	CAH3162589.1	_		traf6_binding_permissive	Motif		PEQRLE	498	504	1	6					
sequence	other	20261004_47ed47a1	CAH3162589.1	_		traf2_binding_variant	Motif		PNNTD	122	127	1	5					
sequence	other	20261004_47ed47a1	CAH3162589.1	_		traf2_binding_permissive	Motif		PPANLPA	46	53	1	7					
sequence	other	20261004_47ed47a1	CAH3162589.1	_		traf2_binding_permissive	Motif		PNNTD	122	127	1	5					
sequence	other	20261004_47ed47a1	CAH3162589.1	_		traf2_binding_permissive	Motif		PEQQQIE	258	265	1	7					
sequence	other	20261004_47ed47a1	CAH3162589.1	_		traf2_binding_permissive	Motif		PIHQVQG	394	401	1	7					
sequence	other	20261004_47ed47a1	CAH3162589.1	_		traf2_binding_permissive	Motif		PKGEGT	438	444	1	6					
sequence	other	20261004_47ed47a1	CAH3162589.1	_		traf2_binding_permissive	Motif		PMNQVQG	445	452	1	7					
sequence	other	20261004_47ed47a1	CAH3162589.1	_		traf2_binding_permissive	Motif		PEQRLE	498	504	1	6					
sequence	other	20261004_47ed47a1	CAH3186422.1	_		traf6_binding_permissive	Motif		PLEGTI	301	307	1	6					
sequence	other	20261004_47ed47a1	CAH3186422.1	_		traf6_binding_permissive	Motif		PLELLI	337	343	1	6					
sequence	other	20261004_47ed47a1	CAH3186422.1	_		traf2_binding_strict	Motif		PLEGT	301	306	1	5					
sequence	other	20261004_47ed47a1	CAH3186422.1	_		traf2_binding_variant	Motif		PLEGT	301	306	1	5					
sequence	other	20261004_47ed47a1	CAH3186422.1	_		traf2_binding_permissive	Motif		PPTNLPA	46	53	1	7					
sequence	other	20261004_47ed47a1	CAH3186422.1	_		traf2_binding_permissive	Motif		PPLEGT	300	306	1	6					
sequence	other	20261004_47ed47a1	CAH3186422.1	_		traf2_binding_permissive	Motif		PAGELE	708	714	1	6					
sequence	other	20261004_47ed47a1	CAH3038993.1	_		traf6_binding_permissive	Motif		PGESSR	479	485	1	6					
sequence	other	20261004_47ed47a1	CAH3038993.1	_		traf2_binding_strict	Motif		PGESS	479	484	1	5					
sequence	other	20261004_47ed47a1	CAH3038993.1	_		traf2_binding_variant	Motif		PGESS	479	484	1	5					
sequence	other	20261004_47ed47a1	CAH3038993.1	_		traf2_binding_variant	Motif		PAEID	526	531	1	5					
sequence	other	20261004_47ed47a1	CAH3038993.1	_		traf2_binding_permissive	Motif		PGLQLWD	43	50	1	7					
sequence	other	20261004_47ed47a1	CAH3038993.1	_		traf2_binding_permissive	Motif		PVHQSYD	72	79	1	7					
sequence	other	20261004_47ed47a1	CAH3038993.1	_		traf2_binding_permissive	Motif		PRVEATG	283	290	1	7					
sequence	other	20261004_47ed47a1	CAH3038993.1	_		traf2_binding_permissive	Motif		PRVEDVT	338	345	1	7					
sequence	other	20261004_47ed47a1	CAH3038993.1	_		traf2_binding_permissive	Motif		PGESS	479	484	1	5					
sequence	other	20261004_47ed47a1	CAH3038993.1	_		traf2_binding_permissive	Motif		PAEIDG	526	532	1	6					
sequence	other	20261004_47ed47a1	CAH3170146.1	_		traf6_binding_strict	Motif		PSERLE	266	272	1	6					
sequence	other	20261004_47ed47a1	CAH3170146.1	_		traf6_binding_strict	Motif		PPEDVE	704	710	1	6					
sequence	other	20261004_47ed47a1	CAH3170146.1	_		traf6_binding_permissive	Motif		PSERLE	266	272	1	6					
sequence	other	20261004_47ed47a1	CAH3170146.1	_		traf6_binding_permissive	Motif		PSQVVK	556	562	1	6					
sequence	other	20261004_47ed47a1	CAH3170146.1	_		traf6_binding_permissive	Motif		PPEDVE	704	710	1	6					
sequence	other	20261004_47ed47a1	CAH3170146.1	_		traf2_binding_strict	Motif		PEQPS	278	283	1	5					
sequence	other	20261004_47ed47a1	CAH3170146.1	_		traf2_binding_variant	Motif		PEQPS	278	283	1	5					
sequence	other	20261004_47ed47a1	CAH3170146.1	_		traf2_binding_permissive	Motif		PPANLPA	46	53	1	7					
sequence	other	20261004_47ed47a1	CAH3170146.1	_		traf2_binding_permissive	Motif		PQVESA	258	264	1	6					
sequence	other	20261004_47ed47a1	CAH3170146.1	_		traf2_binding_permissive	Motif		PSERLE	266	272	1	6					
sequence	other	20261004_47ed47a1	CAH3170146.1	_		traf2_binding_permissive	Motif		PPEQPSA	277	284	1	7					
sequence	other	20261004_47ed47a1	CAH3170146.1	_		traf2_binding_permissive	Motif		PQVQGS	421	427	1	6					
sequence	other	20261004_47ed47a1	CAH3170146.1	_		traf2_binding_permissive	Motif		PAMELVE	427	434	1	7					
sequence	other	20261004_47ed47a1	CAH3170146.1	_		traf2_binding_permissive	Motif		PPPEDVE	703	710	1	7					
sequence	other	20261004_47ed47a1	CAH3170146.1	_		traf2_binding_permissive	Motif		PYTEVQS	794	801	1	7					
sequence	other	20261004_47ed47a1	CAH3178994.1	_		traf6_binding_strict	Motif		PGEMEE	37	43	1	6					
sequence	other	20261004_47ed47a1	CAH3178994.1	_		traf6_binding_permissive	Motif		PGEMEE	37	43	1	6					
sequence	other	20261004_47ed47a1	CAH3178994.1	_		traf2_binding_variant	Motif		PGEME	37	42	1	5					
sequence	other	20261004_47ed47a1	CAH3178994.1	_		traf2_binding_permissive	Motif		PGEMEE	37	43	1	6					
sequence	other	20261004_47ed47a1	XP_032226980.1	_		traf2_binding_variant	Motif		PNNNT	109	114	1	5					
sequence	other	20261004_47ed47a1	XP_032226980.1	_		traf2_binding_permissive	Motif		PNNNTIA	109	116	1	7					
sequence	other	20261004_47ed47a1	XP_015768823.1	_		traf6_binding_strict	Motif		PDEDED	106	112	1	6					
sequence	other	20261004_47ed47a1	XP_015768823.1	_		traf6_binding_permissive	Motif		PDEDED	106	112	1	6					
sequence	other	20261004_47ed47a1	XP_015768823.1	_		traf2_binding_variant	Motif		PDEDE	106	111	1	5					
sequence	other	20261004_47ed47a1	XP_015768823.1	_		traf2_binding_permissive	Motif		PDEDED	106	112	1	6					
sequence	other	20261004_47ed47a1	XP_015768823.1	_		traf2_binding_permissive	Motif		PLKEYGE	114	121	1	7					
sequence	other	20261004_47ed47a1	XP_015768823.1	_		traf2_binding_permissive	Motif		PLLESLE	196	203	1	7					
sequence	other	20261004_47ed47a1	XP_044171261.1	_		traf6_binding_permissive	Motif		PEQGSE	200	206	1	6					
sequence	other	20261004_47ed47a1	XP_044171261.1	_		traf2_binding_strict	Motif		PSETT	123	128	1	5					
sequence	other	20261004_47ed47a1	XP_044171261.1	_		traf2_binding_strict	Motif		PEQGS	200	205	1	5					
sequence	other	20261004_47ed47a1	XP_044171261.1	_		traf2_binding_variant	Motif		PSETT	123	128	1	5					
sequence	other	20261004_47ed47a1	XP_044171261.1	_		traf2_binding_variant	Motif		PPEQG	199	204	1	5					
sequence	other	20261004_47ed47a1	XP_044171261.1	_		traf2_binding_permissive	Motif		PTLESLE	48	55	1	7					
sequence	other	20261004_47ed47a1	XP_044171261.1	_		traf2_binding_permissive	Motif		PSETTT	123	129	1	6					
sequence	other	20261004_47ed47a1	XP_044171261.1	_		traf2_binding_permissive	Motif		PGIQQT	163	169	1	6					
sequence	other	20261004_47ed47a1	XP_044171261.1	_		traf2_binding_permissive	Motif		PPEQGSE	199	206	1	7					
sequence	other	20261004_47ed47a1	XP_044171261.1	_		traf2_binding_permissive	Motif		PVQKMG	212	218	1	6					
sequence	other	20261004_47ed47a1	XP_066019484.1	_		traf6_binding_strict	Motif		PLENPE	177	183	1	6					
sequence	other	20261004_47ed47a1	XP_066019484.1	_		traf6_binding_permissive	Motif		PLENPE	177	183	1	6					
sequence	other	20261004_47ed47a1	XP_066019484.1	_		traf6_binding_permissive	Motif		PEEQNK	298	304	1	6					
sequence	other	20261004_47ed47a1	XP_066019484.1	_		traf6_binding_permissive	Motif		PSENKR	557	563	1	6					
sequence	other	20261004_47ed47a1	XP_066019484.1	_		traf6_binding_permissive	Motif		PSERKR	705	711	1	6					
sequence	other	20261004_47ed47a1	XP_066019484.1	_		traf6_binding_permissive	Motif		PTEMLR	1304	1310	1	6					
sequence	other	20261004_47ed47a1	XP_066019484.1	_		traf2_binding_variant	Motif		PLNVE	716	721	1	5					
sequence	other	20261004_47ed47a1	XP_066019484.1	_		traf2_binding_variant	Motif		PGNIS	1047	1052	1	5					
sequence	other	20261004_47ed47a1	XP_066019484.1	_		traf2_binding_permissive	Motif		PLENPEA	177	184	1	7					
sequence	other	20261004_47ed47a1	XP_066019484.1	_		traf2_binding_permissive	Motif		PEGELE	526	532	1	6					
sequence	other	20261004_47ed47a1	XP_066019484.1	_		traf2_binding_permissive	Motif		PSENKRT	557	564	1	7					
sequence	other	20261004_47ed47a1	XP_066019484.1	_		traf2_binding_permissive	Motif		PSDEDLE	607	614	1	7					
sequence	other	20261004_47ed47a1	XP_066019484.1	_		traf2_binding_permissive	Motif		PLVNRTD	677	684	1	7					
sequence	other	20261004_47ed47a1	XP_066019484.1	_		traf2_binding_permissive	Motif		PLNVE	716	721	1	5					
sequence	other	20261004_47ed47a1	XP_066019484.1	_		traf2_binding_permissive	Motif		PFQKMT	1010	1016	1	6					
sequence	other	20261004_47ed47a1	XP_066019484.1	_		traf2_binding_permissive	Motif		PGNIS	1047	1052	1	5					
sequence	other	20261004_47ed47a1	XP_066019484.1	_		traf2_binding_permissive	Motif		PKAEST	1314	1320	1	6					
sequence	other	20261004_47ed47a1	XP_066019484.1	_		traf2_binding_permissive	Motif		PLNEHGS	1327	1334	1	7					
sequence	other	20261004_47ed47a1	XP_066019484.1	_		traf2_binding_permissive	Motif		PTPQSLS	1349	1356	1	7					
sequence	other	20261004_47ed47a1	XP_066019484.1	_		traf2_binding_permissive	Motif		PSLEHLD	1438	1445	1	7					
sequence	other	20261004_47ed47a1	XP_066019484.1	_		traf2_binding_permissive	Motif		PEEEWPS	1510	1517	1	7					
sequence	other	20261004_47ed47a1	XP_066019485.1	_		traf6_binding_strict	Motif		PLENPE	177	183	1	6					
sequence	other	20261004_47ed47a1	XP_066019485.1	_		traf6_binding_permissive	Motif		PLENPE	177	183	1	6					
sequence	other	20261004_47ed47a1	XP_066019485.1	_		traf6_binding_permissive	Motif		PEEQNK	298	304	1	6					
sequence	other	20261004_47ed47a1	XP_066019485.1	_		traf6_binding_permissive	Motif		PSENKR	557	563	1	6					
sequence	other	20261004_47ed47a1	XP_066019485.1	_		traf6_binding_permissive	Motif		PSERKR	705	711	1	6					
sequence	other	20261004_47ed47a1	XP_066019485.1	_		traf6_binding_permissive	Motif		PTEMLR	1304	1310	1	6					
sequence	other	20261004_47ed47a1	XP_066019485.1	_		traf2_binding_variant	Motif		PLNVE	716	721	1	5					
sequence	other	20261004_47ed47a1	XP_066019485.1	_		traf2_binding_variant	Motif		PGNIS	1047	1052	1	5					
sequence	other	20261004_47ed47a1	XP_066019485.1	_		traf2_binding_permissive	Motif		PLENPEA	177	184	1	7					
sequence	other	20261004_47ed47a1	XP_066019485.1	_		traf2_binding_permissive	Motif		PEGELE	526	532	1	6					
sequence	other	20261004_47ed47a1	XP_066019485.1	_		traf2_binding_permissive	Motif		PSENKRT	557	564	1	7					
sequence	other	20261004_47ed47a1	XP_066019485.1	_		traf2_binding_permissive	Motif		PSDEDLE	607	614	1	7					
sequence	other	20261004_47ed47a1	XP_066019485.1	_		traf2_binding_permissive	Motif		PLVNRTD	677	684	1	7					
sequence	other	20261004_47ed47a1	XP_066019485.1	_		traf2_binding_permissive	Motif		PLNVE	716	721	1	5					
sequence	other	20261004_47ed47a1	XP_066019485.1	_		traf2_binding_permissive	Motif		PFQKMT	1010	1016	1	6					
sequence	other	20261004_47ed47a1	XP_066019485.1	_		traf2_binding_permissive	Motif		PGNIS	1047	1052	1	5					
sequence	other	20261004_47ed47a1	XP_066019485.1	_		traf2_binding_permissive	Motif		PKAEST	1314	1320	1	6					
sequence	other	20261004_47ed47a1	XP_066019485.1	_		traf2_binding_permissive	Motif		PLNEHGS	1327	1334	1	7					
sequence	other	20261004_47ed47a1	XP_066019485.1	_		traf2_binding_permissive	Motif		PTPQSLS	1349	1356	1	7					
sequence	other	20261004_47ed47a1	XP_066019485.1	_		traf2_binding_permissive	Motif		PSLEHLD	1438	1445	1	7					
sequence	other	20261004_47ed47a1	XP_066019486.1	_		traf6_binding_strict	Motif		PLENPE	177	183	1	6					
sequence	other	20261004_47ed47a1	XP_066019486.1	_		traf6_binding_permissive	Motif		PLENPE	177	183	1	6					
sequence	other	20261004_47ed47a1	XP_066019486.1	_		traf6_binding_permissive	Motif		PEEQNK	298	304	1	6					
sequence	other	20261004_47ed47a1	XP_066019486.1	_		traf6_binding_permissive	Motif		PSENKR	557	563	1	6					
sequence	other	20261004_47ed47a1	XP_066019486.1	_		traf6_binding_permissive	Motif		PSERKR	705	711	1	6					
sequence	other	20261004_47ed47a1	XP_066019486.1	_		traf6_binding_permissive	Motif		PTEMLR	1304	1310	1	6					
sequence	other	20261004_47ed47a1	XP_066019486.1	_		traf2_binding_variant	Motif		PLNVE	716	721	1	5					
sequence	other	20261004_47ed47a1	XP_066019486.1	_		traf2_binding_variant	Motif		PGNIS	1047	1052	1	5					
sequence	other	20261004_47ed47a1	XP_066019486.1	_		traf2_binding_permissive	Motif		PLENPEA	177	184	1	7					
sequence	other	20261004_47ed47a1	XP_066019486.1	_		traf2_binding_permissive	Motif		PEGELE	526	532	1	6					
sequence	other	20261004_47ed47a1	XP_066019486.1	_		traf2_binding_permissive	Motif		PSENKRT	557	564	1	7					
sequence	other	20261004_47ed47a1	XP_066019486.1	_		traf2_binding_permissive	Motif		PSDEDLE	607	614	1	7					
sequence	other	20261004_47ed47a1	XP_066019486.1	_		traf2_binding_permissive	Motif		PLVNRTD	677	684	1	7					
sequence	other	20261004_47ed47a1	XP_066019486.1	_		traf2_binding_permissive	Motif		PLNVE	716	721	1	5					
sequence	other	20261004_47ed47a1	XP_066019486.1	_		traf2_binding_permissive	Motif		PFQKMT	1010	1016	1	6					
sequence	other	20261004_47ed47a1	XP_066019486.1	_		traf2_binding_permissive	Motif		PGNIS	1047	1052	1	5					
sequence	other	20261004_47ed47a1	XP_066019486.1	_		traf2_binding_permissive	Motif		PKAEST	1314	1320	1	6					
sequence	other	20261004_47ed47a1	XP_066019486.1	_		traf2_binding_permissive	Motif		PLNEHGS	1327	1334	1	7					
sequence	other	20261004_47ed47a1	XP_066019486.1	_		traf2_binding_permissive	Motif		PTPQSLS	1349	1356	1	7					
sequence	other	20261004_47ed47a1	XP_066019486.1	_		traf2_binding_permissive	Motif		PSLEHLD	1438	1445	1	7					
sequence	other	20261004_47ed47a1	XP_068685335.1	_		traf6_binding_strict	Motif		PLEVPE	667	673	1	6					
sequence	other	20261004_47ed47a1	XP_068685335.1	_		traf6_binding_permissive	Motif		PNEGEV	349	355	1	6					
sequence	other	20261004_47ed47a1	XP_068685335.1	_		traf6_binding_permissive	Motif		PLEVPE	667	673	1	6					
sequence	other	20261004_47ed47a1	XP_068685335.1	_		traf6_binding_permissive	Motif		PKQRNV	844	850	1	6					
sequence	other	20261004_47ed47a1	XP_068685335.1	_		traf2_binding_variant	Motif		PNEGE	349	354	1	5					
sequence	other	20261004_47ed47a1	XP_068685335.1	_		traf2_binding_permissive	Motif		PNEGE	349	354	1	5					
sequence	other	20261004_47ed47a1	XP_068685335.1	_		traf2_binding_permissive	Motif		PLEVPE	667	673	1	6					
sequence	other	20261004_47ed47a1	XP_068685335.1	_		traf2_binding_permissive	Motif		PKNRWS	788	794	1	6					
sequence	other	20261004_47ed47a1	XP_068685335.1	_		traf2_binding_permissive	Motif		PKNRWS	813	819	1	6					
sequence	other	20261004_47ed47a1	XP_068686007.1	_		traf6_binding_strict	Motif		PLEVPE	667	673	1	6					
sequence	other	20261004_47ed47a1	XP_068686007.1	_		traf6_binding_permissive	Motif		PNEGEV	349	355	1	6					
sequence	other	20261004_47ed47a1	XP_068686007.1	_		traf6_binding_permissive	Motif		PLEVPE	667	673	1	6					
sequence	other	20261004_47ed47a1	XP_068686007.1	_		traf6_binding_permissive	Motif		PKQRNV	819	825	1	6					
sequence	other	20261004_47ed47a1	XP_068686007.1	_		traf2_binding_variant	Motif		PNEGE	349	354	1	5					
sequence	other	20261004_47ed47a1	XP_068686007.1	_		traf2_binding_permissive	Motif		PNEGE	349	354	1	5					
sequence	other	20261004_47ed47a1	XP_068686007.1	_		traf2_binding_permissive	Motif		PLEVPE	667	673	1	6					
sequence	other	20261004_47ed47a1	XP_068686007.1	_		traf2_binding_permissive	Motif		PKNRWS	788	794	1	6					
sequence	other	20261004_47ed47a1	XP_068686659.1	_		traf6_binding_strict	Motif		PLEVPE	581	587	1	6					
sequence	other	20261004_47ed47a1	XP_068686659.1	_		traf6_binding_permissive	Motif		PNEGEV	263	269	1	6					
sequence	other	20261004_47ed47a1	XP_068686659.1	_		traf6_binding_permissive	Motif		PLEVPE	581	587	1	6					
sequence	other	20261004_47ed47a1	XP_068686659.1	_		traf6_binding_permissive	Motif		PKQRNV	758	764	1	6					
sequence	other	20261004_47ed47a1	XP_068686659.1	_		traf2_binding_variant	Motif		PNEGE	263	268	1	5					
sequence	other	20261004_47ed47a1	XP_068686659.1	_		traf2_binding_permissive	Motif		PNEGE	263	268	1	5					
sequence	other	20261004_47ed47a1	XP_068686659.1	_		traf2_binding_permissive	Motif		PLEVPE	581	587	1	6					
sequence	other	20261004_47ed47a1	XP_068686659.1	_		traf2_binding_permissive	Motif		PKNRWS	702	708	1	6					
sequence	other	20261004_47ed47a1	XP_068686659.1	_		traf2_binding_permissive	Motif		PKNRWS	727	733	1	6					
sequence	other	20261004_47ed47a1	XP_068688486.1	_		traf6_binding_permissive	Motif		PDQLSD	1220	1226	1	6					
sequence	other	20261004_47ed47a1	XP_068688486.1	_		traf2_binding_strict	Motif		PDQLS	1220	1225	1	5					
sequence	other	20261004_47ed47a1	XP_068688486.1	_		traf2_binding_variant	Motif		PEEIG	133	138	1	5					
sequence	other	20261004_47ed47a1	XP_068688486.1	_		traf2_binding_variant	Motif		PKQSD	383	388	1	5					
sequence	other	20261004_47ed47a1	XP_068688486.1	_		traf2_binding_variant	Motif		PDQLS	1220	1225	1	5					
sequence	other	20261004_47ed47a1	XP_068688486.1	_		traf2_binding_permissive	Motif		PEEIG	133	138	1	5					
sequence	other	20261004_47ed47a1	XP_068688486.1	_		traf2_binding_permissive	Motif		PKQSDA	383	389	1	6					
sequence	other	20261004_47ed47a1	XP_068688486.1	_		traf2_binding_permissive	Motif		PEQLNG	486	492	1	6					
sequence	other	20261004_47ed47a1	XP_068688486.1	_		traf2_binding_permissive	Motif		PDGQAHS	1055	1062	1	7					
sequence	other	20261004_47ed47a1	XP_068688486.1	_		traf2_binding_permissive	Motif		PDQLSD	1220	1226	1	6					
sequence	other	20261004_47ed47a1	XP_068688486.1	_		traf2_binding_permissive	Motif		PEDQDE	1454	1460	1	6					
sequence	other	20261004_47ed47a1	XP_068688486.1	_		traf2_binding_permissive	Motif		PGTESNS	1513	1520	1	7					
sequence	other	20261004_47ed47a1	XP_068688486.1	_		traf2_binding_permissive	Motif		PCTQKG	1567	1573	1	6					
sequence	other	20261004_47ed47a1	XP_068688486.1	_		traf2_binding_permissive	Motif		PCNWMS	1580	1586	1	6					
sequence	other	20261004_47ed47a1	XP_068688486.1	_		traf2_binding_permissive	Motif		PNDQVDA	1667	1674	1	7					
sequence	other	20261004_47ed47a1	XP_068688487.1	_		traf6_binding_permissive	Motif		PDQLSD	1194	1200	1	6					
sequence	other	20261004_47ed47a1	XP_068688487.1	_		traf2_binding_strict	Motif		PDQLS	1194	1199	1	5					
sequence	other	20261004_47ed47a1	XP_068688487.1	_		traf2_binding_variant	Motif		PEEIG	133	138	1	5					
sequence	other	20261004_47ed47a1	XP_068688487.1	_		traf2_binding_variant	Motif		PKQSD	383	388	1	5					
sequence	other	20261004_47ed47a1	XP_068688487.1	_		traf2_binding_variant	Motif		PDQLS	1194	1199	1	5					
sequence	other	20261004_47ed47a1	XP_068688487.1	_		traf2_binding_permissive	Motif		PEEIG	133	138	1	5					
sequence	other	20261004_47ed47a1	XP_068688487.1	_		traf2_binding_permissive	Motif		PKQSDA	383	389	1	6					
sequence	other	20261004_47ed47a1	XP_068688487.1	_		traf2_binding_permissive	Motif		PEQLNG	486	492	1	6					
sequence	other	20261004_47ed47a1	XP_068688487.1	_		traf2_binding_permissive	Motif		PDGQAHS	1029	1036	1	7					
sequence	other	20261004_47ed47a1	XP_068688487.1	_		traf2_binding_permissive	Motif		PDQLSD	1194	1200	1	6					
sequence	other	20261004_47ed47a1	XP_068688487.1	_		traf2_binding_permissive	Motif		PEDQDE	1428	1434	1	6					
sequence	other	20261004_47ed47a1	XP_068688487.1	_		traf2_binding_permissive	Motif		PGTESNS	1487	1494	1	7					
sequence	other	20261004_47ed47a1	XP_068688487.1	_		traf2_binding_permissive	Motif		PCTQKG	1541	1547	1	6					
sequence	other	20261004_47ed47a1	XP_068688487.1	_		traf2_binding_permissive	Motif		PCNWMS	1554	1560	1	6					
sequence	other	20261004_47ed47a1	XP_068688487.1	_		traf2_binding_permissive	Motif		PNDQVDA	1641	1648	1	7					
sequence	other	20261004_47ed47a1	XP_068688488.1	_		traf6_binding_permissive	Motif		PDQLSD	1194	1200	1	6					
sequence	other	20261004_47ed47a1	XP_068688488.1	_		traf2_binding_strict	Motif		PDQLS	1194	1199	1	5					
sequence	other	20261004_47ed47a1	XP_068688488.1	_		traf2_binding_variant	Motif		PEEIG	133	138	1	5					
sequence	other	20261004_47ed47a1	XP_068688488.1	_		traf2_binding_variant	Motif		PKQSD	383	388	1	5					
sequence	other	20261004_47ed47a1	XP_068688488.1	_		traf2_binding_variant	Motif		PDQLS	1194	1199	1	5					
sequence	other	20261004_47ed47a1	XP_068688488.1	_		traf2_binding_permissive	Motif		PEEIG	133	138	1	5					
sequence	other	20261004_47ed47a1	XP_068688488.1	_		traf2_binding_permissive	Motif		PKQSDA	383	389	1	6					
sequence	other	20261004_47ed47a1	XP_068688488.1	_		traf2_binding_permissive	Motif		PEQLNG	486	492	1	6					
sequence	other	20261004_47ed47a1	XP_068688488.1	_		traf2_binding_permissive	Motif		PDGQAHS	1029	1036	1	7					
sequence	other	20261004_47ed47a1	XP_068688488.1	_		traf2_binding_permissive	Motif		PDQLSD	1194	1200	1	6					
sequence	other	20261004_47ed47a1	XP_068688488.1	_		traf2_binding_permissive	Motif		PEDQDE	1428	1434	1	6					
sequence	other	20261004_47ed47a1	XP_068688488.1	_		traf2_binding_permissive	Motif		PGTESNS	1487	1494	1	7					
sequence	other	20261004_47ed47a1	XP_068688488.1	_		traf2_binding_permissive	Motif		PCTQKG	1541	1547	1	6					
sequence	other	20261004_47ed47a1	XP_068688488.1	_		traf2_binding_permissive	Motif		PCNWMS	1554	1560	1	6					
sequence	other	20261004_47ed47a1	XP_068688488.1	_		traf2_binding_permissive	Motif		PNDQVDA	1641	1648	1	7					
sequence	other	20261004_47ed47a1	XP_068688489.1	_		traf6_binding_permissive	Motif		PDQLSD	1168	1174	1	6					
sequence	other	20261004_47ed47a1	XP_068688489.1	_		traf2_binding_strict	Motif		PDQLS	1168	1173	1	5					
sequence	other	20261004_47ed47a1	XP_068688489.1	_		traf2_binding_variant	Motif		PEEIG	133	138	1	5					
sequence	other	20261004_47ed47a1	XP_068688489.1	_		traf2_binding_variant	Motif		PKQSD	383	388	1	5					
sequence	other	20261004_47ed47a1	XP_068688489.1	_		traf2_binding_variant	Motif		PDQLS	1168	1173	1	5					
sequence	other	20261004_47ed47a1	XP_068688489.1	_		traf2_binding_permissive	Motif		PEEIG	133	138	1	5					
sequence	other	20261004_47ed47a1	XP_068688489.1	_		traf2_binding_permissive	Motif		PKQSDA	383	389	1	6					
sequence	other	20261004_47ed47a1	XP_068688489.1	_		traf2_binding_permissive	Motif		PEQLNG	486	492	1	6					
sequence	other	20261004_47ed47a1	XP_068688489.1	_		traf2_binding_permissive	Motif		PDGQAHS	1003	1010	1	7					
sequence	other	20261004_47ed47a1	XP_068688489.1	_		traf2_binding_permissive	Motif		PDQLSD	1168	1174	1	6					
sequence	other	20261004_47ed47a1	XP_068688489.1	_		traf2_binding_permissive	Motif		PEDQDE	1402	1408	1	6					
sequence	other	20261004_47ed47a1	XP_068688489.1	_		traf2_binding_permissive	Motif		PGTESNS	1461	1468	1	7					
sequence	other	20261004_47ed47a1	XP_068688489.1	_		traf2_binding_permissive	Motif		PCTQKG	1515	1521	1	6					
sequence	other	20261004_47ed47a1	XP_068688489.1	_		traf2_binding_permissive	Motif		PCNWMS	1528	1534	1	6					
sequence	other	20261004_47ed47a1	XP_068688489.1	_		traf2_binding_permissive	Motif		PNDQVDA	1615	1622	1	7					
sequence	other	20261004_47ed47a1	XP_068699870.1	_		traf6_binding_permissive	Motif		PWQQSE	47	53	1	6					
sequence	other	20261004_47ed47a1	XP_068699870.1	_		traf6_binding_permissive	Motif		PPEHLR	134	140	1	6					
sequence	other	20261004_47ed47a1	XP_068699870.1	_		traf6_binding_permissive	Motif		PPEHLR	697	703	1	6					
sequence	other	20261004_47ed47a1	XP_068699870.1	_		traf2_binding_strict	Motif		PWQQS	47	52	1	5					
sequence	other	20261004_47ed47a1	XP_068699870.1	_		traf2_binding_variant	Motif		PWQQS	47	52	1	5					
sequence	other	20261004_47ed47a1	XP_068699870.1	_		traf2_binding_variant	Motif		PEELG	173	178	1	5					
sequence	other	20261004_47ed47a1	XP_068699870.1	_		traf2_binding_variant	Motif		PEELG	736	741	1	5					
sequence	other	20261004_47ed47a1	XP_068699870.1	_		traf2_binding_permissive	Motif		PSTQCNS	31	38	1	7					
sequence	other	20261004_47ed47a1	XP_068699870.1	_		traf2_binding_permissive	Motif		PWQQSEE	47	54	1	7					
sequence	other	20261004_47ed47a1	XP_068699870.1	_		traf2_binding_permissive	Motif		PEVQIT	90	96	1	6					
sequence	other	20261004_47ed47a1	XP_068699870.1	_		traf2_binding_permissive	Motif		PGYEELE	123	130	1	7					
sequence	other	20261004_47ed47a1	XP_068699870.1	_		traf2_binding_permissive	Motif		PEELG	173	178	1	5					
sequence	other	20261004_47ed47a1	XP_068699870.1	_		traf2_binding_permissive	Motif		PSEALG	446	452	1	6					
sequence	other	20261004_47ed47a1	XP_068699870.1	_		traf2_binding_permissive	Motif		PSQKKA	471	477	1	6					
sequence	other	20261004_47ed47a1	XP_068699870.1	_		traf2_binding_permissive	Motif		PQSQELG	612	619	1	7					
sequence	other	20261004_47ed47a1	XP_068699870.1	_		traf2_binding_permissive	Motif		PEVQIT	653	659	1	6					
sequence	other	20261004_47ed47a1	XP_068699870.1	_		traf2_binding_permissive	Motif		PGYEELE	686	693	1	7					
sequence	other	20261004_47ed47a1	XP_068699870.1	_		traf2_binding_permissive	Motif		PEELG	736	741	1	5					
sequence	other	20261004_47ed47a1	XP_068699870.1	_		traf2_binding_permissive	Motif		PEERKS	811	817	1	6					
sequence	other	20261004_47ed47a1	XP_068699871.1	_		traf6_binding_permissive	Motif		PWQQSE	47	53	1	6					
sequence	other	20261004_47ed47a1	XP_068699871.1	_		traf6_binding_permissive	Motif		PPEHLR	134	140	1	6					
sequence	other	20261004_47ed47a1	XP_068699871.1	_		traf6_binding_permissive	Motif		PPEHLR	697	703	1	6					
sequence	other	20261004_47ed47a1	XP_068699871.1	_		traf2_binding_strict	Motif		PWQQS	47	52	1	5					
sequence	other	20261004_47ed47a1	XP_068699871.1	_		traf2_binding_variant	Motif		PWQQS	47	52	1	5					
sequence	other	20261004_47ed47a1	XP_068699871.1	_		traf2_binding_variant	Motif		PEELG	173	178	1	5					
sequence	other	20261004_47ed47a1	XP_068699871.1	_		traf2_binding_variant	Motif		PEELG	736	741	1	5					
sequence	other	20261004_47ed47a1	XP_068699871.1	_		traf2_binding_permissive	Motif		PSTQCNS	31	38	1	7					
sequence	other	20261004_47ed47a1	XP_068699871.1	_		traf2_binding_permissive	Motif		PWQQSEE	47	54	1	7					
sequence	other	20261004_47ed47a1	XP_068699871.1	_		traf2_binding_permissive	Motif		PEVQIT	90	96	1	6					
sequence	other	20261004_47ed47a1	XP_068699871.1	_		traf2_binding_permissive	Motif		PGYEELE	123	130	1	7					
sequence	other	20261004_47ed47a1	XP_068699871.1	_		traf2_binding_permissive	Motif		PEELG	173	178	1	5					
sequence	other	20261004_47ed47a1	XP_068699871.1	_		traf2_binding_permissive	Motif		PSEALG	446	452	1	6					
sequence	other	20261004_47ed47a1	XP_068699871.1	_		traf2_binding_permissive	Motif		PSQKKA	471	477	1	6					
sequence	other	20261004_47ed47a1	XP_068699871.1	_		traf2_binding_permissive	Motif		PQSQELG	612	619	1	7					
sequence	other	20261004_47ed47a1	XP_068699871.1	_		traf2_binding_permissive	Motif		PEVQIT	653	659	1	6					
sequence	other	20261004_47ed47a1	XP_068699871.1	_		traf2_binding_permissive	Motif		PGYEELE	686	693	1	7					
sequence	other	20261004_47ed47a1	XP_068699871.1	_		traf2_binding_permissive	Motif		PEELG	736	741	1	5					
sequence	other	20261004_47ed47a1	XP_068699871.1	_		traf2_binding_permissive	Motif		PEERKS	811	817	1	6					
sequence	other	20261004_47ed47a1	XP_068699872.1	_		traf6_binding_permissive	Motif		PWQQSE	47	53	1	6					
sequence	other	20261004_47ed47a1	XP_068699872.1	_		traf6_binding_permissive	Motif		PPEHLR	134	140	1	6					
sequence	other	20261004_47ed47a1	XP_068699872.1	_		traf6_binding_permissive	Motif		PPEHLR	697	703	1	6					
sequence	other	20261004_47ed47a1	XP_068699872.1	_		traf2_binding_strict	Motif		PWQQS	47	52	1	5					
sequence	other	20261004_47ed47a1	XP_068699872.1	_		traf2_binding_variant	Motif		PWQQS	47	52	1	5					
sequence	other	20261004_47ed47a1	XP_068699872.1	_		traf2_binding_variant	Motif		PEELG	173	178	1	5					
sequence	other	20261004_47ed47a1	XP_068699872.1	_		traf2_binding_variant	Motif		PEELG	736	741	1	5					
sequence	other	20261004_47ed47a1	XP_068699872.1	_		traf2_binding_permissive	Motif		PSTQCNS	31	38	1	7					
sequence	other	20261004_47ed47a1	XP_068699872.1	_		traf2_binding_permissive	Motif		PWQQSEE	47	54	1	7					
sequence	other	20261004_47ed47a1	XP_068699872.1	_		traf2_binding_permissive	Motif		PEVQIT	90	96	1	6					
sequence	other	20261004_47ed47a1	XP_068699872.1	_		traf2_binding_permissive	Motif		PGYEELE	123	130	1	7					
sequence	other	20261004_47ed47a1	XP_068699872.1	_		traf2_binding_permissive	Motif		PEELG	173	178	1	5					
sequence	other	20261004_47ed47a1	XP_068699872.1	_		traf2_binding_permissive	Motif		PSEALG	446	452	1	6					
sequence	other	20261004_47ed47a1	XP_068699872.1	_		traf2_binding_permissive	Motif		PSQKKA	471	477	1	6					
sequence	other	20261004_47ed47a1	XP_068699872.1	_		traf2_binding_permissive	Motif		PQSQELG	612	619	1	7					
sequence	other	20261004_47ed47a1	XP_068699872.1	_		traf2_binding_permissive	Motif		PEVQIT	653	659	1	6					
sequence	other	20261004_47ed47a1	XP_068699872.1	_		traf2_binding_permissive	Motif		PGYEELE	686	693	1	7					
sequence	other	20261004_47ed47a1	XP_068699872.1	_		traf2_binding_permissive	Motif		PEELG	736	741	1	5					
sequence	other	20261004_47ed47a1	XP_068699872.1	_		traf2_binding_permissive	Motif		PEERKS	811	817	1	6					
sequence	other	20261004_47ed47a1	XP_068699873.1	_		traf6_binding_permissive	Motif		PWQQSE	47	53	1	6					
sequence	other	20261004_47ed47a1	XP_068699873.1	_		traf6_binding_permissive	Motif		PPEHLR	134	140	1	6					
sequence	other	20261004_47ed47a1	XP_068699873.1	_		traf6_binding_permissive	Motif		PPEHLR	697	703	1	6					
sequence	other	20261004_47ed47a1	XP_068699873.1	_		traf2_binding_strict	Motif		PWQQS	47	52	1	5					
sequence	other	20261004_47ed47a1	XP_068699873.1	_		traf2_binding_variant	Motif		PWQQS	47	52	1	5					
sequence	other	20261004_47ed47a1	XP_068699873.1	_		traf2_binding_variant	Motif		PEELG	173	178	1	5					
sequence	other	20261004_47ed47a1	XP_068699873.1	_		traf2_binding_variant	Motif		PEELG	736	741	1	5					
sequence	other	20261004_47ed47a1	XP_068699873.1	_		traf2_binding_permissive	Motif		PSTQCNS	31	38	1	7					
sequence	other	20261004_47ed47a1	XP_068699873.1	_		traf2_binding_permissive	Motif		PWQQSEE	47	54	1	7					
sequence	other	20261004_47ed47a1	XP_068699873.1	_		traf2_binding_permissive	Motif		PEVQIT	90	96	1	6					
sequence	other	20261004_47ed47a1	XP_068699873.1	_		traf2_binding_permissive	Motif		PGYEELE	123	130	1	7					
sequence	other	20261004_47ed47a1	XP_068699873.1	_		traf2_binding_permissive	Motif		PEELG	173	178	1	5					
sequence	other	20261004_47ed47a1	XP_068699873.1	_		traf2_binding_permissive	Motif		PSEALG	446	452	1	6					
sequence	other	20261004_47ed47a1	XP_068699873.1	_		traf2_binding_permissive	Motif		PSQKKA	471	477	1	6					
sequence	other	20261004_47ed47a1	XP_068699873.1	_		traf2_binding_permissive	Motif		PQSQELG	612	619	1	7					
sequence	other	20261004_47ed47a1	XP_068699873.1	_		traf2_binding_permissive	Motif		PEVQIT	653	659	1	6					
sequence	other	20261004_47ed47a1	XP_068699873.1	_		traf2_binding_permissive	Motif		PGYEELE	686	693	1	7					
sequence	other	20261004_47ed47a1	XP_068699873.1	_		traf2_binding_permissive	Motif		PEELG	736	741	1	5					
sequence	other	20261004_47ed47a1	XP_068699873.1	_		traf2_binding_permissive	Motif		PEERKS	811	817	1	6					
sequence	other	20261004_47ed47a1	XP_068699874.1	_		traf6_binding_permissive	Motif		PWQQSE	47	53	1	6					
sequence	other	20261004_47ed47a1	XP_068699874.1	_		traf6_binding_permissive	Motif		PPEHLR	134	140	1	6					
sequence	other	20261004_47ed47a1	XP_068699874.1	_		traf6_binding_permissive	Motif		PPEHLR	697	703	1	6					
sequence	other	20261004_47ed47a1	XP_068699874.1	_		traf2_binding_strict	Motif		PWQQS	47	52	1	5					
sequence	other	20261004_47ed47a1	XP_068699874.1	_		traf2_binding_variant	Motif		PWQQS	47	52	1	5					
sequence	other	20261004_47ed47a1	XP_068699874.1	_		traf2_binding_variant	Motif		PEELG	173	178	1	5					
sequence	other	20261004_47ed47a1	XP_068699874.1	_		traf2_binding_variant	Motif		PEELG	736	741	1	5					
sequence	other	20261004_47ed47a1	XP_068699874.1	_		traf2_binding_permissive	Motif		PSTQCNS	31	38	1	7					
sequence	other	20261004_47ed47a1	XP_068699874.1	_		traf2_binding_permissive	Motif		PWQQSEE	47	54	1	7					
sequence	other	20261004_47ed47a1	XP_068699874.1	_		traf2_binding_permissive	Motif		PEVQIT	90	96	1	6					
sequence	other	20261004_47ed47a1	XP_068699874.1	_		traf2_binding_permissive	Motif		PGYEELE	123	130	1	7					
sequence	other	20261004_47ed47a1	XP_068699874.1	_		traf2_binding_permissive	Motif		PEELG	173	178	1	5					
sequence	other	20261004_47ed47a1	XP_068699874.1	_		traf2_binding_permissive	Motif		PSEALG	446	452	1	6					
sequence	other	20261004_47ed47a1	XP_068699874.1	_		traf2_binding_permissive	Motif		PSQKKA	471	477	1	6					
sequence	other	20261004_47ed47a1	XP_068699874.1	_		traf2_binding_permissive	Motif		PQSQELG	612	619	1	7					
sequence	other	20261004_47ed47a1	XP_068699874.1	_		traf2_binding_permissive	Motif		PEVQIT	653	659	1	6					
sequence	other	20261004_47ed47a1	XP_068699874.1	_		traf2_binding_permissive	Motif		PGYEELE	686	693	1	7					
sequence	other	20261004_47ed47a1	XP_068699874.1	_		traf2_binding_permissive	Motif		PEELG	736	741	1	5					
sequence	other	20261004_47ed47a1	XP_068699874.1	_		traf2_binding_permissive	Motif		PEERKS	811	817	1	6					
sequence	other	20261004_47ed47a1	XP_068699875.1	_		traf6_binding_permissive	Motif		PWQQSE	47	53	1	6					
sequence	other	20261004_47ed47a1	XP_068699875.1	_		traf6_binding_permissive	Motif		PPEHLR	134	140	1	6					
sequence	other	20261004_47ed47a1	XP_068699875.1	_		traf6_binding_permissive	Motif		PPEHLR	697	703	1	6					
sequence	other	20261004_47ed47a1	XP_068699875.1	_		traf2_binding_strict	Motif		PWQQS	47	52	1	5					
sequence	other	20261004_47ed47a1	XP_068699875.1	_		traf2_binding_variant	Motif		PWQQS	47	52	1	5					
sequence	other	20261004_47ed47a1	XP_068699875.1	_		traf2_binding_variant	Motif		PEELG	173	178	1	5					
sequence	other	20261004_47ed47a1	XP_068699875.1	_		traf2_binding_variant	Motif		PEELG	736	741	1	5					
sequence	other	20261004_47ed47a1	XP_068699875.1	_		traf2_binding_permissive	Motif		PSTQCNS	31	38	1	7					
sequence	other	20261004_47ed47a1	XP_068699875.1	_		traf2_binding_permissive	Motif		PWQQSEE	47	54	1	7					
sequence	other	20261004_47ed47a1	XP_068699875.1	_		traf2_binding_permissive	Motif		PEVQIT	90	96	1	6					
sequence	other	20261004_47ed47a1	XP_068699875.1	_		traf2_binding_permissive	Motif		PGYEELE	123	130	1	7					
sequence	other	20261004_47ed47a1	XP_068699875.1	_		traf2_binding_permissive	Motif		PEELG	173	178	1	5					
sequence	other	20261004_47ed47a1	XP_068699875.1	_		traf2_binding_permissive	Motif		PSEALG	446	452	1	6					
sequence	other	20261004_47ed47a1	XP_068699875.1	_		traf2_binding_permissive	Motif		PSQKKA	471	477	1	6					
sequence	other	20261004_47ed47a1	XP_068699875.1	_		traf2_binding_permissive	Motif		PQSQELG	612	619	1	7					
sequence	other	20261004_47ed47a1	XP_068699875.1	_		traf2_binding_permissive	Motif		PEVQIT	653	659	1	6					
sequence	other	20261004_47ed47a1	XP_068699875.1	_		traf2_binding_permissive	Motif		PGYEELE	686	693	1	7					
sequence	other	20261004_47ed47a1	XP_068699875.1	_		traf2_binding_permissive	Motif		PEELG	736	741	1	5					
sequence	other	20261004_47ed47a1	XP_068699875.1	_		traf2_binding_permissive	Motif		PEERKS	811	817	1	6					
sequence	other	20261004_47ed47a1	XP_032226980.2	_		traf2_binding_variant	Motif		PNNNT	109	114	1	5					
sequence	other	20261004_47ed47a1	XP_032226980.2	_		traf2_binding_permissive	Motif		PNNNTIA	109	116	1	7					
sequence	other	20261004_47ed47a1	XP_073228550.1	_		traf6_binding_strict	Motif		PTEYHE	580	586	1	6					
sequence	other	20261004_47ed47a1	XP_073228550.1	_		traf6_binding_permissive	Motif		PTEYHE	580	586	1	6					
sequence	other	20261004_47ed47a1	XP_073228550.1	_		traf2_binding_permissive	Motif		PSLNLPA	46	53	1	7					
sequence	other	20261004_47ed47a1	XP_073228550.1	_		traf2_binding_permissive	Motif		PTEYHE	580	586	1	6					
sequence	other	20261004_47ed47a1	XP_073228553.1	_		traf6_binding_strict	Motif		PSESVE	263	269	1	6					
sequence	other	20261004_47ed47a1	XP_073228553.1	_		traf6_binding_permissive	Motif		PSESVE	263	269	1	6					
sequence	other	20261004_47ed47a1	XP_073228553.1	_		traf6_binding_permissive	Motif		PEQRLE	468	474	1	6					
sequence	other	20261004_47ed47a1	XP_073228553.1	_		traf2_binding_permissive	Motif		PSESVE	263	269	1	6					
sequence	other	20261004_47ed47a1	XP_073228553.1	_		traf2_binding_permissive	Motif		PQEQPSA	274	281	1	7					
sequence	other	20261004_47ed47a1	XP_073228553.1	_		traf2_binding_permissive	Motif		PIHQAQG	415	422	1	7					
sequence	other	20261004_47ed47a1	XP_073228553.1	_		traf2_binding_permissive	Motif		PAKELVE	423	430	1	7					
sequence	other	20261004_47ed47a1	XP_073228553.1	_		traf2_binding_permissive	Motif		PEQRLE	468	474	1	6					
sequence	other	20261004_47ed47a1	XP_073229688.1	_		traf6_binding_strict	Motif		PIEIPE	192	198	1	6					
sequence	other	20261004_47ed47a1	XP_073229688.1	_		traf6_binding_permissive	Motif		PIEIPE	192	198	1	6					
sequence	other	20261004_47ed47a1	XP_073229688.1	_		traf6_binding_permissive	Motif		PLELLI	240	246	1	6					
sequence	other	20261004_47ed47a1	XP_073229688.1	_		traf6_binding_permissive	Motif		PTQVSH	524	530	1	6					
sequence	other	20261004_47ed47a1	XP_073229688.1	_		traf2_binding_strict	Motif		PEQSS	204	209	1	5					
sequence	other	20261004_47ed47a1	XP_073229688.1	_		traf2_binding_strict	Motif		PTQVS	524	529	1	5					
sequence	other	20261004_47ed47a1	XP_073229688.1	_		traf2_binding_variant	Motif		PEQSS	204	209	1	5					
sequence	other	20261004_47ed47a1	XP_073229688.1	_		traf2_binding_variant	Motif		PTQVS	524	529	1	5					
sequence	other	20261004_47ed47a1	XP_073229688.1	_		traf2_binding_permissive	Motif		PIEIPE	192	198	1	6					
sequence	other	20261004_47ed47a1	XP_073229688.1	_		traf2_binding_permissive	Motif		PEQSSA	204	210	1	6					
sequence	other	20261004_47ed47a1	XP_073229688.1	_		traf2_binding_permissive	Motif		PTQVS	524	529	1	5					
sequence	other	20261004_47ed47a1	XP_073237481.1	_		traf6_binding_strict	Motif		PEEEVY	177	183	1	6					
sequence	other	20261004_47ed47a1	XP_073237481.1	_		traf6_binding_strict	Motif		PGEMEE	239	245	1	6					
sequence	other	20261004_47ed47a1	XP_073237481.1	_		traf6_binding_permissive	Motif		PEEEVY	177	183	1	6					
sequence	other	20261004_47ed47a1	XP_073237481.1	_		traf6_binding_permissive	Motif		PGEMEE	239	245	1	6					
sequence	other	20261004_47ed47a1	XP_073237481.1	_		traf2_binding_variant	Motif		PGEME	239	244	1	5					
sequence	other	20261004_47ed47a1	XP_073237481.1	_		traf2_binding_permissive	Motif		PEEEVYA	177	184	1	7					
sequence	other	20261004_47ed47a1	XP_073237481.1	_		traf2_binding_permissive	Motif		PGEMEE	239	245	1	6					
sequence	other	20261004_47ed47a1	XP_073254454.1	_		traf6_binding_permissive	Motif		PEEFNK	379	385	1	6					
sequence	other	20261004_47ed47a1	XP_073254454.1	_		traf2_binding_permissive	Motif		PGLQLWD	43	50	1	7					
sequence	other	20261004_47ed47a1	XP_073254454.1	_		traf2_binding_permissive	Motif		PRVEATG	283	290	1	7					
sequence	other	20261004_47ed47a1	XP_073254454.1	_		traf2_binding_permissive	Motif		PRVEDVT	338	345	1	7					
sequence	other	20261004_47ed47a1	NP_001310481.1	_		traf6_binding_permissive	Motif		PLQLEL	112	118	1	6					
sequence	other	20261004_47ed47a1	NP_001310481.1	_		traf6_binding_permissive	Motif		PLQPPV	178	184	1	6					
sequence	other	20261004_47ed47a1	NP_001310481.1	_		traf6_binding_permissive	Motif		PAQTFL	197	203	1	6					
sequence	other	20261004_47ed47a1	NP_001310481.1	_		traf2_binding_variant	Motif		PLQLE	112	117	1	5					
sequence	other	20261004_47ed47a1	NP_001310481.1	_		traf2_binding_permissive	Motif		PQQKVA	34	40	1	6					
sequence	other	20261004_47ed47a1	NP_001310481.1	_		traf2_binding_permissive	Motif		PLQLE	112	117	1	5					
sequence	other	20261004_47ed47a1	NP_003780.1	_		traf6_binding_permissive	Motif		PLQLEL	112	118	1	6					
sequence	other	20261004_47ed47a1	NP_003780.1	_		traf6_binding_permissive	Motif		PLQPPV	178	184	1	6					
sequence	other	20261004_47ed47a1	NP_003780.1	_		traf6_binding_permissive	Motif		PAQTFL	197	203	1	6					
sequence	other	20261004_47ed47a1	NP_003780.1	_		traf2_binding_variant	Motif		PLQLE	112	117	1	5					
sequence	other	20261004_47ed47a1	NP_003780.1	_		traf2_binding_permissive	Motif		PQQKVA	34	40	1	6					
sequence	other	20261004_47ed47a1	NP_003780.1	_		traf2_binding_permissive	Motif		PLQLE	112	117	1	5					
