protein accession	genome accession	contig accession	sequence accession	locus start 1b	locus end 1b	strand	sequence length	feature type	feature index	feature position 1b	error
OLP79028.1	GCA_001939145.1	LSRX01001534.1		923	10074	+	9152	dss	1	33	
OLP79028.1	GCA_001939145.1	LSRX01001534.1		923	10074	+	9152	dss	2	2032	
OLP79028.1	GCA_001939145.1	LSRX01001534.1		923	10074	+	9152	dss	3	2161	
OLP79028.1	GCA_001939145.1	LSRX01001534.1		923	10074	+	9152	dss	4	2278	
OLP79028.1	GCA_001939145.1	LSRX01001534.1		923	10074	+	9152	dss	5	2711	
OLP79028.1	GCA_001939145.1	LSRX01001534.1		923	10074	+	9152	dss	6	4524	
OLP79028.1	GCA_001939145.1	LSRX01001534.1		923	10074	+	9152	dss	7	4992	
OLP79028.1	GCA_001939145.1	LSRX01001534.1		923	10074	+	9152	dss	8	5162	
OLP79028.1	GCA_001939145.1	LSRX01001534.1		923	10074	+	9152	dss	9	5270	
OLP79028.1	GCA_001939145.1	LSRX01001534.1		923	10074	+	9152	dss	10	5355	
OLP79028.1	GCA_001939145.1	LSRX01001534.1		923	10074	+	9152	dss	11	5467	
OLP79028.1	GCA_001939145.1	LSRX01001534.1		923	10074	+	9152	dss	12	5584	
OLP79028.1	GCA_001939145.1	LSRX01001534.1		923	10074	+	9152	dss	13	5659	
OLP79028.1	GCA_001939145.1	LSRX01001534.1		923	10074	+	9152	dss	14	5747	
OLP79028.1	GCA_001939145.1	LSRX01001534.1		923	10074	+	9152	dss	15	5875	
OLP79028.1	GCA_001939145.1	LSRX01001534.1		923	10074	+	9152	dss	16	6085	
OLP79028.1	GCA_001939145.1	LSRX01001534.1		923	10074	+	9152	dss	17	6608	
OLP79028.1	GCA_001939145.1	LSRX01001534.1		923	10074	+	9152	dss	18	6767	
OLP79028.1	GCA_001939145.1	LSRX01001534.1		923	10074	+	9152	dss	19	6947	
OLP79028.1	GCA_001939145.1	LSRX01001534.1		923	10074	+	9152	dss	20	7237	
OLP79028.1	GCA_001939145.1	LSRX01001534.1		923	10074	+	9152	dss	21	7641	
OLP79028.1	GCA_001939145.1	LSRX01001534.1		923	10074	+	9152	dss	22	7761	
OLP79028.1	GCA_001939145.1	LSRX01001534.1		923	10074	+	9152	dss	23	7984	
OLP79028.1	GCA_001939145.1	LSRX01001534.1		923	10074	+	9152	dss	24	8110	
OLP79028.1	GCA_001939145.1	LSRX01001534.1		923	10074	+	9152	dss	25	8216	
OLP79028.1	GCA_001939145.1	LSRX01001534.1		923	10074	+	9152	dss	26	8300	
OLP79028.1	GCA_001939145.1	LSRX01001534.1		923	10074	+	9152	dss	27	8387	
OLP79028.1	GCA_001939145.1	LSRX01001534.1		923	10074	+	9152	dss	28	8789	
OLP79028.1	GCA_001939145.1	LSRX01001534.1		923	10074	+	9152	dss	29	9077	
OLP79028.1	GCA_001939145.1	LSRX01001534.1		923	10074	+	9152	ass	1	1976	
OLP79028.1	GCA_001939145.1	LSRX01001534.1		923	10074	+	9152	ass	2	2117	
OLP79028.1	GCA_001939145.1	LSRX01001534.1		923	10074	+	9152	ass	3	2222	
OLP79028.1	GCA_001939145.1	LSRX01001534.1		923	10074	+	9152	ass	4	2658	
OLP79028.1	GCA_001939145.1	LSRX01001534.1		923	10074	+	9152	ass	5	2887	
OLP79028.1	GCA_001939145.1	LSRX01001534.1		923	10074	+	9152	ass	6	4945	
OLP79028.1	GCA_001939145.1	LSRX01001534.1		923	10074	+	9152	ass	7	5091	
OLP79028.1	GCA_001939145.1	LSRX01001534.1		923	10074	+	9152	ass	8	5228	
OLP79028.1	GCA_001939145.1	LSRX01001534.1		923	10074	+	9152	ass	9	5324	
OLP79028.1	GCA_001939145.1	LSRX01001534.1		923	10074	+	9152	ass	10	5417	
OLP79028.1	GCA_001939145.1	LSRX01001534.1		923	10074	+	9152	ass	11	5540	
OLP79028.1	GCA_001939145.1	LSRX01001534.1		923	10074	+	9152	ass	12	5634	
OLP79028.1	GCA_001939145.1	LSRX01001534.1		923	10074	+	9152	ass	13	5715	
OLP79028.1	GCA_001939145.1	LSRX01001534.1		923	10074	+	9152	ass	14	5815	
OLP79028.1	GCA_001939145.1	LSRX01001534.1		923	10074	+	9152	ass	15	5928	
OLP79028.1	GCA_001939145.1	LSRX01001534.1		923	10074	+	9152	ass	16	6555	
OLP79028.1	GCA_001939145.1	LSRX01001534.1		923	10074	+	9152	ass	17	6706	
OLP79028.1	GCA_001939145.1	LSRX01001534.1		923	10074	+	9152	ass	18	6847	
OLP79028.1	GCA_001939145.1	LSRX01001534.1		923	10074	+	9152	ass	19	7142	
OLP79028.1	GCA_001939145.1	LSRX01001534.1		923	10074	+	9152	ass	20	7576	
OLP79028.1	GCA_001939145.1	LSRX01001534.1		923	10074	+	9152	ass	21	7729	
OLP79028.1	GCA_001939145.1	LSRX01001534.1		923	10074	+	9152	ass	22	7868	
OLP79028.1	GCA_001939145.1	LSRX01001534.1		923	10074	+	9152	ass	23	8075	
OLP79028.1	GCA_001939145.1	LSRX01001534.1		923	10074	+	9152	ass	24	8183	
OLP79028.1	GCA_001939145.1	LSRX01001534.1		923	10074	+	9152	ass	25	8271	
OLP79028.1	GCA_001939145.1	LSRX01001534.1		923	10074	+	9152	ass	26	8367	
OLP79028.1	GCA_001939145.1	LSRX01001534.1		923	10074	+	9152	ass	27	8765	
OLP79028.1	GCA_001939145.1	LSRX01001534.1		923	10074	+	9152	ass	28	9034	
OLP79028.1	GCA_001939145.1	LSRX01001534.1		923	10074	+	9152	ass	29	9139	
BGNK01003376.1_K04564_a3776c6c	GCA_003297005.1	BGNK01003376.1	BGNK01003376.1_K04564_a3776c6c_with_leader_u31_PF00081_M_to_K04564_198	45553	43211	-	2343	start		1	
BGNK01003376.1_K04564_a3776c6c	GCA_003297005.1	BGNK01003376.1		45553	43211	-	2343	dss	1	228	
BGNK01003376.1_K04564_a3776c6c	GCA_003297005.1	BGNK01003376.1		45553	43211	-	2343	dss	2	532	
BGNK01003376.1_K04564_a3776c6c	GCA_003297005.1	BGNK01003376.1		45553	43211	-	2343	dss	3	2044	
BGNK01003376.1_K04564_a3776c6c	GCA_003297005.1	BGNK01003376.1		45553	43211	-	2343	ass	1	368	
BGNK01003376.1_K04564_a3776c6c	GCA_003297005.1	BGNK01003376.1		45553	43211	-	2343	ass	2	1955	
BGNK01003376.1_K04564_a3776c6c	GCA_003297005.1	BGNK01003376.1		45553	43211	-	2343	ass	3	2122	
BGPT01000358.1_K04564_070be8c8	GCA_003297045.1	BGPT01000358.1	BGPT01000358.1_K04564_070be8c8_with_leader_u34_PF00081_M_to_K04564_203	147890	147095	-	796	start		1	
BGPT01000358.1_K04564_070be8c8	GCA_003297045.1	BGPT01000358.1		147890	147095	-	796	dss	1	684	
BGPT01000358.1_K04564_070be8c8	GCA_003297045.1	BGPT01000358.1		147890	147095	-	796	ass	1	539	
CAE7445615.1	GCA_905221605.1	CAJNDS010002352.1		127071	124494	-	2578	dss	1	89	
CAE7445615.1	GCA_905221605.1	CAJNDS010002352.1		127071	124494	-	2578	dss	2	330	
CAE7445615.1	GCA_905221605.1	CAJNDS010002352.1		127071	124494	-	2578	dss	3	568	
CAE7445615.1	GCA_905221605.1	CAJNDS010002352.1		127071	124494	-	2578	dss	4	855	
CAE7445615.1	GCA_905221605.1	CAJNDS010002352.1		127071	124494	-	2578	dss	5	1316	
CAE7445615.1	GCA_905221605.1	CAJNDS010002352.1		127071	124494	-	2578	dss	6	1816	
CAE7445615.1	GCA_905221605.1	CAJNDS010002352.1		127071	124494	-	2578	dss	7	2013	
CAE7445615.1	GCA_905221605.1	CAJNDS010002352.1		127071	124494	-	2578	dss	8	2108	
CAE7445615.1	GCA_905221605.1	CAJNDS010002352.1		127071	124494	-	2578	dss	9	2430	
CAE7445615.1	GCA_905221605.1	CAJNDS010002352.1		127071	124494	-	2578	ass	1	277	
CAE7445615.1	GCA_905221605.1	CAJNDS010002352.1		127071	124494	-	2578	ass	2	507	
CAE7445615.1	GCA_905221605.1	CAJNDS010002352.1		127071	124494	-	2578	ass	3	755	
CAE7445615.1	GCA_905221605.1	CAJNDS010002352.1		127071	124494	-	2578	ass	4	1221	
CAE7445615.1	GCA_905221605.1	CAJNDS010002352.1		127071	124494	-	2578	ass	5	1751	
CAE7445615.1	GCA_905221605.1	CAJNDS010002352.1		127071	124494	-	2578	ass	6	1981	
CAE7445615.1	GCA_905221605.1	CAJNDS010002352.1		127071	124494	-	2578	ass	7	2090	
CAE7445615.1	GCA_905221605.1	CAJNDS010002352.1		127071	124494	-	2578	ass	8	2173	
CAE7445615.1	GCA_905221605.1	CAJNDS010002352.1		127071	124494	-	2578	ass	9	2529	
CAJNDS010002352.1_K04564_638e9d57	GCA_905221605.1	CAJNDS010002352.1	CAJNDS010002352.1_K04564_638e9d57_with_leader_u31_PF00081_M_to_K04564_176	126893	124694	-	2200	start		1	
CAJNDS010002352.1_K04564_638e9d57	GCA_905221605.1	CAJNDS010002352.1		126893	124694	-	2200	dss	1	159	
CAJNDS010002352.1_K04564_638e9d57	GCA_905221605.1	CAJNDS010002352.1		126893	124694	-	2200	dss	2	386	
CAJNDS010002352.1_K04564_638e9d57	GCA_905221605.1	CAJNDS010002352.1		126893	124694	-	2200	dss	3	677	
CAJNDS010002352.1_K04564_638e9d57	GCA_905221605.1	CAJNDS010002352.1		126893	124694	-	2200	dss	4	1141	
CAJNDS010002352.1_K04564_638e9d57	GCA_905221605.1	CAJNDS010002352.1		126893	124694	-	2200	dss	5	1644	
CAJNDS010002352.1_K04564_638e9d57	GCA_905221605.1	CAJNDS010002352.1		126893	124694	-	2200	dss	6	2104	
CAJNDS010002352.1_K04564_638e9d57	GCA_905221605.1	CAJNDS010002352.1		126893	124694	-	2200	ass	1	330	
CAJNDS010002352.1_K04564_638e9d57	GCA_905221605.1	CAJNDS010002352.1		126893	124694	-	2200	ass	2	609	
CAJNDS010002352.1_K04564_638e9d57	GCA_905221605.1	CAJNDS010002352.1		126893	124694	-	2200	ass	3	1046	
CAJNDS010002352.1_K04564_638e9d57	GCA_905221605.1	CAJNDS010002352.1		126893	124694	-	2200	ass	4	1564	
CAJNDS010002352.1_K04564_638e9d57	GCA_905221605.1	CAJNDS010002352.1		126893	124694	-	2200	ass	5	2015	
CAJNDS010002352.1_K04564_638e9d57	GCA_905221605.1	CAJNDS010002352.1		126893	124694	-	2200	ass	6	2159	
CAL1167723.1	GCA_947184155.2	CAMXCT020006312.1		17025	40381	+	23357	dss	1	48	
CAL1167723.1	GCA_947184155.2	CAMXCT020006312.1		17025	40381	+	23357	dss	2	1559	
CAL1167723.1	GCA_947184155.2	CAMXCT020006312.1		17025	40381	+	23357	dss	3	2602	
CAL1167723.1	GCA_947184155.2	CAMXCT020006312.1		17025	40381	+	23357	dss	4	3820	
CAL1167723.1	GCA_947184155.2	CAMXCT020006312.1		17025	40381	+	23357	dss	5	4984	
CAL1167723.1	GCA_947184155.2	CAMXCT020006312.1		17025	40381	+	23357	dss	6	5592	
CAL1167723.1	GCA_947184155.2	CAMXCT020006312.1		17025	40381	+	23357	dss	7	6850	
CAL1167723.1	GCA_947184155.2	CAMXCT020006312.1		17025	40381	+	23357	dss	8	7484	
CAL1167723.1	GCA_947184155.2	CAMXCT020006312.1		17025	40381	+	23357	dss	9	8436	
CAL1167723.1	GCA_947184155.2	CAMXCT020006312.1		17025	40381	+	23357	dss	10	8909	
CAL1167723.1	GCA_947184155.2	CAMXCT020006312.1		17025	40381	+	23357	dss	11	10076	
CAL1167723.1	GCA_947184155.2	CAMXCT020006312.1		17025	40381	+	23357	dss	12	10960	
CAL1167723.1	GCA_947184155.2	CAMXCT020006312.1		17025	40381	+	23357	dss	13	13275	
CAL1167723.1	GCA_947184155.2	CAMXCT020006312.1		17025	40381	+	23357	dss	14	14373	
CAL1167723.1	GCA_947184155.2	CAMXCT020006312.1		17025	40381	+	23357	dss	15	17576	
CAL1167723.1	GCA_947184155.2	CAMXCT020006312.1		17025	40381	+	23357	dss	16	19419	
CAL1167723.1	GCA_947184155.2	CAMXCT020006312.1		17025	40381	+	23357	dss	17	20087	
CAL1167723.1	GCA_947184155.2	CAMXCT020006312.1		17025	40381	+	23357	dss	18	20602	
CAL1167723.1	GCA_947184155.2	CAMXCT020006312.1		17025	40381	+	23357	dss	19	20923	
CAL1167723.1	GCA_947184155.2	CAMXCT020006312.1		17025	40381	+	23357	dss	20	21363	
CAL1167723.1	GCA_947184155.2	CAMXCT020006312.1		17025	40381	+	23357	ass	1	1488	
CAL1167723.1	GCA_947184155.2	CAMXCT020006312.1		17025	40381	+	23357	ass	2	2560	
CAL1167723.1	GCA_947184155.2	CAMXCT020006312.1		17025	40381	+	23357	ass	3	3789	
CAL1167723.1	GCA_947184155.2	CAMXCT020006312.1		17025	40381	+	23357	ass	4	4934	
CAL1167723.1	GCA_947184155.2	CAMXCT020006312.1		17025	40381	+	23357	ass	5	5522	
CAL1167723.1	GCA_947184155.2	CAMXCT020006312.1		17025	40381	+	23357	ass	6	6818	
CAL1167723.1	GCA_947184155.2	CAMXCT020006312.1		17025	40381	+	23357	ass	7	7392	
CAL1167723.1	GCA_947184155.2	CAMXCT020006312.1		17025	40381	+	23357	ass	8	8383	
CAL1167723.1	GCA_947184155.2	CAMXCT020006312.1		17025	40381	+	23357	ass	9	8839	
CAL1167723.1	GCA_947184155.2	CAMXCT020006312.1		17025	40381	+	23357	ass	10	9976	
CAL1167723.1	GCA_947184155.2	CAMXCT020006312.1		17025	40381	+	23357	ass	11	10888	
CAL1167723.1	GCA_947184155.2	CAMXCT020006312.1		17025	40381	+	23357	ass	12	13253	
CAL1167723.1	GCA_947184155.2	CAMXCT020006312.1		17025	40381	+	23357	ass	13	14275	
CAL1167723.1	GCA_947184155.2	CAMXCT020006312.1		17025	40381	+	23357	ass	14	17558	
CAL1167723.1	GCA_947184155.2	CAMXCT020006312.1		17025	40381	+	23357	ass	15	19395	
CAL1167723.1	GCA_947184155.2	CAMXCT020006312.1		17025	40381	+	23357	ass	16	20015	
CAL1167723.1	GCA_947184155.2	CAMXCT020006312.1		17025	40381	+	23357	ass	17	20567	
CAL1167723.1	GCA_947184155.2	CAMXCT020006312.1		17025	40381	+	23357	ass	18	20890	
CAL1167723.1	GCA_947184155.2	CAMXCT020006312.1		17025	40381	+	23357	ass	19	21334	
CAL1167723.1	GCA_947184155.2	CAMXCT020006312.1		17025	40381	+	23357	ass	20	23335	
CAMXCT020000001.1_K04564_24b48a7d	GCA_947184155.2	CAMXCT020000001.1	CAMXCT020000001.1_K04564_24b48a7d_with_leader_u26_PF00081_M_to_K04564_208	1413355	1414095	+	741	start		1	
CAMXCT020000001.1_K04564_24b48a7d	GCA_947184155.2	CAMXCT020000001.1		1413355	1414095	+	741	dss	1	117	
CAMXCT020000001.1_K04564_24b48a7d	GCA_947184155.2	CAMXCT020000001.1		1413355	1414095	+	741	ass	1	151	
CAK9047237.1	GCA_963969995.1	CAXAMM010020073.1		16	1558	+	1543	dss	1	285	
CAK9047237.1	GCA_963969995.1	CAXAMM010020073.1		16	1558	+	1543	dss	2	641	
CAK9047237.1	GCA_963969995.1	CAXAMM010020073.1		16	1558	+	1543	dss	3	974	
CAK9047237.1	GCA_963969995.1	CAXAMM010020073.1		16	1558	+	1543	dss	4	1228	
CAK9047237.1	GCA_963969995.1	CAXAMM010020073.1		16	1558	+	1543	ass	1	394	
CAK9047237.1	GCA_963969995.1	CAXAMM010020073.1		16	1558	+	1543	ass	2	764	
CAK9047237.1	GCA_963969995.1	CAXAMM010020073.1		16	1558	+	1543	ass	3	1085	
CAK9047237.1	GCA_963969995.1	CAXAMM010020073.1		16	1558	+	1543	ass	4	1317	
CAK9091470.1	GCA_963969995.1	CAXAMM010040162.1		266177	285433	+	19257	dss	1	24	
CAK9091470.1	GCA_963969995.1	CAXAMM010040162.1		266177	285433	+	19257	dss	2	287	
CAK9091470.1	GCA_963969995.1	CAXAMM010040162.1		266177	285433	+	19257	dss	3	407	
CAK9091470.1	GCA_963969995.1	CAXAMM010040162.1		266177	285433	+	19257	dss	4	632	
CAK9091470.1	GCA_963969995.1	CAXAMM010040162.1		266177	285433	+	19257	dss	5	1561	
CAK9091470.1	GCA_963969995.1	CAXAMM010040162.1		266177	285433	+	19257	dss	6	2104	
CAK9091470.1	GCA_963969995.1	CAXAMM010040162.1		266177	285433	+	19257	dss	7	2353	
CAK9091470.1	GCA_963969995.1	CAXAMM010040162.1		266177	285433	+	19257	dss	8	2687	
CAK9091470.1	GCA_963969995.1	CAXAMM010040162.1		266177	285433	+	19257	dss	9	2927	
CAK9091470.1	GCA_963969995.1	CAXAMM010040162.1		266177	285433	+	19257	dss	10	3370	
CAK9091470.1	GCA_963969995.1	CAXAMM010040162.1		266177	285433	+	19257	dss	11	3622	
CAK9091470.1	GCA_963969995.1	CAXAMM010040162.1		266177	285433	+	19257	dss	12	3899	
CAK9091470.1	GCA_963969995.1	CAXAMM010040162.1		266177	285433	+	19257	dss	13	4528	
CAK9091470.1	GCA_963969995.1	CAXAMM010040162.1		266177	285433	+	19257	dss	14	4781	
CAK9091470.1	GCA_963969995.1	CAXAMM010040162.1		266177	285433	+	19257	dss	15	5309	
CAK9091470.1	GCA_963969995.1	CAXAMM010040162.1		266177	285433	+	19257	dss	16	5498	
CAK9091470.1	GCA_963969995.1	CAXAMM010040162.1		266177	285433	+	19257	dss	17	5832	
CAK9091470.1	GCA_963969995.1	CAXAMM010040162.1		266177	285433	+	19257	dss	18	8944	
CAK9091470.1	GCA_963969995.1	CAXAMM010040162.1		266177	285433	+	19257	dss	19	9316	
CAK9091470.1	GCA_963969995.1	CAXAMM010040162.1		266177	285433	+	19257	dss	20	9884	
CAK9091470.1	GCA_963969995.1	CAXAMM010040162.1		266177	285433	+	19257	dss	21	10270	
CAK9091470.1	GCA_963969995.1	CAXAMM010040162.1		266177	285433	+	19257	dss	22	10437	
CAK9091470.1	GCA_963969995.1	CAXAMM010040162.1		266177	285433	+	19257	dss	23	10616	
CAK9091470.1	GCA_963969995.1	CAXAMM010040162.1		266177	285433	+	19257	dss	24	12008	
CAK9091470.1	GCA_963969995.1	CAXAMM010040162.1		266177	285433	+	19257	dss	25	12842	
CAK9091470.1	GCA_963969995.1	CAXAMM010040162.1		266177	285433	+	19257	dss	26	13185	
CAK9091470.1	GCA_963969995.1	CAXAMM010040162.1		266177	285433	+	19257	dss	27	13361	
CAK9091470.1	GCA_963969995.1	CAXAMM010040162.1		266177	285433	+	19257	dss	28	13956	
CAK9091470.1	GCA_963969995.1	CAXAMM010040162.1		266177	285433	+	19257	dss	29	14229	
CAK9091470.1	GCA_963969995.1	CAXAMM010040162.1		266177	285433	+	19257	dss	30	14730	
CAK9091470.1	GCA_963969995.1	CAXAMM010040162.1		266177	285433	+	19257	dss	31	15169	
CAK9091470.1	GCA_963969995.1	CAXAMM010040162.1		266177	285433	+	19257	dss	32	16520	
CAK9091470.1	GCA_963969995.1	CAXAMM010040162.1		266177	285433	+	19257	dss	33	16836	
CAK9091470.1	GCA_963969995.1	CAXAMM010040162.1		266177	285433	+	19257	dss	34	17166	
CAK9091470.1	GCA_963969995.1	CAXAMM010040162.1		266177	285433	+	19257	dss	35	17382	
CAK9091470.1	GCA_963969995.1	CAXAMM010040162.1		266177	285433	+	19257	dss	36	17978	
CAK9091470.1	GCA_963969995.1	CAXAMM010040162.1		266177	285433	+	19257	dss	37	18260	
CAK9091470.1	GCA_963969995.1	CAXAMM010040162.1		266177	285433	+	19257	dss	38	18486	
CAK9091470.1	GCA_963969995.1	CAXAMM010040162.1		266177	285433	+	19257	dss	39	18796	
CAK9091470.1	GCA_963969995.1	CAXAMM010040162.1		266177	285433	+	19257	dss	40	19039	
CAK9091470.1	GCA_963969995.1	CAXAMM010040162.1		266177	285433	+	19257	ass	1	251	
CAK9091470.1	GCA_963969995.1	CAXAMM010040162.1		266177	285433	+	19257	ass	2	350	
CAK9091470.1	GCA_963969995.1	CAXAMM010040162.1		266177	285433	+	19257	ass	3	533	
CAK9091470.1	GCA_963969995.1	CAXAMM010040162.1		266177	285433	+	19257	ass	4	1528	
CAK9091470.1	GCA_963969995.1	CAXAMM010040162.1		266177	285433	+	19257	ass	5	2076	
CAK9091470.1	GCA_963969995.1	CAXAMM010040162.1		266177	285433	+	19257	ass	6	2308	
CAK9091470.1	GCA_963969995.1	CAXAMM010040162.1		266177	285433	+	19257	ass	7	2589	
CAK9091470.1	GCA_963969995.1	CAXAMM010040162.1		266177	285433	+	19257	ass	8	2862	
CAK9091470.1	GCA_963969995.1	CAXAMM010040162.1		266177	285433	+	19257	ass	9	3330	
CAK9091470.1	GCA_963969995.1	CAXAMM010040162.1		266177	285433	+	19257	ass	10	3602	
CAK9091470.1	GCA_963969995.1	CAXAMM010040162.1		266177	285433	+	19257	ass	11	3835	
CAK9091470.1	GCA_963969995.1	CAXAMM010040162.1		266177	285433	+	19257	ass	12	4504	
CAK9091470.1	GCA_963969995.1	CAXAMM010040162.1		266177	285433	+	19257	ass	13	4732	
CAK9091470.1	GCA_963969995.1	CAXAMM010040162.1		266177	285433	+	19257	ass	14	5259	
CAK9091470.1	GCA_963969995.1	CAXAMM010040162.1		266177	285433	+	19257	ass	15	5463	
CAK9091470.1	GCA_963969995.1	CAXAMM010040162.1		266177	285433	+	19257	ass	16	5784	
CAK9091470.1	GCA_963969995.1	CAXAMM010040162.1		266177	285433	+	19257	ass	17	8916	
CAK9091470.1	GCA_963969995.1	CAXAMM010040162.1		266177	285433	+	19257	ass	18	9245	
CAK9091470.1	GCA_963969995.1	CAXAMM010040162.1		266177	285433	+	19257	ass	19	9818	
CAK9091470.1	GCA_963969995.1	CAXAMM010040162.1		266177	285433	+	19257	ass	20	10085	
CAK9091470.1	GCA_963969995.1	CAXAMM010040162.1		266177	285433	+	19257	ass	21	10346	
CAK9091470.1	GCA_963969995.1	CAXAMM010040162.1		266177	285433	+	19257	ass	22	10540	
CAK9091470.1	GCA_963969995.1	CAXAMM010040162.1		266177	285433	+	19257	ass	23	11965	
CAK9091470.1	GCA_963969995.1	CAXAMM010040162.1		266177	285433	+	19257	ass	24	12762	
CAK9091470.1	GCA_963969995.1	CAXAMM010040162.1		266177	285433	+	19257	ass	25	13159	
CAK9091470.1	GCA_963969995.1	CAXAMM010040162.1		266177	285433	+	19257	ass	26	13325	
CAK9091470.1	GCA_963969995.1	CAXAMM010040162.1		266177	285433	+	19257	ass	27	13895	
CAK9091470.1	GCA_963969995.1	CAXAMM010040162.1		266177	285433	+	19257	ass	28	14128	
CAK9091470.1	GCA_963969995.1	CAXAMM010040162.1		266177	285433	+	19257	ass	29	14635	
CAK9091470.1	GCA_963969995.1	CAXAMM010040162.1		266177	285433	+	19257	ass	30	15062	
CAK9091470.1	GCA_963969995.1	CAXAMM010040162.1		266177	285433	+	19257	ass	31	15813	
CAK9091470.1	GCA_963969995.1	CAXAMM010040162.1		266177	285433	+	19257	ass	32	16789	
CAK9091470.1	GCA_963969995.1	CAXAMM010040162.1		266177	285433	+	19257	ass	33	17036	
CAK9091470.1	GCA_963969995.1	CAXAMM010040162.1		266177	285433	+	19257	ass	34	17343	
CAK9091470.1	GCA_963969995.1	CAXAMM010040162.1		266177	285433	+	19257	ass	35	17618	
CAK9091470.1	GCA_963969995.1	CAXAMM010040162.1		266177	285433	+	19257	ass	36	18162	
CAK9091470.1	GCA_963969995.1	CAXAMM010040162.1		266177	285433	+	19257	ass	37	18437	
CAK9091470.1	GCA_963969995.1	CAXAMM010040162.1		266177	285433	+	19257	ass	38	18665	
CAK9091470.1	GCA_963969995.1	CAXAMM010040162.1		266177	285433	+	19257	ass	39	19016	
CAK9091470.1	GCA_963969995.1	CAXAMM010040162.1		266177	285433	+	19257	ass	40	19153	
CAK9100252.1	GCA_963969995.1	CAXAMM010041596.1		370345	359737	-	10609	dss	1	243	
CAK9100252.1	GCA_963969995.1	CAXAMM010041596.1		370345	359737	-	10609	dss	2	2448	
CAK9100252.1	GCA_963969995.1	CAXAMM010041596.1		370345	359737	-	10609	dss	3	2863	
CAK9100252.1	GCA_963969995.1	CAXAMM010041596.1		370345	359737	-	10609	dss	4	3312	
CAK9100252.1	GCA_963969995.1	CAXAMM010041596.1		370345	359737	-	10609	dss	5	3852	
CAK9100252.1	GCA_963969995.1	CAXAMM010041596.1		370345	359737	-	10609	dss	6	5374	
CAK9100252.1	GCA_963969995.1	CAXAMM010041596.1		370345	359737	-	10609	dss	7	5906	
CAK9100252.1	GCA_963969995.1	CAXAMM010041596.1		370345	359737	-	10609	dss	8	6478	
CAK9100252.1	GCA_963969995.1	CAXAMM010041596.1		370345	359737	-	10609	dss	9	7081	
CAK9100252.1	GCA_963969995.1	CAXAMM010041596.1		370345	359737	-	10609	dss	10	7874	
CAK9100252.1	GCA_963969995.1	CAXAMM010041596.1		370345	359737	-	10609	dss	11	8557	
CAK9100252.1	GCA_963969995.1	CAXAMM010041596.1		370345	359737	-	10609	dss	12	9094	
CAK9100252.1	GCA_963969995.1	CAXAMM010041596.1		370345	359737	-	10609	dss	13	9420	
CAK9100252.1	GCA_963969995.1	CAXAMM010041596.1		370345	359737	-	10609	ass	1	2395	
CAK9100252.1	GCA_963969995.1	CAXAMM010041596.1		370345	359737	-	10609	ass	2	2802	
CAK9100252.1	GCA_963969995.1	CAXAMM010041596.1		370345	359737	-	10609	ass	3	3241	
CAK9100252.1	GCA_963969995.1	CAXAMM010041596.1		370345	359737	-	10609	ass	4	3824	
CAK9100252.1	GCA_963969995.1	CAXAMM010041596.1		370345	359737	-	10609	ass	5	5279	
CAK9100252.1	GCA_963969995.1	CAXAMM010041596.1		370345	359737	-	10609	ass	6	5808	
CAK9100252.1	GCA_963969995.1	CAXAMM010041596.1		370345	359737	-	10609	ass	7	6460	
CAK9100252.1	GCA_963969995.1	CAXAMM010041596.1		370345	359737	-	10609	ass	8	7043	
CAK9100252.1	GCA_963969995.1	CAXAMM010041596.1		370345	359737	-	10609	ass	9	7816	
CAK9100252.1	GCA_963969995.1	CAXAMM010041596.1		370345	359737	-	10609	ass	10	8522	
CAK9100252.1	GCA_963969995.1	CAXAMM010041596.1		370345	359737	-	10609	ass	11	9061	
CAK9100252.1	GCA_963969995.1	CAXAMM010041596.1		370345	359737	-	10609	ass	12	9391	
CAK9100252.1	GCA_963969995.1	CAXAMM010041596.1		370345	359737	-	10609	ass	13	10519	
CAXAMM010020073.1_K04564_521e95f5	GCA_963969995.1	CAXAMM010020073.1	CAXAMM010020073.1_K04564_521e95f5_with_leader_u27_PF00081_M_to_K04564_197	478	1475	+	998	start		1	
CAXAMM010020073.1_K04564_521e95f5	GCA_963969995.1	CAXAMM010020073.1		478	1475	+	998	dss	1	180	
CAXAMM010020073.1_K04564_521e95f5	GCA_963969995.1	CAXAMM010020073.1		478	1475	+	998	dss	2	509	
CAXAMM010020073.1_K04564_521e95f5	GCA_963969995.1	CAXAMM010020073.1		478	1475	+	998	dss	3	760	
CAXAMM010020073.1_K04564_521e95f5	GCA_963969995.1	CAXAMM010020073.1		478	1475	+	998	ass	1	303	
CAXAMM010020073.1_K04564_521e95f5	GCA_963969995.1	CAXAMM010020073.1		478	1475	+	998	ass	2	620	
CAXAMM010020073.1_K04564_521e95f5	GCA_963969995.1	CAXAMM010020073.1		478	1475	+	998	ass	3	852	
CAXAMM010025685.1_K04564_b43539e3	GCA_963969995.1	CAXAMM010025685.1	CAXAMM010025685.1_K04564_b43539e3_with_leader_u30_PF00081_M_to_K04564_92	371	3	-	369	start		1	
CAXAMM010040162.1_K04564_a70eaf5e	GCA_963969995.1	CAXAMM010040162.1	CAXAMM010040162.1_K04564_a70eaf5e_with_leader_u18_PF00081_M_to_K04564_203	282001	282675	+	675	start		1	
CAXAMM010040162.1_K04564_f9608fa6	GCA_963969995.1	CAXAMM010040162.1	CAXAMM010040162.1_K04564_f9608fa6_with_leader_u18_PF00081_M_to_K04564_203	294422	295096	+	675	start		1	
CAXAMM010040173.1_K04564_1d3f7085	GCA_963969995.1	CAXAMM010040173.1	CAXAMM010040173.1_K04564_1d3f7085_with_leader_u18_PF00081_M_to_K04564_203	294280	294954	+	675	start		1	
CAXAMM010040173.1_K04564_b38f776c	GCA_963969995.1	CAXAMM010040173.1	CAXAMM010040173.1_K04564_b38f776c_with_leader_u18_PF00081_M_to_K04564_203	281853	282527	+	675	start		1	
CAK9032107.1	GCA_963970005.1	CAXAMN010010569.1		136779	146182	+	9404	dss	1	160	
CAK9032107.1	GCA_963970005.1	CAXAMN010010569.1		136779	146182	+	9404	dss	2	1228	
CAK9032107.1	GCA_963970005.1	CAXAMN010010569.1		136779	146182	+	9404	dss	3	1643	
CAK9032107.1	GCA_963970005.1	CAXAMN010010569.1		136779	146182	+	9404	dss	4	2092	
CAK9032107.1	GCA_963970005.1	CAXAMN010010569.1		136779	146182	+	9404	dss	5	2632	
CAK9032107.1	GCA_963970005.1	CAXAMN010010569.1		136779	146182	+	9404	dss	6	4153	
CAK9032107.1	GCA_963970005.1	CAXAMN010010569.1		136779	146182	+	9404	dss	7	4685	
CAK9032107.1	GCA_963970005.1	CAXAMN010010569.1		136779	146182	+	9404	dss	8	5257	
CAK9032107.1	GCA_963970005.1	CAXAMN010010569.1		136779	146182	+	9404	dss	9	5860	
CAK9032107.1	GCA_963970005.1	CAXAMN010010569.1		136779	146182	+	9404	dss	10	6653	
CAK9032107.1	GCA_963970005.1	CAXAMN010010569.1		136779	146182	+	9404	dss	11	7336	
CAK9032107.1	GCA_963970005.1	CAXAMN010010569.1		136779	146182	+	9404	dss	12	7873	
CAK9032107.1	GCA_963970005.1	CAXAMN010010569.1		136779	146182	+	9404	dss	13	8199	
CAK9032107.1	GCA_963970005.1	CAXAMN010010569.1		136779	146182	+	9404	ass	1	1175	
CAK9032107.1	GCA_963970005.1	CAXAMN010010569.1		136779	146182	+	9404	ass	2	1582	
CAK9032107.1	GCA_963970005.1	CAXAMN010010569.1		136779	146182	+	9404	ass	3	2021	
CAK9032107.1	GCA_963970005.1	CAXAMN010010569.1		136779	146182	+	9404	ass	4	2604	
CAK9032107.1	GCA_963970005.1	CAXAMN010010569.1		136779	146182	+	9404	ass	5	4058	
CAK9032107.1	GCA_963970005.1	CAXAMN010010569.1		136779	146182	+	9404	ass	6	4587	
CAK9032107.1	GCA_963970005.1	CAXAMN010010569.1		136779	146182	+	9404	ass	7	5239	
CAK9032107.1	GCA_963970005.1	CAXAMN010010569.1		136779	146182	+	9404	ass	8	5822	
CAK9032107.1	GCA_963970005.1	CAXAMN010010569.1		136779	146182	+	9404	ass	9	6595	
CAK9032107.1	GCA_963970005.1	CAXAMN010010569.1		136779	146182	+	9404	ass	10	7301	
CAK9032107.1	GCA_963970005.1	CAXAMN010010569.1		136779	146182	+	9404	ass	11	7840	
CAK9032107.1	GCA_963970005.1	CAXAMN010010569.1		136779	146182	+	9404	ass	12	8170	
CAK9032107.1	GCA_963970005.1	CAXAMN010010569.1		136779	146182	+	9404	ass	13	9298	
CAK9113181.1	GCA_963970005.1	CAXAMN010027806.1	CAK9113181.1_with_leader_u18_PF00081_M_to_K04564_257	310902	309874	-	1029				
CAK9113185.1	GCA_963970005.1	CAXAMN010027806.1		338992	319733	-	19260	dss	1	24	
CAK9113185.1	GCA_963970005.1	CAXAMN010027806.1		338992	319733	-	19260	dss	2	285	
CAK9113185.1	GCA_963970005.1	CAXAMN010027806.1		338992	319733	-	19260	dss	3	405	
CAK9113185.1	GCA_963970005.1	CAXAMN010027806.1		338992	319733	-	19260	dss	4	630	
CAK9113185.1	GCA_963970005.1	CAXAMN010027806.1		338992	319733	-	19260	dss	5	1559	
CAK9113185.1	GCA_963970005.1	CAXAMN010027806.1		338992	319733	-	19260	dss	6	2204	
CAK9113185.1	GCA_963970005.1	CAXAMN010027806.1		338992	319733	-	19260	dss	7	2351	
CAK9113185.1	GCA_963970005.1	CAXAMN010027806.1		338992	319733	-	19260	dss	8	2685	
CAK9113185.1	GCA_963970005.1	CAXAMN010027806.1		338992	319733	-	19260	dss	9	2925	
CAK9113185.1	GCA_963970005.1	CAXAMN010027806.1		338992	319733	-	19260	dss	10	3368	
CAK9113185.1	GCA_963970005.1	CAXAMN010027806.1		338992	319733	-	19260	dss	11	3620	
CAK9113185.1	GCA_963970005.1	CAXAMN010027806.1		338992	319733	-	19260	dss	12	3897	
CAK9113185.1	GCA_963970005.1	CAXAMN010027806.1		338992	319733	-	19260	dss	13	4526	
CAK9113185.1	GCA_963970005.1	CAXAMN010027806.1		338992	319733	-	19260	dss	14	4779	
CAK9113185.1	GCA_963970005.1	CAXAMN010027806.1		338992	319733	-	19260	dss	15	5307	
CAK9113185.1	GCA_963970005.1	CAXAMN010027806.1		338992	319733	-	19260	dss	16	5496	
CAK9113185.1	GCA_963970005.1	CAXAMN010027806.1		338992	319733	-	19260	dss	17	5830	
CAK9113185.1	GCA_963970005.1	CAXAMN010027806.1		338992	319733	-	19260	dss	18	8943	
CAK9113185.1	GCA_963970005.1	CAXAMN010027806.1		338992	319733	-	19260	dss	19	9315	
CAK9113185.1	GCA_963970005.1	CAXAMN010027806.1		338992	319733	-	19260	dss	20	9884	
CAK9113185.1	GCA_963970005.1	CAXAMN010027806.1		338992	319733	-	19260	dss	21	10270	
CAK9113185.1	GCA_963970005.1	CAXAMN010027806.1		338992	319733	-	19260	dss	22	10437	
CAK9113185.1	GCA_963970005.1	CAXAMN010027806.1		338992	319733	-	19260	dss	23	10616	
CAK9113185.1	GCA_963970005.1	CAXAMN010027806.1		338992	319733	-	19260	dss	24	11975	
CAK9113185.1	GCA_963970005.1	CAXAMN010027806.1		338992	319733	-	19260	dss	25	12842	
CAK9113185.1	GCA_963970005.1	CAXAMN010027806.1		338992	319733	-	19260	dss	26	13185	
CAK9113185.1	GCA_963970005.1	CAXAMN010027806.1		338992	319733	-	19260	dss	27	13361	
CAK9113185.1	GCA_963970005.1	CAXAMN010027806.1		338992	319733	-	19260	dss	28	13956	
CAK9113185.1	GCA_963970005.1	CAXAMN010027806.1		338992	319733	-	19260	dss	29	14229	
CAK9113185.1	GCA_963970005.1	CAXAMN010027806.1		338992	319733	-	19260	dss	30	14697	
CAK9113185.1	GCA_963970005.1	CAXAMN010027806.1		338992	319733	-	19260	dss	31	15142	
CAK9113185.1	GCA_963970005.1	CAXAMN010027806.1		338992	319733	-	19260	dss	32	15469	
CAK9113185.1	GCA_963970005.1	CAXAMN010027806.1		338992	319733	-	19260	dss	33	15772	
CAK9113185.1	GCA_963970005.1	CAXAMN010027806.1		338992	319733	-	19260	dss	34	16596	
CAK9113185.1	GCA_963970005.1	CAXAMN010027806.1		338992	319733	-	19260	dss	35	16837	
CAK9113185.1	GCA_963970005.1	CAXAMN010027806.1		338992	319733	-	19260	dss	36	17056	
CAK9113185.1	GCA_963970005.1	CAXAMN010027806.1		338992	319733	-	19260	dss	37	17168	
CAK9113185.1	GCA_963970005.1	CAXAMN010027806.1		338992	319733	-	19260	dss	38	17390	
CAK9113185.1	GCA_963970005.1	CAXAMN010027806.1		338992	319733	-	19260	dss	39	17980	
CAK9113185.1	GCA_963970005.1	CAXAMN010027806.1		338992	319733	-	19260	dss	40	18294	
CAK9113185.1	GCA_963970005.1	CAXAMN010027806.1		338992	319733	-	19260	dss	41	18798	
CAK9113185.1	GCA_963970005.1	CAXAMN010027806.1		338992	319733	-	19260	dss	42	19042	
CAK9113185.1	GCA_963970005.1	CAXAMN010027806.1		338992	319733	-	19260	ass	1	249	
CAK9113185.1	GCA_963970005.1	CAXAMN010027806.1		338992	319733	-	19260	ass	2	348	
CAK9113185.1	GCA_963970005.1	CAXAMN010027806.1		338992	319733	-	19260	ass	3	531	
CAK9113185.1	GCA_963970005.1	CAXAMN010027806.1		338992	319733	-	19260	ass	4	1526	
CAK9113185.1	GCA_963970005.1	CAXAMN010027806.1		338992	319733	-	19260	ass	5	2074	
CAK9113185.1	GCA_963970005.1	CAXAMN010027806.1		338992	319733	-	19260	ass	6	2306	
CAK9113185.1	GCA_963970005.1	CAXAMN010027806.1		338992	319733	-	19260	ass	7	2587	
CAK9113185.1	GCA_963970005.1	CAXAMN010027806.1		338992	319733	-	19260	ass	8	2860	
CAK9113185.1	GCA_963970005.1	CAXAMN010027806.1		338992	319733	-	19260	ass	9	3328	
CAK9113185.1	GCA_963970005.1	CAXAMN010027806.1		338992	319733	-	19260	ass	10	3600	
CAK9113185.1	GCA_963970005.1	CAXAMN010027806.1		338992	319733	-	19260	ass	11	3833	
CAK9113185.1	GCA_963970005.1	CAXAMN010027806.1		338992	319733	-	19260	ass	12	4502	
CAK9113185.1	GCA_963970005.1	CAXAMN010027806.1		338992	319733	-	19260	ass	13	4730	
CAK9113185.1	GCA_963970005.1	CAXAMN010027806.1		338992	319733	-	19260	ass	14	5257	
CAK9113185.1	GCA_963970005.1	CAXAMN010027806.1		338992	319733	-	19260	ass	15	5461	
CAK9113185.1	GCA_963970005.1	CAXAMN010027806.1		338992	319733	-	19260	ass	16	5782	
CAK9113185.1	GCA_963970005.1	CAXAMN010027806.1		338992	319733	-	19260	ass	17	8915	
CAK9113185.1	GCA_963970005.1	CAXAMN010027806.1		338992	319733	-	19260	ass	18	9244	
CAK9113185.1	GCA_963970005.1	CAXAMN010027806.1		338992	319733	-	19260	ass	19	9818	
CAK9113185.1	GCA_963970005.1	CAXAMN010027806.1		338992	319733	-	19260	ass	20	10085	
CAK9113185.1	GCA_963970005.1	CAXAMN010027806.1		338992	319733	-	19260	ass	21	10346	
CAK9113185.1	GCA_963970005.1	CAXAMN010027806.1		338992	319733	-	19260	ass	22	10540	
CAK9113185.1	GCA_963970005.1	CAXAMN010027806.1		338992	319733	-	19260	ass	23	11965	
CAK9113185.1	GCA_963970005.1	CAXAMN010027806.1		338992	319733	-	19260	ass	24	12762	
CAK9113185.1	GCA_963970005.1	CAXAMN010027806.1		338992	319733	-	19260	ass	25	13159	
CAK9113185.1	GCA_963970005.1	CAXAMN010027806.1		338992	319733	-	19260	ass	26	13325	
CAK9113185.1	GCA_963970005.1	CAXAMN010027806.1		338992	319733	-	19260	ass	27	13895	
CAK9113185.1	GCA_963970005.1	CAXAMN010027806.1		338992	319733	-	19260	ass	28	14128	
CAK9113185.1	GCA_963970005.1	CAXAMN010027806.1		338992	319733	-	19260	ass	29	14635	
CAK9113185.1	GCA_963970005.1	CAXAMN010027806.1		338992	319733	-	19260	ass	30	15062	
CAK9113185.1	GCA_963970005.1	CAXAMN010027806.1		338992	319733	-	19260	ass	31	15407	
CAK9113185.1	GCA_963970005.1	CAXAMN010027806.1		338992	319733	-	19260	ass	32	15699	
CAK9113185.1	GCA_963970005.1	CAXAMN010027806.1		338992	319733	-	19260	ass	33	15825	
CAK9113185.1	GCA_963970005.1	CAXAMN010027806.1		338992	319733	-	19260	ass	34	16790	
CAK9113185.1	GCA_963970005.1	CAXAMN010027806.1		338992	319733	-	19260	ass	35	17038	
CAK9113185.1	GCA_963970005.1	CAXAMN010027806.1		338992	319733	-	19260	ass	36	17141	
CAK9113185.1	GCA_963970005.1	CAXAMN010027806.1		338992	319733	-	19260	ass	37	17345	
CAK9113185.1	GCA_963970005.1	CAXAMN010027806.1		338992	319733	-	19260	ass	38	17620	
CAK9113185.1	GCA_963970005.1	CAXAMN010027806.1		338992	319733	-	19260	ass	39	18164	
CAK9113185.1	GCA_963970005.1	CAXAMN010027806.1		338992	319733	-	19260	ass	40	18667	
CAK9113185.1	GCA_963970005.1	CAXAMN010027806.1		338992	319733	-	19260	ass	41	19019	
CAK9113185.1	GCA_963970005.1	CAXAMN010027806.1		338992	319733	-	19260	ass	42	19156	
CAXAMN010027783.1_K04564_0f8290bd	GCA_963970005.1	CAXAMN010027783.1	CAXAMN010027783.1_K04564_0f8290bd_with_leader_u18_PF00081_M_to_K04564_203	323331	322657	-	675	start		1	
CAXAMN010027783.1_K04564_a5ab1868	GCA_963970005.1	CAXAMN010027783.1	CAXAMN010027783.1_K04564_a5ab1868_with_leader_u18_PF00081_M_to_K04564_203	310845	310171	-	675	start		1	
CAXAMN010027806.1_K04564_b422a675	GCA_963970005.1	CAXAMN010027806.1	CAXAMN010027806.1_K04564_b422a675_with_leader_u18_PF00081_M_to_K04564_203	310756	310082	-	675	start		1	
CAXAMN010027806.1_K04564_f0a63ebd	GCA_963970005.1	CAXAMN010027806.1	CAXAMN010027806.1_K04564_f0a63ebd_with_leader_u18_PF00081_M_to_K04564_203	323167	322493	-	675	start		1	
OZ257276.1_K04564_ace37290	GCA_965279495.1	OZ257276.1	OZ257276.1_K04564_ace37290_with_leader_u31_PF00081_M_to_K04564_198	7776999	7774652	-	2348	start		1	
OZ257276.1_K04564_ace37290	GCA_965279495.1	OZ257276.1		7776999	7774652	-	2348	dss	1	228	
OZ257276.1_K04564_ace37290	GCA_965279495.1	OZ257276.1		7776999	7774652	-	2348	dss	2	532	
OZ257276.1_K04564_ace37290	GCA_965279495.1	OZ257276.1		7776999	7774652	-	2348	dss	3	2049	
OZ257276.1_K04564_ace37290	GCA_965279495.1	OZ257276.1		7776999	7774652	-	2348	ass	1	368	
OZ257276.1_K04564_ace37290	GCA_965279495.1	OZ257276.1		7776999	7774652	-	2348	ass	2	1960	
OZ257276.1_K04564_ace37290	GCA_965279495.1	OZ257276.1		7776999	7774652	-	2348	ass	3	2127	
